{
  "nodes": [
    {
      "id": "Adriana Lazzarini",
      "group": 1,
      "song_count": 1
    },
    {
      "id": "Alan Dudley",
      "group": 1,
      "song_count": 1
    },
    {
      "id": "Alan Gilbert",
      "group": 1,
      "song_count": 1
    },
    {
      "id": "Alan Jay Lerner",
      "group": 1,
      "song_count": 1
    },
    {
      "id": "Antonio Vivaldi",
      "group": 3,
      "song_count": 3
    },
    {
      "id": "Barbara Cook",
      "group": 2,
      "song_count": 2
    },
    {
      "id": "Betty Woolfe",
      "group": 2,
      "song_count": 2
    },
    {
      "id": "Billy Strayhorn",
      "group": 10,
      "song_count": 10
    },
    {
      "id": "Bob Chisholm",
      "group": 1,
      "song_count": 1
    },
    {
      "id": "Bob Norberg",
      "group": 1,
      "song_count": 1
    },
    {
      "id": "Bob Prince",
      "group": 1,
      "song_count": 1
    },
    {
      "id": "Bob Roberts",
      "group": 1,
      "song_count": 1
    },
    {
      "id": "Buddy Collette",
      "group": 5,
      "song_count": 5
    },
    {
      "id": "Chicago Symphony Orchestra",
      "group": 3,
      "song_count": 3
    },
    {
      "id": "Chico Hamilton",
      "group": 1,
      "song_count": 1
    },
    {
      "id": "Cleveland Pops Orchestra",
      "group": 1,
      "song_count": 1
    },
    {
      "id": "Clifford Brown",
      "group": 5,
      "song_count": 5
    },
    {
      "id": "Colleen O'Connor",
      "group": 4,
      "song_count": 4
    },
    {
      "id": "Columbia Symphony Orchestra",
      "group": 1,
      "song_count": 1
    },
    {
      "id": "Curtis Counce",
      "group": 1,
      "song_count": 1
    },
    {
      "id": "Cyril Ornadel",
      "group": 10,
      "song_count": 16
    },
    {
      "id": "D. Brubeck",
      "group": 3,
      "song_count": 3
    },
    {
      "id": "Dave Brubeck",
      "group": 1,
      "song_count": 1
    },
    {
      "id": "David Thomas",
      "group": 2,
      "song_count": 2
    },
    {
      "id": "Dean Martin",
      "group": 3,
      "song_count": 3
    },
    {
      "id": "Emmy Loose",
      "group": 1,
      "song_count": 1
    },
    {
      "id": "Eugene Ormandy",
      "group": 1,
      "song_count": 1
    },
    {
      "id": "Frank Loesser",
      "group": 10,
      "song_count": 16
    },
    {
      "id": "Franz Allers",
      "group": 10,
      "song_count": 17
    },
    {
      "id": "Frederick Loewe",
      "group": 10,
      "song_count": 64
    },
    {
      "id": "Fritz Reiner",
      "group": 3,
      "song_count": 3
    },
    {
      "id": "George Morrow",
      "group": 6,
      "song_count": 6
    },
    {
      "id": "George Reeder",
      "group": 1,
      "song_count": 1
    },
    {
      "id": "Gerald Wiggins",
      "group": 1,
      "song_count": 1
    },
    {
      "id": "Giacomo Puccini",
      "group": 4,
      "song_count": 4
    },
    {
      "id": "Giuseppe Di Stefano",
      "group": 2,
      "song_count": 2
    },
    {
      "id": "Giuseppe Verdi",
      "group": 10,
      "song_count": 23
    },
    {
      "id": "Glenn Gould",
      "group": 1,
      "song_count": 1
    },
    {
      "id": "Glenn Kezer",
      "group": 4,
      "song_count": 4
    },
    {
      "id": "Gloria van Dorpe",
      "group": 4,
      "song_count": 4
    },
    {
      "id": "Goddard Lieberson",
      "group": 4,
      "song_count": 4
    },
    {
      "id": "Gordon Dilworth",
      "group": 2,
      "song_count": 2
    },
    {
      "id": "Guennadi Rojdestvenski",
      "group": 1,
      "song_count": 1
    },
    {
      "id": "Herb Surface",
      "group": 2,
      "song_count": 2
    },
    {
      "id": "Herbert Greene",
      "group": 4,
      "song_count": 4
    },
    {
      "id": "Isaac Stern",
      "group": 1,
      "song_count": 1
    },
    {
      "id": "J.C. Johnson",
      "group": 1,
      "song_count": 1
    },
    {
      "id": "Jack Matthew",
      "group": 1,
      "song_count": 1
    },
    {
      "id": "James Morris",
      "group": 2,
      "song_count": 2
    },
    {
      "id": "Jascha Heifetz",
      "group": 3,
      "song_count": 3
    },
    {
      "id": "Jimmy Hall",
      "group": 1,
      "song_count": 1
    },
    {
      "id": "Jimmy Larkin",
      "group": 1,
      "song_count": 1
    },
    {
      "id": "Jimmy McHugh",
      "group": 1,
      "song_count": 1
    },
    {
      "id": "Johann Sebastian Bach",
      "group": 3,
      "song_count": 3
    },
    {
      "id": "John Anderson",
      "group": 1,
      "song_count": 1
    },
    {
      "id": "John Henson",
      "group": 1,
      "song_count": 1
    },
    {
      "id": "Julie Andrews",
      "group": 10,
      "song_count": 28
    },
    {
      "id": "Lee Cass",
      "group": 1,
      "song_count": 1
    },
    {
      "id": "Lehman Engel",
      "group": 1,
      "song_count": 1
    },
    {
      "id": "Leonard Bernstein",
      "group": 1,
      "song_count": 1
    },
    {
      "id": "Leonard Weir",
      "group": 2,
      "song_count": 2
    },
    {
      "id": "Line Renaud",
      "group": 1,
      "song_count": 1
    },
    {
      "id": "Marc Breaux",
      "group": 1,
      "song_count": 1
    },
    {
      "id": "Maria Callas",
      "group": 2,
      "song_count": 2
    },
    {
      "id": "Max Roach",
      "group": 6,
      "song_count": 6
    },
    {
      "id": "Muriel Shaw",
      "group": 4,
      "song_count": 4
    },
    {
      "id": "My Fair Lady Ensemble",
      "group": 4,
      "song_count": 4
    },
    {
      "id": "My Fair Lady Ensemble (1959)",
      "group": 6,
      "song_count": 6
    },
    {
      "id": "My Fair Lady Orchestra (1959)",
      "group": 1,
      "song_count": 1
    },
    {
      "id": "New York Philharmonic",
      "group": 1,
      "song_count": 1
    },
    {
      "id": "Nicola Zaccaria",
      "group": 1,
      "song_count": 1
    },
    {
      "id": "Orchestra Del Teatro Alla Scala Di Milan",
      "group": 4,
      "song_count": 4
    },
    {
      "id": "Orchestra Del Teatro Alla Scala, Milano",
      "group": 4,
      "song_count": 4
    },
    {
      "id": "Orchestre Symphonique De l'U.R.S.S",
      "group": 1,
      "song_count": 1
    },
    {
      "id": "Paul Desmond",
      "group": 1,
      "song_count": 1
    },
    {
      "id": "Paul Gemignani",
      "group": 1,
      "song_count": 1
    },
    {
      "id": "Pete Johnson",
      "group": 1,
      "song_count": 1
    },
    {
      "id": "Peter Palmer",
      "group": 5,
      "song_count": 5
    },
    {
      "id": "Phil Woods",
      "group": 1,
      "song_count": 1
    },
    {
      "id": "Philadelphia Orchestra",
      "group": 1,
      "song_count": 1
    },
    {
      "id": "Philharmonia Orchestra",
      "group": 1,
      "song_count": 1
    },
    {
      "id": "Philippa Bevans",
      "group": 3,
      "song_count": 3
    },
    {
      "id": "Pyotr Ilyich Tchaikovsky",
      "group": 9,
      "song_count": 9
    },
    {
      "id": "Ralph Linn",
      "group": 1,
      "song_count": 1
    },
    {
      "id": "Reid Shelton",
      "group": 2,
      "song_count": 2
    },
    {
      "id": "Renato Ercolani",
      "group": 1,
      "song_count": 1
    },
    {
      "id": "Rex Harrison",
      "group": 10,
      "song_count": 16
    },
    {
      "id": "Richard Rodgers",
      "group": 4,
      "song_count": 4
    },
    {
      "id": "Richie Powell",
      "group": 6,
      "song_count": 6
    },
    {
      "id": "Robert Coote",
      "group": 10,
      "song_count": 11
    },
    {
      "id": "Robert McClure",
      "group": 1,
      "song_count": 1
    },
    {
      "id": "Robert Norberg",
      "group": 1,
      "song_count": 1
    },
    {
      "id": "Robert Weede",
      "group": 1,
      "song_count": 1
    },
    {
      "id": "Rod McLennan",
      "group": 2,
      "song_count": 2
    },
    {
      "id": "Rosemary Gaines",
      "group": 4,
      "song_count": 4
    },
    {
      "id": "Roy Lazarus",
      "group": 1,
      "song_count": 1
    },
    {
      "id": "Sergei Prokofiev",
      "group": 2,
      "song_count": 2
    },
    {
      "id": "Shorty Long",
      "group": 2,
      "song_count": 2
    },
    {
      "id": "Sir Thomas Beecham",
      "group": 2,
      "song_count": 2
    },
    {
      "id": "Sonny Rollins",
      "group": 10,
      "song_count": 23
    },
    {
      "id": "Spoken Word",
      "group": 1,
      "song_count": 1
    },
    {
      "id": "Stanley Holloway",
      "group": 10,
      "song_count": 10
    },
    {
      "id": "Stephen Sondheim",
      "group": 3,
      "song_count": 3
    },
    {
      "id": "Susan Johnson",
      "group": 2,
      "song_count": 2
    },
    {
      "id": "The Dave Brubeck Quartet",
      "group": 1,
      "song_count": 1
    },
    {
      "id": "The King and I Ensemble (1964) (Studio)",
      "group": 1,
      "song_count": 1
    },
    {
      "id": "The Most Happy Fella Ensemble",
      "group": 2,
      "song_count": 2
    },
    {
      "id": "The Most Happy Fella Orchestra",
      "group": 1,
      "song_count": 1
    },
    {
      "id": "The RCA Victor Symphony Orchestra",
      "group": 2,
      "song_count": 2
    },
    {
      "id": "Tito Gobbi",
      "group": 2,
      "song_count": 2
    },
    {
      "id": "Traditional",
      "group": 1,
      "song_count": 1
    },
    {
      "id": "Tullio Serafin",
      "group": 4,
      "song_count": 4
    },
    {
      "id": "Vienna State Opera Chorus",
      "group": 1,
      "song_count": 1
    },
    {
      "id": "Vladimir Golschmann",
      "group": 1,
      "song_count": 1
    },
    {
      "id": "Walter Berry",
      "group": 1,
      "song_count": 1
    },
    {
      "id": "Wiener Philharmoniker",
      "group": 2,
      "song_count": 2
    },
    {
      "id": "William Dickie",
      "group": 1,
      "song_count": 1
    },
    {
      "id": "Wolfgang Amadeus Mozart",
      "group": 5,
      "song_count": 5
    },
    {
      "id": "Zena Dare",
      "group": 1,
      "song_count": 1
    }
  ],
  "links": [
    {
      "source": "Antonio Vivaldi",
      "target": "Eugene Ormandy",
      "colab_count": 1
    },
    {
      "source": "Antonio Vivaldi",
      "target": "Isaac Stern",
      "colab_count": 1
    },
    {
      "source": "Antonio Vivaldi",
      "target": "Philadelphia Orchestra",
      "colab_count": 1
    },
    {
      "source": "Billy Strayhorn",
      "target": "Bob Prince",
      "colab_count": 1
    },
    {
      "source": "Billy Strayhorn",
      "target": "Bob Roberts",
      "colab_count": 1
    },
    {
      "source": "Billy Strayhorn",
      "target": "J.C. Johnson",
      "colab_count": 1
    },
    {
      "source": "Billy Strayhorn",
      "target": "Jimmy Larkin",
      "colab_count": 1
    },
    {
      "source": "Billy Strayhorn",
      "target": "Jimmy McHugh",
      "colab_count": 1
    },
    {
      "source": "Billy Strayhorn",
      "target": "Leonard Bernstein",
      "colab_count": 1
    },
    {
      "source": "Billy Strayhorn",
      "target": "Pete Johnson",
      "colab_count": 1
    },
    {
      "source": "Billy Strayhorn",
      "target": "Phil Woods",
      "colab_count": 1
    },
    {
      "source": "Billy Strayhorn",
      "target": "Spoken Word",
      "colab_count": 1
    },
    {
      "source": "Billy Strayhorn",
      "target": "Traditional",
      "colab_count": 1
    },
    {
      "source": "Buddy Collette",
      "target": "Chico Hamilton",
      "colab_count": 1
    },
    {
      "source": "Buddy Collette",
      "target": "Curtis Counce",
      "colab_count": 1
    },
    {
      "source": "Buddy Collette",
      "target": "Gerald Wiggins",
      "colab_count": 1
    },
    {
      "source": "Buddy Collette",
      "target": "Jimmy Hall",
      "colab_count": 1
    },
    {
      "source": "Buddy Collette",
      "target": "John Anderson",
      "colab_count": 1
    },
    {
      "source": "D. Brubeck",
      "target": "Dave Brubeck",
      "colab_count": 1
    },
    {
      "source": "D. Brubeck",
      "target": "Paul Desmond",
      "colab_count": 1
    },
    {
      "source": "D. Brubeck",
      "target": "The Dave Brubeck Quartet",
      "colab_count": 1
    },
    {
      "source": "Dean Martin",
      "target": "Bob Norberg",
      "colab_count": 1
    },
    {
      "source": "Dean Martin",
      "target": "Line Renaud",
      "colab_count": 1
    },
    {
      "source": "Dean Martin",
      "target": "Robert Norberg",
      "colab_count": 1
    },
    {
      "source": "Frank Loesser",
      "target": "Alan Gilbert",
      "colab_count": 1
    },
    {
      "source": "Frank Loesser",
      "target": "Herbert Greene",
      "colab_count": 4
    },
    {
      "source": "Frank Loesser",
      "target": "John Henson",
      "colab_count": 1
    },
    {
      "source": "Frank Loesser",
      "target": "Lee Cass",
      "colab_count": 1
    },
    {
      "source": "Frank Loesser",
      "target": "Robert Weede",
      "colab_count": 1
    },
    {
      "source": "Frank Loesser",
      "target": "Roy Lazarus",
      "colab_count": 1
    },
    {
      "source": "Frank Loesser",
      "target": "Shorty Long",
      "colab_count": 2
    },
    {
      "source": "Frank Loesser",
      "target": "Susan Johnson",
      "colab_count": 2
    },
    {
      "source": "Frank Loesser",
      "target": "The Most Happy Fella Ensemble",
      "colab_count": 2
    },
    {
      "source": "Frank Loesser",
      "target": "The Most Happy Fella Orchestra",
      "colab_count": 1
    },
    {
      "source": "Frederick Loewe",
      "target": "Alan Dudley",
      "colab_count": 1
    },
    {
      "source": "Frederick Loewe",
      "target": "Betty Woolfe",
      "colab_count": 2
    },
    {
      "source": "Frederick Loewe",
      "target": "Bob Chisholm",
      "colab_count": 1
    },
    {
      "source": "Frederick Loewe",
      "target": "Cyril Ornadel",
      "colab_count": 16
    },
    {
      "source": "Frederick Loewe",
      "target": "Franz Allers",
      "colab_count": 16
    },
    {
      "source": "Frederick Loewe",
      "target": "Julie Andrews",
      "colab_count": 6
    },
    {
      "source": "Frederick Loewe",
      "target": "Leonard Weir",
      "colab_count": 2
    },
    {
      "source": "Frederick Loewe",
      "target": "My Fair Lady Ensemble (1959)",
      "colab_count": 6
    },
    {
      "source": "Frederick Loewe",
      "target": "My Fair Lady Orchestra (1959)",
      "colab_count": 1
    },
    {
      "source": "Frederick Loewe",
      "target": "Rex Harrison",
      "colab_count": 7
    },
    {
      "source": "Frederick Loewe",
      "target": "Robert Coote",
      "colab_count": 3
    },
    {
      "source": "Frederick Loewe",
      "target": "Stanley Holloway",
      "colab_count": 2
    },
    {
      "source": "Frederick Loewe",
      "target": "Zena Dare",
      "colab_count": 1
    },
    {
      "source": "Giacomo Puccini",
      "target": "Sir Thomas Beecham",
      "colab_count": 2
    },
    {
      "source": "Giacomo Puccini",
      "target": "The RCA Victor Symphony Orchestra",
      "colab_count": 2
    },
    {
      "source": "Giuseppe Verdi",
      "target": "Adriana Lazzarini",
      "colab_count": 1
    },
    {
      "source": "Giuseppe Verdi",
      "target": "Giuseppe Di Stefano",
      "colab_count": 2
    },
    {
      "source": "Giuseppe Verdi",
      "target": "Maria Callas",
      "colab_count": 2
    },
    {
      "source": "Giuseppe Verdi",
      "target": "Nicola Zaccaria",
      "colab_count": 1
    },
    {
      "source": "Giuseppe Verdi",
      "target": "Orchestra Del Teatro Alla Scala Di Milan",
      "colab_count": 4
    },
    {
      "source": "Giuseppe Verdi",
      "target": "Orchestra Del Teatro Alla Scala, Milano",
      "colab_count": 4
    },
    {
      "source": "Giuseppe Verdi",
      "target": "Philharmonia Orchestra",
      "colab_count": 1
    },
    {
      "source": "Giuseppe Verdi",
      "target": "Renato Ercolani",
      "colab_count": 1
    },
    {
      "source": "Giuseppe Verdi",
      "target": "Tito Gobbi",
      "colab_count": 2
    },
    {
      "source": "Giuseppe Verdi",
      "target": "Tullio Serafin",
      "colab_count": 4
    },
    {
      "source": "Giuseppe Verdi",
      "target": "William Dickie",
      "colab_count": 1
    },
    {
      "source": "Goddard Lieberson",
      "target": "Alan Jay Lerner",
      "colab_count": 1
    },
    {
      "source": "Goddard Lieberson",
      "target": "Franz Allers",
      "colab_count": 1
    },
    {
      "source": "Goddard Lieberson",
      "target": "Julie Andrews",
      "colab_count": 1
    },
    {
      "source": "Goddard Lieberson",
      "target": "Rex Harrison",
      "colab_count": 1
    },
    {
      "source": "Johann Sebastian Bach",
      "target": "Columbia Symphony Orchestra",
      "colab_count": 1
    },
    {
      "source": "Johann Sebastian Bach",
      "target": "Glenn Gould",
      "colab_count": 1
    },
    {
      "source": "Johann Sebastian Bach",
      "target": "Vladimir Golschmann",
      "colab_count": 1
    },
    {
      "source": "Julie Andrews",
      "target": "Colleen O'Connor",
      "colab_count": 2
    },
    {
      "source": "Julie Andrews",
      "target": "Glenn Kezer",
      "colab_count": 2
    },
    {
      "source": "Julie Andrews",
      "target": "Gloria van Dorpe",
      "colab_count": 2
    },
    {
      "source": "Julie Andrews",
      "target": "Herb Surface",
      "colab_count": 2
    },
    {
      "source": "Julie Andrews",
      "target": "James Morris",
      "colab_count": 2
    },
    {
      "source": "Julie Andrews",
      "target": "Muriel Shaw",
      "colab_count": 2
    },
    {
      "source": "Julie Andrews",
      "target": "My Fair Lady Ensemble",
      "colab_count": 2
    },
    {
      "source": "Julie Andrews",
      "target": "Philippa Bevans",
      "colab_count": 2
    },
    {
      "source": "Julie Andrews",
      "target": "Reid Shelton",
      "colab_count": 2
    },
    {
      "source": "Julie Andrews",
      "target": "Rosemary Gaines",
      "colab_count": 2
    },
    {
      "source": "Peter Palmer",
      "target": "George Reeder",
      "colab_count": 1
    },
    {
      "source": "Peter Palmer",
      "target": "Jack Matthew",
      "colab_count": 1
    },
    {
      "source": "Peter Palmer",
      "target": "Marc Breaux",
      "colab_count": 1
    },
    {
      "source": "Peter Palmer",
      "target": "Ralph Linn",
      "colab_count": 1
    },
    {
      "source": "Peter Palmer",
      "target": "Robert McClure",
      "colab_count": 1
    },
    {
      "source": "Pyotr Ilyich Tchaikovsky",
      "target": "Chicago Symphony Orchestra",
      "colab_count": 3
    },
    {
      "source": "Pyotr Ilyich Tchaikovsky",
      "target": "Fritz Reiner",
      "colab_count": 3
    },
    {
      "source": "Pyotr Ilyich Tchaikovsky",
      "target": "Jascha Heifetz",
      "colab_count": 3
    },
    {
      "source": "Rex Harrison",
      "target": "Colleen O'Connor",
      "colab_count": 1
    },
    {
      "source": "Rex Harrison",
      "target": "Glenn Kezer",
      "colab_count": 1
    },
    {
      "source": "Rex Harrison",
      "target": "Gloria van Dorpe",
      "colab_count": 1
    },
    {
      "source": "Rex Harrison",
      "target": "Julie Andrews",
      "colab_count": 1
    },
    {
      "source": "Rex Harrison",
      "target": "Muriel Shaw",
      "colab_count": 1
    },
    {
      "source": "Rex Harrison",
      "target": "Robert Coote",
      "colab_count": 1
    },
    {
      "source": "Rex Harrison",
      "target": "Rosemary Gaines",
      "colab_count": 1
    },
    {
      "source": "Richard Rodgers",
      "target": "Barbara Cook",
      "colab_count": 1
    },
    {
      "source": "Richard Rodgers",
      "target": "Cleveland Pops Orchestra",
      "colab_count": 1
    },
    {
      "source": "Richard Rodgers",
      "target": "Lehman Engel",
      "colab_count": 1
    },
    {
      "source": "Richard Rodgers",
      "target": "The King and I Ensemble (1964) (Studio)",
      "colab_count": 1
    },
    {
      "source": "Robert Coote",
      "target": "Colleen O'Connor",
      "colab_count": 1
    },
    {
      "source": "Robert Coote",
      "target": "Glenn Kezer",
      "colab_count": 1
    },
    {
      "source": "Robert Coote",
      "target": "Gloria van Dorpe",
      "colab_count": 1
    },
    {
      "source": "Robert Coote",
      "target": "Muriel Shaw",
      "colab_count": 1
    },
    {
      "source": "Robert Coote",
      "target": "Philippa Bevans",
      "colab_count": 1
    },
    {
      "source": "Robert Coote",
      "target": "Rex Harrison",
      "colab_count": 1
    },
    {
      "source": "Robert Coote",
      "target": "Rosemary Gaines",
      "colab_count": 1
    },
    {
      "source": "Sergei Prokofiev",
      "target": "Guennadi Rojdestvenski",
      "colab_count": 1
    },
    {
      "source": "Sergei Prokofiev",
      "target": "Orchestre Symphonique De l'U.R.S.S",
      "colab_count": 1
    },
    {
      "source": "Sonny Rollins",
      "target": "Clifford Brown",
      "colab_count": 5
    },
    {
      "source": "Sonny Rollins",
      "target": "George Morrow",
      "colab_count": 6
    },
    {
      "source": "Sonny Rollins",
      "target": "Max Roach",
      "colab_count": 6
    },
    {
      "source": "Sonny Rollins",
      "target": "Richie Powell",
      "colab_count": 6
    },
    {
      "source": "Stanley Holloway",
      "target": "David Thomas",
      "colab_count": 2
    },
    {
      "source": "Stanley Holloway",
      "target": "Gordon Dilworth",
      "colab_count": 2
    },
    {
      "source": "Stanley Holloway",
      "target": "My Fair Lady Ensemble",
      "colab_count": 2
    },
    {
      "source": "Stanley Holloway",
      "target": "Rod McLennan",
      "colab_count": 2
    },
    {
      "source": "Stephen Sondheim",
      "target": "Barbara Cook",
      "colab_count": 1
    },
    {
      "source": "Stephen Sondheim",
      "target": "New York Philharmonic",
      "colab_count": 1
    },
    {
      "source": "Stephen Sondheim",
      "target": "Paul Gemignani",
      "colab_count": 1
    },
    {
      "source": "Wolfgang Amadeus Mozart",
      "target": "Emmy Loose",
      "colab_count": 1
    },
    {
      "source": "Wolfgang Amadeus Mozart",
      "target": "Vienna State Opera Chorus",
      "colab_count": 1
    },
    {
      "source": "Wolfgang Amadeus Mozart",
      "target": "Walter Berry",
      "colab_count": 1
    },
    {
      "source": "Wolfgang Amadeus Mozart",
      "target": "Wiener Philharmoniker",
      "colab_count": 2
    }
  ]
}