{
  "nodes": [
    {
      "id": "2Pac",
      "group": 3,
      "song_count": 3
    },
    {
      "id": "50 Cent",
      "group": 3,
      "song_count": 3
    },
    {
      "id": "Aesop Rock",
      "group": 1,
      "song_count": 1
    },
    {
      "id": "Alan Jackson",
      "group": 1,
      "song_count": 1
    },
    {
      "id": "Alexander Borodin",
      "group": 3,
      "song_count": 3
    },
    {
      "id": "Alexander Klinger",
      "group": 2,
      "song_count": 2
    },
    {
      "id": "Alfonso Herrera",
      "group": 10,
      "song_count": 11
    },
    {
      "id": "Amsterdam Baroque Orchestra",
      "group": 2,
      "song_count": 2
    },
    {
      "id": "Andrew Lloyd Webber",
      "group": 10,
      "song_count": 16
    },
    {
      "id": "Anne-Sophie Mutter",
      "group": 1,
      "song_count": 1
    },
    {
      "id": "Antonio Vivaldi",
      "group": 6,
      "song_count": 6
    },
    {
      "id": "Armageddon",
      "group": 1,
      "song_count": 1
    },
    {
      "id": "B.G.",
      "group": 1,
      "song_count": 1
    },
    {
      "id": "Bill Engvall",
      "group": 3,
      "song_count": 3
    },
    {
      "id": "Bill Fagerbakke",
      "group": 1,
      "song_count": 1
    },
    {
      "id": "Bo Skovhus",
      "group": 2,
      "song_count": 2
    },
    {
      "id": "Busta Rhymes",
      "group": 1,
      "song_count": 1
    },
    {
      "id": "Chingy",
      "group": 1,
      "song_count": 1
    },
    {
      "id": "Choppa",
      "group": 1,
      "song_count": 1
    },
    {
      "id": "Christina Milian",
      "group": 3,
      "song_count": 3
    },
    {
      "id": "Christina Sinatra",
      "group": 1,
      "song_count": 1
    },
    {
      "id": "Christopher von Uckermann",
      "group": 10,
      "song_count": 11
    },
    {
      "id": "Ciaran Hinds",
      "group": 1,
      "song_count": 1
    },
    {
      "id": "Clancy Brown",
      "group": 1,
      "song_count": 1
    },
    {
      "id": "Clint Black",
      "group": 1,
      "song_count": 1
    },
    {
      "id": "DJ Kay Slay",
      "group": 3,
      "song_count": 3
    },
    {
      "id": "DMX",
      "group": 1,
      "song_count": 1
    },
    {
      "id": "David Banner",
      "group": 1,
      "song_count": 1
    },
    {
      "id": "Dean Gillard",
      "group": 1,
      "song_count": 1
    },
    {
      "id": "Dee Bradley Baker",
      "group": 1,
      "song_count": 1
    },
    {
      "id": "Diddy",
      "group": 10,
      "song_count": 11
    },
    {
      "id": "Dre",
      "group": 1,
      "song_count": 1
    },
    {
      "id": "Elephant Man",
      "group": 3,
      "song_count": 3
    },
    {
      "id": "Eminem",
      "group": 4,
      "song_count": 4
    },
    {
      "id": "Emmy Rossum",
      "group": 4,
      "song_count": 4
    },
    {
      "id": "Erich Wolfgang Korngold",
      "group": 2,
      "song_count": 2
    },
    {
      "id": "Fabolous",
      "group": 1,
      "song_count": 1
    },
    {
      "id": "Fat Joe",
      "group": 2,
      "song_count": 2
    },
    {
      "id": "Fatman Scoop",
      "group": 1,
      "song_count": 1
    },
    {
      "id": "Frances Kelly",
      "group": 1,
      "song_count": 1
    },
    {
      "id": "Frank Sinatra",
      "group": 4,
      "song_count": 4
    },
    {
      "id": "Frank Sinatra Jr.",
      "group": 1,
      "song_count": 1
    },
    {
      "id": "Frayser Boy",
      "group": 1,
      "song_count": 1
    },
    {
      "id": "Freeway",
      "group": 1,
      "song_count": 1
    },
    {
      "id": "Gabriele Sima",
      "group": 2,
      "song_count": 2
    },
    {
      "id": "Gene Miller",
      "group": 1,
      "song_count": 1
    },
    {
      "id": "George Strait",
      "group": 1,
      "song_count": 1
    },
    {
      "id": "Gerard Butler",
      "group": 3,
      "song_count": 3
    },
    {
      "id": "Ginuwine",
      "group": 1,
      "song_count": 1
    },
    {
      "id": "Giz",
      "group": 1,
      "song_count": 1
    },
    {
      "id": "Gustav Mahler",
      "group": 3,
      "song_count": 3
    },
    {
      "id": "Harry Christophers",
      "group": 1,
      "song_count": 1
    },
    {
      "id": "Houston",
      "group": 3,
      "song_count": 3
    },
    {
      "id": "I-20",
      "group": 1,
      "song_count": 1
    },
    {
      "id": "Illa Ghee",
      "group": 1,
      "song_count": 1
    },
    {
      "id": "Jacki-O",
      "group": 1,
      "song_count": 1
    },
    {
      "id": "Jadakiss",
      "group": 3,
      "song_count": 3
    },
    {
      "id": "James Judd",
      "group": 1,
      "song_count": 1
    },
    {
      "id": "Janusz Monarcha",
      "group": 2,
      "song_count": 2
    },
    {
      "id": "Jazze Pha",
      "group": 1,
      "song_count": 1
    },
    {
      "id": "Jeff Foxworthy",
      "group": 1,
      "song_count": 1
    },
    {
      "id": "Jennifer Ellison",
      "group": 2,
      "song_count": 2
    },
    {
      "id": "Jermaine Dupri",
      "group": 1,
      "song_count": 1
    },
    {
      "id": "Jim Jones",
      "group": 1,
      "song_count": 1
    },
    {
      "id": "Jimmy Buffett",
      "group": 5,
      "song_count": 5
    },
    {
      "id": "Juelz Santana",
      "group": 1,
      "song_count": 1
    },
    {
      "id": "Julian Lloyd Webber",
      "group": 1,
      "song_count": 1
    },
    {
      "id": "Juvenile",
      "group": 8,
      "song_count": 8
    },
    {
      "id": "Kanye West",
      "group": 4,
      "song_count": 4
    },
    {
      "id": "Kenny Chesney",
      "group": 1,
      "song_count": 1
    },
    {
      "id": "Kiprich",
      "group": 1,
      "song_count": 1
    },
    {
      "id": "Ladysmith Black Mambazo",
      "group": 1,
      "song_count": 1
    },
    {
      "id": "Larry The Cable Guy",
      "group": 1,
      "song_count": 1
    },
    {
      "id": "Lil Jon",
      "group": 2,
      "song_count": 2
    },
    {
      "id": "Lil Jon & The East Side Boyz",
      "group": 3,
      "song_count": 3
    },
    {
      "id": "Lil Wayne",
      "group": 1,
      "song_count": 1
    },
    {
      "id": "Lil Wyte",
      "group": 1,
      "song_count": 1
    },
    {
      "id": "Lil' Flip",
      "group": 1,
      "song_count": 1
    },
    {
      "id": "Lil' Kim",
      "group": 1,
      "song_count": 1
    },
    {
      "id": "Liz Callaway",
      "group": 3,
      "song_count": 3
    },
    {
      "id": "Lloyd Banks",
      "group": 2,
      "song_count": 2
    },
    {
      "id": "London Symphony Orchestra",
      "group": 1,
      "song_count": 1
    },
    {
      "id": "Loon",
      "group": 1,
      "song_count": 1
    },
    {
      "id": "MED",
      "group": 1,
      "song_count": 1
    },
    {
      "id": "MF DOOM",
      "group": 7,
      "song_count": 7
    },
    {
      "id": "Mack 10",
      "group": 1,
      "song_count": 1
    },
    {
      "id": "Madlib",
      "group": 6,
      "song_count": 6
    },
    {
      "id": "Madvillain",
      "group": 10,
      "song_count": 18
    },
    {
      "id": "Maite Perroni",
      "group": 10,
      "song_count": 11
    },
    {
      "id": "Marina Mescheriakova",
      "group": 2,
      "song_count": 2
    },
    {
      "id": "Mario Winans",
      "group": 1,
      "song_count": 1
    },
    {
      "id": "Mase",
      "group": 1,
      "song_count": 1
    },
    {
      "id": "Mase & Puff Daddy",
      "group": 1,
      "song_count": 1
    },
    {
      "id": "Matt Ward",
      "group": 1,
      "song_count": 1
    },
    {
      "id": "Michael Halasz",
      "group": 2,
      "song_count": 2
    },
    {
      "id": "Michael Roider",
      "group": 2,
      "song_count": 2
    },
    {
      "id": "Michelle Breedt",
      "group": 2,
      "song_count": 2
    },
    {
      "id": "Miranda Richardson",
      "group": 1,
      "song_count": 1
    },
    {
      "id": "Molemen",
      "group": 3,
      "song_count": 3
    },
    {
      "id": "Mos Def",
      "group": 1,
      "song_count": 1
    },
    {
      "id": "Mr Lawrence",
      "group": 1,
      "song_count": 1
    },
    {
      "id": "Murphy Lee",
      "group": 1,
      "song_count": 1
    },
    {
      "id": "Nancy Sinatra",
      "group": 1,
      "song_count": 1
    },
    {
      "id": "Nate Dogg",
      "group": 1,
      "song_count": 1
    },
    {
      "id": "Nicolaus Esterhazy Sinfonia",
      "group": 2,
      "song_count": 2
    },
    {
      "id": "Nina Sky",
      "group": 1,
      "song_count": 1
    },
    {
      "id": "Obie Trice",
      "group": 1,
      "song_count": 1
    },
    {
      "id": "Orsolya Safar",
      "group": 2,
      "song_count": 2
    },
    {
      "id": "Patrick Wilson",
      "group": 3,
      "song_count": 3
    },
    {
      "id": "Peter Koves",
      "group": 2,
      "song_count": 2
    },
    {
      "id": "Pierre Boulez",
      "group": 1,
      "song_count": 1
    },
    {
      "id": "Pimpin Ken",
      "group": 1,
      "song_count": 1
    },
    {
      "id": "Pitbull",
      "group": 1,
      "song_count": 1
    },
    {
      "id": "Prodigy",
      "group": 1,
      "song_count": 1
    },
    {
      "id": "Quasimoto",
      "group": 2,
      "song_count": 2
    },
    {
      "id": "RBD",
      "group": 10,
      "song_count": 33
    },
    {
      "id": "Remy",
      "group": 1,
      "song_count": 1
    },
    {
      "id": "Renato Girolami",
      "group": 2,
      "song_count": 2
    },
    {
      "id": "Robert Evans",
      "group": 1,
      "song_count": 1
    },
    {
      "id": "Robert Guillaume",
      "group": 1,
      "song_count": 1
    },
    {
      "id": "Robin Jeffrey",
      "group": 1,
      "song_count": 1
    },
    {
      "id": "Rodger Bumpass",
      "group": 1,
      "song_count": 1
    },
    {
      "id": "Ron White",
      "group": 1,
      "song_count": 1
    },
    {
      "id": "Roy Jones Jr.",
      "group": 3,
      "song_count": 3
    },
    {
      "id": "Royal Philharmonic Orchestra",
      "group": 1,
      "song_count": 1
    },
    {
      "id": "Sheek",
      "group": 1,
      "song_count": 1
    },
    {
      "id": "Shyne",
      "group": 1,
      "song_count": 1
    },
    {
      "id": "Simon Callow",
      "group": 1,
      "song_count": 1
    },
    {
      "id": "Slug",
      "group": 1,
      "song_count": 1
    },
    {
      "id": "Stacy Epps",
      "group": 1,
      "song_count": 1
    },
    {
      "id": "Stat Quo",
      "group": 1,
      "song_count": 1
    },
    {
      "id": "Styles P",
      "group": 1,
      "song_count": 1
    },
    {
      "id": "Swellz",
      "group": 1,
      "song_count": 1
    },
    {
      "id": "T.I.",
      "group": 6,
      "song_count": 6
    },
    {
      "id": "Terror Squad",
      "group": 4,
      "song_count": 4
    },
    {
      "id": "The Alchemist",
      "group": 3,
      "song_count": 3
    },
    {
      "id": "The Boys Choir Of Harlem",
      "group": 1,
      "song_count": 1
    },
    {
      "id": "The Diplomats",
      "group": 2,
      "song_count": 2
    },
    {
      "id": "The Jimmy Joyce Singers",
      "group": 1,
      "song_count": 1
    },
    {
      "id": "The LOX",
      "group": 1,
      "song_count": 1
    },
    {
      "id": "The Monsters",
      "group": 1,
      "song_count": 1
    },
    {
      "id": "The Notorious B.I.G.",
      "group": 5,
      "song_count": 5
    },
    {
      "id": "The Sixteen",
      "group": 1,
      "song_count": 1
    },
    {
      "id": "Three 6 Mafia",
      "group": 1,
      "song_count": 1
    },
    {
      "id": "Toby Keith",
      "group": 1,
      "song_count": 1
    },
    {
      "id": "Tom Kenny",
      "group": 7,
      "song_count": 7
    },
    {
      "id": "Tom Wilson",
      "group": 1,
      "song_count": 1
    },
    {
      "id": "Ton Koopman",
      "group": 2,
      "song_count": 2
    },
    {
      "id": "Traditional",
      "group": 5,
      "song_count": 5
    },
    {
      "id": "Trick Daddy",
      "group": 2,
      "song_count": 2
    },
    {
      "id": "Trillville",
      "group": 1,
      "song_count": 1
    },
    {
      "id": "Twista",
      "group": 3,
      "song_count": 3
    },
    {
      "id": "Usher",
      "group": 4,
      "song_count": 4
    },
    {
      "id": "Victor Mcguire",
      "group": 1,
      "song_count": 1
    },
    {
      "id": "Viktor Vaughn",
      "group": 1,
      "song_count": 1
    },
    {
      "id": "Violeta Urmana",
      "group": 1,
      "song_count": 1
    },
    {
      "id": "Wiener Philharmoniker",
      "group": 1,
      "song_count": 1
    },
    {
      "id": "Wild Child",
      "group": 1,
      "song_count": 1
    },
    {
      "id": "Wolfgang Amadeus Mozart",
      "group": 10,
      "song_count": 24
    },
    {
      "id": "Ying Yang Twins",
      "group": 1,
      "song_count": 1
    },
    {
      "id": "Yo-Yo Ma",
      "group": 2,
      "song_count": 2
    },
    {
      "id": "Young Buck",
      "group": 1,
      "song_count": 1
    },
    {
      "id": "Youngbloodz",
      "group": 1,
      "song_count": 1
    },
    {
      "id": "Yung Wun",
      "group": 3,
      "song_count": 3
    }
  ],
  "links": [
    {
      "source": "2Pac",
      "target": "50 Cent",
      "colab_count": 1
    },
    {
      "source": "2Pac",
      "target": "Lloyd Banks",
      "colab_count": 1
    },
    {
      "source": "2Pac",
      "target": "Young Buck",
      "colab_count": 1
    },
    {
      "source": "Alexander Borodin",
      "target": "James Judd",
      "colab_count": 1
    },
    {
      "source": "Alexander Borodin",
      "target": "Julian Lloyd Webber",
      "colab_count": 1
    },
    {
      "source": "Alexander Borodin",
      "target": "Royal Philharmonic Orchestra",
      "colab_count": 1
    },
    {
      "source": "Andrew Lloyd Webber",
      "target": "Ciaran Hinds",
      "colab_count": 1
    },
    {
      "source": "Andrew Lloyd Webber",
      "target": "Emmy Rossum",
      "colab_count": 4
    },
    {
      "source": "Andrew Lloyd Webber",
      "target": "Gerard Butler",
      "colab_count": 3
    },
    {
      "source": "Andrew Lloyd Webber",
      "target": "Jennifer Ellison",
      "colab_count": 2
    },
    {
      "source": "Andrew Lloyd Webber",
      "target": "Miranda Richardson",
      "colab_count": 1
    },
    {
      "source": "Andrew Lloyd Webber",
      "target": "Patrick Wilson",
      "colab_count": 3
    },
    {
      "source": "Andrew Lloyd Webber",
      "target": "Simon Callow",
      "colab_count": 1
    },
    {
      "source": "Andrew Lloyd Webber",
      "target": "Victor Mcguire",
      "colab_count": 1
    },
    {
      "source": "Antonio Vivaldi",
      "target": "Amsterdam Baroque Orchestra",
      "colab_count": 2
    },
    {
      "source": "Antonio Vivaldi",
      "target": "Ton Koopman",
      "colab_count": 2
    },
    {
      "source": "Antonio Vivaldi",
      "target": "Yo-Yo Ma",
      "colab_count": 2
    },
    {
      "source": "Bill Engvall",
      "target": "Jeff Foxworthy",
      "colab_count": 1
    },
    {
      "source": "Bill Engvall",
      "target": "Larry The Cable Guy",
      "colab_count": 1
    },
    {
      "source": "Bill Engvall",
      "target": "Ron White",
      "colab_count": 1
    },
    {
      "source": "Christina Milian",
      "target": "Dean Gillard",
      "colab_count": 1
    },
    {
      "source": "Christina Milian",
      "target": "Fabolous",
      "colab_count": 1
    },
    {
      "source": "Christina Milian",
      "target": "Matt Ward",
      "colab_count": 1
    },
    {
      "source": "DJ Kay Slay",
      "target": "Frayser Boy",
      "colab_count": 1
    },
    {
      "source": "DJ Kay Slay",
      "target": "Lil Wyte",
      "colab_count": 1
    },
    {
      "source": "DJ Kay Slay",
      "target": "Three 6 Mafia",
      "colab_count": 1
    },
    {
      "source": "Diddy",
      "target": "50 Cent",
      "colab_count": 1
    },
    {
      "source": "Diddy",
      "target": "Busta Rhymes",
      "colab_count": 1
    },
    {
      "source": "Diddy",
      "target": "Ginuwine",
      "colab_count": 1
    },
    {
      "source": "Diddy",
      "target": "Lil' Kim",
      "colab_count": 1
    },
    {
      "source": "Diddy",
      "target": "Lloyd Banks",
      "colab_count": 1
    },
    {
      "source": "Diddy",
      "target": "Loon",
      "colab_count": 1
    },
    {
      "source": "Diddy",
      "target": "Mario Winans",
      "colab_count": 1
    },
    {
      "source": "Diddy",
      "target": "The LOX",
      "colab_count": 1
    },
    {
      "source": "Diddy",
      "target": "The Notorious B.I.G.",
      "colab_count": 2
    },
    {
      "source": "Elephant Man",
      "target": "Kiprich",
      "colab_count": 1
    },
    {
      "source": "Elephant Man",
      "target": "Twista",
      "colab_count": 1
    },
    {
      "source": "Elephant Man",
      "target": "Youngbloodz",
      "colab_count": 1
    },
    {
      "source": "Eminem",
      "target": "50 Cent",
      "colab_count": 1
    },
    {
      "source": "Eminem",
      "target": "Obie Trice",
      "colab_count": 1
    },
    {
      "source": "Eminem",
      "target": "Stat Quo",
      "colab_count": 1
    },
    {
      "source": "Erich Wolfgang Korngold",
      "target": "Anne-Sophie Mutter",
      "colab_count": 1
    },
    {
      "source": "Erich Wolfgang Korngold",
      "target": "London Symphony Orchestra",
      "colab_count": 1
    },
    {
      "source": "Frank Sinatra",
      "target": "Christina Sinatra",
      "colab_count": 1
    },
    {
      "source": "Frank Sinatra",
      "target": "Frank Sinatra Jr.",
      "colab_count": 1
    },
    {
      "source": "Frank Sinatra",
      "target": "Nancy Sinatra",
      "colab_count": 1
    },
    {
      "source": "Frank Sinatra",
      "target": "The Jimmy Joyce Singers",
      "colab_count": 1
    },
    {
      "source": "Gustav Mahler",
      "target": "Pierre Boulez",
      "colab_count": 1
    },
    {
      "source": "Gustav Mahler",
      "target": "Violeta Urmana",
      "colab_count": 1
    },
    {
      "source": "Gustav Mahler",
      "target": "Wiener Philharmoniker",
      "colab_count": 1
    },
    {
      "source": "Houston",
      "target": "Chingy",
      "colab_count": 1
    },
    {
      "source": "Houston",
      "target": "I-20",
      "colab_count": 1
    },
    {
      "source": "Houston",
      "target": "Nate Dogg",
      "colab_count": 1
    },
    {
      "source": "Jadakiss",
      "target": "Eminem",
      "colab_count": 1
    },
    {
      "source": "Jadakiss",
      "target": "Sheek",
      "colab_count": 1
    },
    {
      "source": "Jadakiss",
      "target": "Styles P",
      "colab_count": 1
    },
    {
      "source": "Jimmy Buffett",
      "target": "Alan Jackson",
      "colab_count": 1
    },
    {
      "source": "Jimmy Buffett",
      "target": "Clint Black",
      "colab_count": 1
    },
    {
      "source": "Jimmy Buffett",
      "target": "George Strait",
      "colab_count": 1
    },
    {
      "source": "Jimmy Buffett",
      "target": "Kenny Chesney",
      "colab_count": 1
    },
    {
      "source": "Jimmy Buffett",
      "target": "Toby Keith",
      "colab_count": 1
    },
    {
      "source": "Juvenile",
      "target": "B.G.",
      "colab_count": 1
    },
    {
      "source": "Juvenile",
      "target": "Fat Joe",
      "colab_count": 1
    },
    {
      "source": "Juvenile",
      "target": "Fatman Scoop",
      "colab_count": 1
    },
    {
      "source": "Juvenile",
      "target": "Jacki-O",
      "colab_count": 1
    },
    {
      "source": "Juvenile",
      "target": "Lil Jon",
      "colab_count": 1
    },
    {
      "source": "Juvenile",
      "target": "Murphy Lee",
      "colab_count": 1
    },
    {
      "source": "Juvenile",
      "target": "Pitbull",
      "colab_count": 1
    },
    {
      "source": "Juvenile",
      "target": "Ying Yang Twins",
      "colab_count": 1
    },
    {
      "source": "Kanye West",
      "target": "Freeway",
      "colab_count": 1
    },
    {
      "source": "Kanye West",
      "target": "Mos Def",
      "colab_count": 1
    },
    {
      "source": "Kanye West",
      "target": "The Boys Choir Of Harlem",
      "colab_count": 1
    },
    {
      "source": "Lil Jon & The East Side Boyz",
      "target": "Jazze Pha",
      "colab_count": 1
    },
    {
      "source": "Lil Jon & The East Side Boyz",
      "target": "Pimpin Ken",
      "colab_count": 1
    },
    {
      "source": "Lil Jon & The East Side Boyz",
      "target": "Trillville",
      "colab_count": 1
    },
    {
      "source": "Liz Callaway",
      "target": "Gene Miller",
      "colab_count": 1
    },
    {
      "source": "Liz Callaway",
      "target": "Ladysmith Black Mambazo",
      "colab_count": 1
    },
    {
      "source": "Liz Callaway",
      "target": "Robert Guillaume",
      "colab_count": 1
    },
    {
      "source": "Madvillain",
      "target": "MED",
      "colab_count": 1
    },
    {
      "source": "Madvillain",
      "target": "MF DOOM",
      "colab_count": 6
    },
    {
      "source": "Madvillain",
      "target": "Madlib",
      "colab_count": 6
    },
    {
      "source": "Madvillain",
      "target": "Quasimoto",
      "colab_count": 2
    },
    {
      "source": "Madvillain",
      "target": "Stacy Epps",
      "colab_count": 1
    },
    {
      "source": "Madvillain",
      "target": "Viktor Vaughn",
      "colab_count": 1
    },
    {
      "source": "Madvillain",
      "target": "Wild Child",
      "colab_count": 1
    },
    {
      "source": "Molemen",
      "target": "Aesop Rock",
      "colab_count": 1
    },
    {
      "source": "Molemen",
      "target": "MF DOOM",
      "colab_count": 1
    },
    {
      "source": "Molemen",
      "target": "Slug",
      "colab_count": 1
    },
    {
      "source": "RBD",
      "target": "Alfonso Herrera",
      "colab_count": 11
    },
    {
      "source": "RBD",
      "target": "Christopher von Uckermann",
      "colab_count": 11
    },
    {
      "source": "RBD",
      "target": "Maite Perroni",
      "colab_count": 11
    },
    {
      "source": "Roy Jones Jr.",
      "target": "Choppa",
      "colab_count": 1
    },
    {
      "source": "Roy Jones Jr.",
      "target": "Giz",
      "colab_count": 1
    },
    {
      "source": "Roy Jones Jr.",
      "target": "Swellz",
      "colab_count": 1
    },
    {
      "source": "T.I.",
      "target": "Lil Jon",
      "colab_count": 1
    },
    {
      "source": "T.I.",
      "target": "Lil Wayne",
      "colab_count": 1
    },
    {
      "source": "T.I.",
      "target": "Mack 10",
      "colab_count": 1
    },
    {
      "source": "T.I.",
      "target": "Trick Daddy",
      "colab_count": 2
    },
    {
      "source": "T.I.",
      "target": "Twista",
      "colab_count": 1
    },
    {
      "source": "Terror Squad",
      "target": "Armageddon",
      "colab_count": 1
    },
    {
      "source": "Terror Squad",
      "target": "Dre",
      "colab_count": 1
    },
    {
      "source": "Terror Squad",
      "target": "Fat Joe",
      "colab_count": 1
    },
    {
      "source": "Terror Squad",
      "target": "Remy",
      "colab_count": 1
    },
    {
      "source": "The Alchemist",
      "target": "Illa Ghee",
      "colab_count": 1
    },
    {
      "source": "The Alchemist",
      "target": "Nina Sky",
      "colab_count": 1
    },
    {
      "source": "The Alchemist",
      "target": "Prodigy",
      "colab_count": 1
    },
    {
      "source": "The Diplomats",
      "target": "Jim Jones",
      "colab_count": 1
    },
    {
      "source": "The Diplomats",
      "target": "Juelz Santana",
      "colab_count": 1
    },
    {
      "source": "The Notorious B.I.G.",
      "target": "Diddy",
      "colab_count": 1
    },
    {
      "source": "The Notorious B.I.G.",
      "target": "Mase",
      "colab_count": 1
    },
    {
      "source": "The Notorious B.I.G.",
      "target": "Mase & Puff Daddy",
      "colab_count": 1
    },
    {
      "source": "Tom Kenny",
      "target": "Bill Fagerbakke",
      "colab_count": 1
    },
    {
      "source": "Tom Kenny",
      "target": "Clancy Brown",
      "colab_count": 1
    },
    {
      "source": "Tom Kenny",
      "target": "Dee Bradley Baker",
      "colab_count": 1
    },
    {
      "source": "Tom Kenny",
      "target": "Mr Lawrence",
      "colab_count": 1
    },
    {
      "source": "Tom Kenny",
      "target": "Rodger Bumpass",
      "colab_count": 1
    },
    {
      "source": "Tom Kenny",
      "target": "The Monsters",
      "colab_count": 1
    },
    {
      "source": "Tom Kenny",
      "target": "Tom Wilson",
      "colab_count": 1
    },
    {
      "source": "Traditional",
      "target": "Frances Kelly",
      "colab_count": 1
    },
    {
      "source": "Traditional",
      "target": "Harry Christophers",
      "colab_count": 1
    },
    {
      "source": "Traditional",
      "target": "Robert Evans",
      "colab_count": 1
    },
    {
      "source": "Traditional",
      "target": "Robin Jeffrey",
      "colab_count": 1
    },
    {
      "source": "Traditional",
      "target": "The Sixteen",
      "colab_count": 1
    },
    {
      "source": "Usher",
      "target": "Jermaine Dupri",
      "colab_count": 1
    },
    {
      "source": "Usher",
      "target": "Kanye West",
      "colab_count": 1
    },
    {
      "source": "Usher",
      "target": "Shyne",
      "colab_count": 1
    },
    {
      "source": "Usher",
      "target": "Twista",
      "colab_count": 1
    },
    {
      "source": "Wolfgang Amadeus Mozart",
      "target": "Alexander Klinger",
      "colab_count": 2
    },
    {
      "source": "Wolfgang Amadeus Mozart",
      "target": "Bo Skovhus",
      "colab_count": 2
    },
    {
      "source": "Wolfgang Amadeus Mozart",
      "target": "Gabriele Sima",
      "colab_count": 2
    },
    {
      "source": "Wolfgang Amadeus Mozart",
      "target": "Janusz Monarcha",
      "colab_count": 2
    },
    {
      "source": "Wolfgang Amadeus Mozart",
      "target": "Marina Mescheriakova",
      "colab_count": 2
    },
    {
      "source": "Wolfgang Amadeus Mozart",
      "target": "Michael Halasz",
      "colab_count": 2
    },
    {
      "source": "Wolfgang Amadeus Mozart",
      "target": "Michael Roider",
      "colab_count": 2
    },
    {
      "source": "Wolfgang Amadeus Mozart",
      "target": "Michelle Breedt",
      "colab_count": 2
    },
    {
      "source": "Wolfgang Amadeus Mozart",
      "target": "Nicolaus Esterhazy Sinfonia",
      "colab_count": 2
    },
    {
      "source": "Wolfgang Amadeus Mozart",
      "target": "Orsolya Safar",
      "colab_count": 2
    },
    {
      "source": "Wolfgang Amadeus Mozart",
      "target": "Peter Koves",
      "colab_count": 2
    },
    {
      "source": "Wolfgang Amadeus Mozart",
      "target": "Renato Girolami",
      "colab_count": 2
    },
    {
      "source": "Yung Wun",
      "target": "DMX",
      "colab_count": 1
    },
    {
      "source": "Yung Wun",
      "target": "David Banner",
      "colab_count": 1
    },
    {
      "source": "Yung Wun",
      "target": "Lil' Flip",
      "colab_count": 1
    }
  ]
}