{
  "nodes": [
    {
      "id": "2Pac",
      "group": 6,
      "song_count": 6
    },
    {
      "id": "A Tribe Called Quest",
      "group": 4,
      "song_count": 4
    },
    {
      "id": "AMG",
      "group": 1,
      "song_count": 1
    },
    {
      "id": "Alan Watts",
      "group": 6,
      "song_count": 6
    },
    {
      "id": "Alison Krauss",
      "group": 1,
      "song_count": 1
    },
    {
      "id": "Anonymous",
      "group": 1,
      "song_count": 1
    },
    {
      "id": "Anthony Halstead",
      "group": 1,
      "song_count": 1
    },
    {
      "id": "Anton Gisler",
      "group": 1,
      "song_count": 1
    },
    {
      "id": "Armageddon",
      "group": 1,
      "song_count": 1
    },
    {
      "id": "B-Legit",
      "group": 1,
      "song_count": 1
    },
    {
      "id": "Beanie Sigel",
      "group": 1,
      "song_count": 1
    },
    {
      "id": "Beth Fowler",
      "group": 1,
      "song_count": 1
    },
    {
      "id": "Big Ed",
      "group": 2,
      "song_count": 2
    },
    {
      "id": "Big Gipp",
      "group": 1,
      "song_count": 1
    },
    {
      "id": "Big Pun",
      "group": 8,
      "song_count": 8
    },
    {
      "id": "Big Stan",
      "group": 1,
      "song_count": 1
    },
    {
      "id": "Big Tymers",
      "group": 2,
      "song_count": 2
    },
    {
      "id": "Black Star",
      "group": 3,
      "song_count": 3
    },
    {
      "id": "Bun B",
      "group": 1,
      "song_count": 1
    },
    {
      "id": "C-Loc",
      "group": 1,
      "song_count": 1
    },
    {
      "id": "C-Murder",
      "group": 10,
      "song_count": 12
    },
    {
      "id": "C-PO",
      "group": 1,
      "song_count": 1
    },
    {
      "id": "Canibus",
      "group": 1,
      "song_count": 1
    },
    {
      "id": "Celly Cel",
      "group": 4,
      "song_count": 4
    },
    {
      "id": "Chick Corea",
      "group": 1,
      "song_count": 1
    },
    {
      "id": "Choir of King's College, Cambridge",
      "group": 1,
      "song_count": 1
    },
    {
      "id": "Chorus - Mulan",
      "group": 1,
      "song_count": 1
    },
    {
      "id": "Cleveland Orchestra",
      "group": 1,
      "song_count": 1
    },
    {
      "id": "Clint Black",
      "group": 1,
      "song_count": 1
    },
    {
      "id": "Cuban Link",
      "group": 2,
      "song_count": 2
    },
    {
      "id": "D.E.A. Dead End Alliance",
      "group": 5,
      "song_count": 5
    },
    {
      "id": "DJ Clue",
      "group": 8,
      "song_count": 8
    },
    {
      "id": "DJ Quik",
      "group": 3,
      "song_count": 3
    },
    {
      "id": "DMX",
      "group": 5,
      "song_count": 5
    },
    {
      "id": "Danny Boy",
      "group": 1,
      "song_count": 1
    },
    {
      "id": "Darryl Dickson",
      "group": 1,
      "song_count": 1
    },
    {
      "id": "Dave Holland",
      "group": 1,
      "song_count": 1
    },
    {
      "id": "David Watson",
      "group": 1,
      "song_count": 1
    },
    {
      "id": "Dietmar Zeman",
      "group": 1,
      "song_count": 1
    },
    {
      "id": "Drag-On",
      "group": 2,
      "song_count": 2
    },
    {
      "id": "Dru Down",
      "group": 1,
      "song_count": 1
    },
    {
      "id": "Dwight Yoakam",
      "group": 1,
      "song_count": 1
    },
    {
      "id": "E-40",
      "group": 1,
      "song_count": 1
    },
    {
      "id": "Earl Scruggs",
      "group": 1,
      "song_count": 1
    },
    {
      "id": "Edgar Meyer",
      "group": 3,
      "song_count": 3
    },
    {
      "id": "Elizabeth Poston",
      "group": 3,
      "song_count": 3
    },
    {
      "id": "Emmylou Harris",
      "group": 1,
      "song_count": 1
    },
    {
      "id": "Eve",
      "group": 1,
      "song_count": 1
    },
    {
      "id": "Fat Joe",
      "group": 8,
      "song_count": 8
    },
    {
      "id": "Fat Pat",
      "group": 1,
      "song_count": 1
    },
    {
      "id": "Fiend",
      "group": 2,
      "song_count": 2
    },
    {
      "id": "Fred Maxwell",
      "group": 1,
      "song_count": 1
    },
    {
      "id": "Gangsta T",
      "group": 1,
      "song_count": 1
    },
    {
      "id": "Gary Burton",
      "group": 4,
      "song_count": 4
    },
    {
      "id": "H.A.W.K.",
      "group": 1,
      "song_count": 1
    },
    {
      "id": "Harvey Fierstein",
      "group": 1,
      "song_count": 1
    },
    {
      "id": "Holland Tunnel Project",
      "group": 1,
      "song_count": 1
    },
    {
      "id": "Hot Boys",
      "group": 2,
      "song_count": 2
    },
    {
      "id": "JAY-Z",
      "group": 3,
      "song_count": 3
    },
    {
      "id": "Jadakiss",
      "group": 3,
      "song_count": 3
    },
    {
      "id": "James Hong",
      "group": 1,
      "song_count": 1
    },
    {
      "id": "James Vivian",
      "group": 1,
      "song_count": 1
    },
    {
      "id": "Jane Doe",
      "group": 2,
      "song_count": 2
    },
    {
      "id": "Jerry Tondo",
      "group": 1,
      "song_count": 1
    },
    {
      "id": "Joe Diffie",
      "group": 1,
      "song_count": 1
    },
    {
      "id": "Johann Sebastian Bach",
      "group": 5,
      "song_count": 5
    },
    {
      "id": "Josh Milan",
      "group": 1,
      "song_count": 1
    },
    {
      "id": "Joshua Bell",
      "group": 1,
      "song_count": 1
    },
    {
      "id": "Juvenile",
      "group": 9,
      "song_count": 9
    },
    {
      "id": "Kane & Abel",
      "group": 1,
      "song_count": 1
    },
    {
      "id": "Kasino",
      "group": 1,
      "song_count": 1
    },
    {
      "id": "Kay-K",
      "group": 1,
      "song_count": 1
    },
    {
      "id": "Khujo",
      "group": 1,
      "song_count": 1
    },
    {
      "id": "King George",
      "group": 1,
      "song_count": 1
    },
    {
      "id": "Krystian Zimerman",
      "group": 1,
      "song_count": 1
    },
    {
      "id": "Lea Salonga",
      "group": 7,
      "song_count": 7
    },
    {
      "id": "Lil Keke",
      "group": 1,
      "song_count": 1
    },
    {
      "id": "Lil Wayne",
      "group": 2,
      "song_count": 2
    },
    {
      "id": "Lil' Gotti",
      "group": 1,
      "song_count": 1
    },
    {
      "id": "Loose",
      "group": 1,
      "song_count": 1
    },
    {
      "id": "Luigi Boccherini",
      "group": 3,
      "song_count": 3
    },
    {
      "id": "Mac",
      "group": 2,
      "song_count": 2
    },
    {
      "id": "Mack 10",
      "group": 1,
      "song_count": 1
    },
    {
      "id": "Marni Nixon",
      "group": 1,
      "song_count": 1
    },
    {
      "id": "Marty Stuart",
      "group": 10,
      "song_count": 12
    },
    {
      "id": "Master P",
      "group": 4,
      "song_count": 4
    },
    {
      "id": "Matthew Wilder",
      "group": 1,
      "song_count": 1
    },
    {
      "id": "Maurice Ravel",
      "group": 3,
      "song_count": 3
    },
    {
      "id": "Mausberg",
      "group": 1,
      "song_count": 1
    },
    {
      "id": "Merle Haggard",
      "group": 1,
      "song_count": 1
    },
    {
      "id": "Mia X",
      "group": 2,
      "song_count": 2
    },
    {
      "id": "Mike D",
      "group": 1,
      "song_count": 1
    },
    {
      "id": "Mike Marshall",
      "group": 1,
      "song_count": 1
    },
    {
      "id": "Mos Def",
      "group": 1,
      "song_count": 1
    },
    {
      "id": "Mystikal",
      "group": 2,
      "song_count": 2
    },
    {
      "id": "N.O.R.E.",
      "group": 5,
      "song_count": 5
    },
    {
      "id": "Nas",
      "group": 1,
      "song_count": 1
    },
    {
      "id": "Nate Dogg",
      "group": 1,
      "song_count": 1
    },
    {
      "id": "Nature",
      "group": 1,
      "song_count": 1
    },
    {
      "id": "Nicholas Daniel",
      "group": 1,
      "song_count": 1
    },
    {
      "id": "Noel Edison",
      "group": 1,
      "song_count": 1
    },
    {
      "id": "OutKast",
      "group": 3,
      "song_count": 3
    },
    {
      "id": "Pam Tillis",
      "group": 1,
      "song_count": 1
    },
    {
      "id": "Paparue",
      "group": 1,
      "song_count": 1
    },
    {
      "id": "Pat Metheny",
      "group": 1,
      "song_count": 1
    },
    {
      "id": "Patty Loveless",
      "group": 1,
      "song_count": 1
    },
    {
      "id": "Pierre Boulez",
      "group": 1,
      "song_count": 1
    },
    {
      "id": "Pimp C",
      "group": 1,
      "song_count": 1
    },
    {
      "id": "Punch",
      "group": 1,
      "song_count": 1
    },
    {
      "id": "Punchline",
      "group": 1,
      "song_count": 1
    },
    {
      "id": "Raekwon",
      "group": 1,
      "song_count": 1
    },
    {
      "id": "Randy Travis",
      "group": 1,
      "song_count": 1
    },
    {
      "id": "Rappin' 4-Tay",
      "group": 1,
      "song_count": 1
    },
    {
      "id": "Ricky Skaggs",
      "group": 1,
      "song_count": 1
    },
    {
      "id": "Rob Gosier",
      "group": 1,
      "song_count": 1
    },
    {
      "id": "Robert Quinney",
      "group": 1,
      "song_count": 1
    },
    {
      "id": "Roy Haynes",
      "group": 1,
      "song_count": 1
    },
    {
      "id": "Sam Bush",
      "group": 1,
      "song_count": 1
    },
    {
      "id": "Sauce Money",
      "group": 1,
      "song_count": 1
    },
    {
      "id": "Scottish Chamber Orchestra",
      "group": 1,
      "song_count": 1
    },
    {
      "id": "Silkk The Shocker",
      "group": 10,
      "song_count": 11
    },
    {
      "id": "Skull Duggery",
      "group": 1,
      "song_count": 1
    },
    {
      "id": "Snoop Dogg",
      "group": 1,
      "song_count": 1
    },
    {
      "id": "Steady Mobb'n",
      "group": 1,
      "song_count": 1
    },
    {
      "id": "Stephen Cleobury",
      "group": 1,
      "song_count": 1
    },
    {
      "id": "Styles",
      "group": 1,
      "song_count": 1
    },
    {
      "id": "Styles P",
      "group": 1,
      "song_count": 1
    },
    {
      "id": "Suga Free",
      "group": 1,
      "song_count": 1
    },
    {
      "id": "Syke",
      "group": 1,
      "song_count": 1
    },
    {
      "id": "TMO",
      "group": 1,
      "song_count": 1
    },
    {
      "id": "The Elora Singers",
      "group": 1,
      "song_count": 1
    },
    {
      "id": "The LOX",
      "group": 1,
      "song_count": 1
    },
    {
      "id": "Tim Hugh",
      "group": 1,
      "song_count": 1
    },
    {
      "id": "Travis Tritt",
      "group": 1,
      "song_count": 1
    },
    {
      "id": "Triple Seis",
      "group": 2,
      "song_count": 2
    },
    {
      "id": "Turk",
      "group": 2,
      "song_count": 2
    },
    {
      "id": "Werner Tripp",
      "group": 1,
      "song_count": 1
    },
    {
      "id": "Wiener Philharmoniker",
      "group": 2,
      "song_count": 2
    },
    {
      "id": "Wolfgang Amadeus Mozart",
      "group": 5,
      "song_count": 5
    },
    {
      "id": "Words",
      "group": 1,
      "song_count": 1
    },
    {
      "id": "Wordsworth",
      "group": 1,
      "song_count": 1
    },
    {
      "id": "Young Bleed",
      "group": 6,
      "song_count": 6
    }
  ],
  "links": [
    {
      "source": "2Pac",
      "target": "C-PO",
      "colab_count": 1
    },
    {
      "source": "2Pac",
      "target": "Danny Boy",
      "colab_count": 1
    },
    {
      "source": "2Pac",
      "target": "Dru Down",
      "colab_count": 1
    },
    {
      "source": "2Pac",
      "target": "Nate Dogg",
      "colab_count": 1
    },
    {
      "source": "2Pac",
      "target": "Snoop Dogg",
      "colab_count": 1
    },
    {
      "source": "2Pac",
      "target": "Syke",
      "colab_count": 1
    },
    {
      "source": "A Tribe Called Quest",
      "target": "Jane Doe",
      "colab_count": 1
    },
    {
      "source": "A Tribe Called Quest",
      "target": "Mos Def",
      "colab_count": 1
    },
    {
      "source": "A Tribe Called Quest",
      "target": "Punchline",
      "colab_count": 1
    },
    {
      "source": "A Tribe Called Quest",
      "target": "Wordsworth",
      "colab_count": 1
    },
    {
      "source": "Alan Watts",
      "target": "Darryl Dickson",
      "colab_count": 1
    },
    {
      "source": "Alan Watts",
      "target": "David Watson",
      "colab_count": 1
    },
    {
      "source": "Alan Watts",
      "target": "Fred Maxwell",
      "colab_count": 1
    },
    {
      "source": "Alan Watts",
      "target": "Holland Tunnel Project",
      "colab_count": 1
    },
    {
      "source": "Alan Watts",
      "target": "Josh Milan",
      "colab_count": 1
    },
    {
      "source": "Alan Watts",
      "target": "Rob Gosier",
      "colab_count": 1
    },
    {
      "source": "Big Pun",
      "target": "Armageddon",
      "colab_count": 1
    },
    {
      "source": "Big Pun",
      "target": "Cuban Link",
      "colab_count": 1
    },
    {
      "source": "Big Pun",
      "target": "Fat Joe",
      "colab_count": 1
    },
    {
      "source": "Big Pun",
      "target": "Triple Seis",
      "colab_count": 1
    },
    {
      "source": "Black Star",
      "target": "Jane Doe",
      "colab_count": 1
    },
    {
      "source": "Black Star",
      "target": "Punch",
      "colab_count": 1
    },
    {
      "source": "Black Star",
      "target": "Words",
      "colab_count": 1
    },
    {
      "source": "C-Murder",
      "target": "Big Ed",
      "colab_count": 1
    },
    {
      "source": "C-Murder",
      "target": "Bun B",
      "colab_count": 1
    },
    {
      "source": "C-Murder",
      "target": "Fiend",
      "colab_count": 1
    },
    {
      "source": "C-Murder",
      "target": "Kane & Abel",
      "colab_count": 1
    },
    {
      "source": "C-Murder",
      "target": "Mac",
      "colab_count": 1
    },
    {
      "source": "C-Murder",
      "target": "Master P",
      "colab_count": 2
    },
    {
      "source": "C-Murder",
      "target": "Mia X",
      "colab_count": 1
    },
    {
      "source": "C-Murder",
      "target": "Mystikal",
      "colab_count": 1
    },
    {
      "source": "C-Murder",
      "target": "Pimp C",
      "colab_count": 1
    },
    {
      "source": "C-Murder",
      "target": "Silkk The Shocker",
      "colab_count": 1
    },
    {
      "source": "Celly Cel",
      "target": "B-Legit",
      "colab_count": 1
    },
    {
      "source": "Celly Cel",
      "target": "E-40",
      "colab_count": 1
    },
    {
      "source": "Celly Cel",
      "target": "Mack 10",
      "colab_count": 1
    },
    {
      "source": "Celly Cel",
      "target": "Rappin' 4-Tay",
      "colab_count": 1
    },
    {
      "source": "D.E.A. Dead End Alliance",
      "target": "Fat Pat",
      "colab_count": 1
    },
    {
      "source": "D.E.A. Dead End Alliance",
      "target": "H.A.W.K.",
      "colab_count": 1
    },
    {
      "source": "D.E.A. Dead End Alliance",
      "target": "Kay-K",
      "colab_count": 1
    },
    {
      "source": "D.E.A. Dead End Alliance",
      "target": "Lil Keke",
      "colab_count": 1
    },
    {
      "source": "D.E.A. Dead End Alliance",
      "target": "Mike D",
      "colab_count": 1
    },
    {
      "source": "DJ Clue",
      "target": "Big Pun",
      "colab_count": 1
    },
    {
      "source": "DJ Clue",
      "target": "Canibus",
      "colab_count": 1
    },
    {
      "source": "DJ Clue",
      "target": "DMX",
      "colab_count": 1
    },
    {
      "source": "DJ Clue",
      "target": "Drag-On",
      "colab_count": 1
    },
    {
      "source": "DJ Clue",
      "target": "Eve",
      "colab_count": 1
    },
    {
      "source": "DJ Clue",
      "target": "Jadakiss",
      "colab_count": 1
    },
    {
      "source": "DJ Clue",
      "target": "N.O.R.E.",
      "colab_count": 1
    },
    {
      "source": "DJ Clue",
      "target": "Styles",
      "colab_count": 1
    },
    {
      "source": "DJ Quik",
      "target": "AMG",
      "colab_count": 1
    },
    {
      "source": "DJ Quik",
      "target": "Mausberg",
      "colab_count": 1
    },
    {
      "source": "DJ Quik",
      "target": "Suga Free",
      "colab_count": 1
    },
    {
      "source": "DMX",
      "target": "Big Stan",
      "colab_count": 1
    },
    {
      "source": "DMX",
      "target": "Drag-On",
      "colab_count": 1
    },
    {
      "source": "DMX",
      "target": "Kasino",
      "colab_count": 1
    },
    {
      "source": "DMX",
      "target": "Loose",
      "colab_count": 1
    },
    {
      "source": "Edgar Meyer",
      "target": "Joshua Bell",
      "colab_count": 1
    },
    {
      "source": "Edgar Meyer",
      "target": "Mike Marshall",
      "colab_count": 1
    },
    {
      "source": "Edgar Meyer",
      "target": "Sam Bush",
      "colab_count": 1
    },
    {
      "source": "Elizabeth Poston",
      "target": "Anonymous",
      "colab_count": 1
    },
    {
      "source": "Elizabeth Poston",
      "target": "Noel Edison",
      "colab_count": 1
    },
    {
      "source": "Elizabeth Poston",
      "target": "The Elora Singers",
      "colab_count": 1
    },
    {
      "source": "Fat Joe",
      "target": "Big Pun",
      "colab_count": 2
    },
    {
      "source": "Fat Joe",
      "target": "Cuban Link",
      "colab_count": 1
    },
    {
      "source": "Fat Joe",
      "target": "Jadakiss",
      "colab_count": 1
    },
    {
      "source": "Fat Joe",
      "target": "Nas",
      "colab_count": 1
    },
    {
      "source": "Fat Joe",
      "target": "Raekwon",
      "colab_count": 1
    },
    {
      "source": "Fat Joe",
      "target": "Triple Seis",
      "colab_count": 1
    },
    {
      "source": "Gary Burton",
      "target": "Chick Corea",
      "colab_count": 1
    },
    {
      "source": "Gary Burton",
      "target": "Dave Holland",
      "colab_count": 1
    },
    {
      "source": "Gary Burton",
      "target": "Pat Metheny",
      "colab_count": 1
    },
    {
      "source": "Gary Burton",
      "target": "Roy Haynes",
      "colab_count": 1
    },
    {
      "source": "JAY-Z",
      "target": "Beanie Sigel",
      "colab_count": 1
    },
    {
      "source": "JAY-Z",
      "target": "Sauce Money",
      "colab_count": 1
    },
    {
      "source": "JAY-Z",
      "target": "The LOX",
      "colab_count": 1
    },
    {
      "source": "Johann Sebastian Bach",
      "target": "Choir of King's College, Cambridge",
      "colab_count": 1
    },
    {
      "source": "Johann Sebastian Bach",
      "target": "James Vivian",
      "colab_count": 1
    },
    {
      "source": "Johann Sebastian Bach",
      "target": "Nicholas Daniel",
      "colab_count": 1
    },
    {
      "source": "Johann Sebastian Bach",
      "target": "Robert Quinney",
      "colab_count": 1
    },
    {
      "source": "Johann Sebastian Bach",
      "target": "Stephen Cleobury",
      "colab_count": 1
    },
    {
      "source": "Juvenile",
      "target": "Big Tymers",
      "colab_count": 2
    },
    {
      "source": "Juvenile",
      "target": "Hot Boys",
      "colab_count": 2
    },
    {
      "source": "Juvenile",
      "target": "Lil Wayne",
      "colab_count": 2
    },
    {
      "source": "Juvenile",
      "target": "Paparue",
      "colab_count": 1
    },
    {
      "source": "Juvenile",
      "target": "Turk",
      "colab_count": 2
    },
    {
      "source": "Lea Salonga",
      "target": "Beth Fowler",
      "colab_count": 1
    },
    {
      "source": "Lea Salonga",
      "target": "Chorus - Mulan",
      "colab_count": 1
    },
    {
      "source": "Lea Salonga",
      "target": "Harvey Fierstein",
      "colab_count": 1
    },
    {
      "source": "Lea Salonga",
      "target": "James Hong",
      "colab_count": 1
    },
    {
      "source": "Lea Salonga",
      "target": "Jerry Tondo",
      "colab_count": 1
    },
    {
      "source": "Lea Salonga",
      "target": "Marni Nixon",
      "colab_count": 1
    },
    {
      "source": "Lea Salonga",
      "target": "Matthew Wilder",
      "colab_count": 1
    },
    {
      "source": "Luigi Boccherini",
      "target": "Anthony Halstead",
      "colab_count": 1
    },
    {
      "source": "Luigi Boccherini",
      "target": "Scottish Chamber Orchestra",
      "colab_count": 1
    },
    {
      "source": "Luigi Boccherini",
      "target": "Tim Hugh",
      "colab_count": 1
    },
    {
      "source": "Marty Stuart",
      "target": "Alison Krauss",
      "colab_count": 1
    },
    {
      "source": "Marty Stuart",
      "target": "Clint Black",
      "colab_count": 1
    },
    {
      "source": "Marty Stuart",
      "target": "Dwight Yoakam",
      "colab_count": 1
    },
    {
      "source": "Marty Stuart",
      "target": "Earl Scruggs",
      "colab_count": 1
    },
    {
      "source": "Marty Stuart",
      "target": "Emmylou Harris",
      "colab_count": 1
    },
    {
      "source": "Marty Stuart",
      "target": "Joe Diffie",
      "colab_count": 1
    },
    {
      "source": "Marty Stuart",
      "target": "Merle Haggard",
      "colab_count": 1
    },
    {
      "source": "Marty Stuart",
      "target": "Pam Tillis",
      "colab_count": 1
    },
    {
      "source": "Marty Stuart",
      "target": "Patty Loveless",
      "colab_count": 1
    },
    {
      "source": "Marty Stuart",
      "target": "Randy Travis",
      "colab_count": 1
    },
    {
      "source": "Marty Stuart",
      "target": "Ricky Skaggs",
      "colab_count": 1
    },
    {
      "source": "Marty Stuart",
      "target": "Travis Tritt",
      "colab_count": 1
    },
    {
      "source": "Maurice Ravel",
      "target": "Cleveland Orchestra",
      "colab_count": 1
    },
    {
      "source": "Maurice Ravel",
      "target": "Krystian Zimerman",
      "colab_count": 1
    },
    {
      "source": "Maurice Ravel",
      "target": "Pierre Boulez",
      "colab_count": 1
    },
    {
      "source": "N.O.R.E.",
      "target": "Big Pun",
      "colab_count": 1
    },
    {
      "source": "N.O.R.E.",
      "target": "Jadakiss",
      "colab_count": 1
    },
    {
      "source": "N.O.R.E.",
      "target": "Nature",
      "colab_count": 1
    },
    {
      "source": "N.O.R.E.",
      "target": "Styles P",
      "colab_count": 1
    },
    {
      "source": "OutKast",
      "target": "Big Gipp",
      "colab_count": 1
    },
    {
      "source": "OutKast",
      "target": "Khujo",
      "colab_count": 1
    },
    {
      "source": "OutKast",
      "target": "TMO",
      "colab_count": 1
    },
    {
      "source": "Silkk The Shocker",
      "target": "Big Ed",
      "colab_count": 1
    },
    {
      "source": "Silkk The Shocker",
      "target": "C-Murder",
      "colab_count": 1
    },
    {
      "source": "Silkk The Shocker",
      "target": "Fiend",
      "colab_count": 1
    },
    {
      "source": "Silkk The Shocker",
      "target": "Lil' Gotti",
      "colab_count": 1
    },
    {
      "source": "Silkk The Shocker",
      "target": "Mac",
      "colab_count": 1
    },
    {
      "source": "Silkk The Shocker",
      "target": "Master P",
      "colab_count": 1
    },
    {
      "source": "Silkk The Shocker",
      "target": "Mia X",
      "colab_count": 1
    },
    {
      "source": "Silkk The Shocker",
      "target": "Mystikal",
      "colab_count": 1
    },
    {
      "source": "Silkk The Shocker",
      "target": "Skull Duggery",
      "colab_count": 1
    },
    {
      "source": "Wolfgang Amadeus Mozart",
      "target": "Anton Gisler",
      "colab_count": 1
    },
    {
      "source": "Wolfgang Amadeus Mozart",
      "target": "Dietmar Zeman",
      "colab_count": 1
    },
    {
      "source": "Wolfgang Amadeus Mozart",
      "target": "Werner Tripp",
      "colab_count": 1
    },
    {
      "source": "Wolfgang Amadeus Mozart",
      "target": "Wiener Philharmoniker",
      "colab_count": 2
    },
    {
      "source": "Young Bleed",
      "target": "C-Loc",
      "colab_count": 1
    },
    {
      "source": "Young Bleed",
      "target": "Gangsta T",
      "colab_count": 1
    },
    {
      "source": "Young Bleed",
      "target": "King George",
      "colab_count": 1
    },
    {
      "source": "Young Bleed",
      "target": "Master P",
      "colab_count": 1
    },
    {
      "source": "Young Bleed",
      "target": "Silkk The Shocker",
      "colab_count": 1
    },
    {
      "source": "Young Bleed",
      "target": "Steady Mobb'n",
      "colab_count": 1
    }
  ]
}