{
  "nodes": [
    {
      "id": "Academy of Ancient Music",
      "group": 1,
      "song_count": 1
    },
    {
      "id": "Academy of St. Martin in the Fields",
      "group": 1,
      "song_count": 1
    },
    {
      "id": "Andrew Sackett",
      "group": 2,
      "song_count": 2
    },
    {
      "id": "Anna Gonda",
      "group": 2,
      "song_count": 2
    },
    {
      "id": "Art Wood",
      "group": 1,
      "song_count": 1
    },
    {
      "id": "Barbara Bonney",
      "group": 1,
      "song_count": 1
    },
    {
      "id": "Barbara Marineau",
      "group": 1,
      "song_count": 1
    },
    {
      "id": "Barbra Streisand",
      "group": 2,
      "song_count": 2
    },
    {
      "id": "Berliner Philharmoniker",
      "group": 1,
      "song_count": 1
    },
    {
      "id": "Beth Fowler",
      "group": 1,
      "song_count": 1
    },
    {
      "id": "Bobby D'Ambrosio",
      "group": 1,
      "song_count": 1
    },
    {
      "id": "Brian Press",
      "group": 1,
      "song_count": 1
    },
    {
      "id": "Bridgette Bryant",
      "group": 1,
      "song_count": 1
    },
    {
      "id": "Broadway Cast of Beauty and the Beast",
      "group": 2,
      "song_count": 2
    },
    {
      "id": "Buck Shot",
      "group": 1,
      "song_count": 1
    },
    {
      "id": "Budapest Failoni Chamber Orchestra",
      "group": 2,
      "song_count": 2
    },
    {
      "id": "Burke Moses",
      "group": 1,
      "song_count": 1
    },
    {
      "id": "Carlton Fisk",
      "group": 1,
      "song_count": 1
    },
    {
      "id": "Catherine Wyn-Rogers",
      "group": 1,
      "song_count": 1
    },
    {
      "id": "Cheech Marin",
      "group": 1,
      "song_count": 1
    },
    {
      "id": "Christopher Hogwood",
      "group": 1,
      "song_count": 1
    },
    {
      "id": "Concertgebouworkest",
      "group": 1,
      "song_count": 1
    },
    {
      "id": "Crooklyn Dodgers",
      "group": 3,
      "song_count": 3
    },
    {
      "id": "Dave Valentin",
      "group": 1,
      "song_count": 1
    },
    {
      "id": "David Zinman",
      "group": 1,
      "song_count": 1
    },
    {
      "id": "Edgar Pettman",
      "group": 1,
      "song_count": 1
    },
    {
      "id": "Elizabeth Norberg-Schulz",
      "group": 2,
      "song_count": 2
    },
    {
      "id": "Emanuel Ax",
      "group": 1,
      "song_count": 1
    },
    {
      "id": "Emma Kirkby",
      "group": 1,
      "song_count": 1
    },
    {
      "id": "Ernest Lehman",
      "group": 2,
      "song_count": 2
    },
    {
      "id": "Ernie Sabella",
      "group": 2,
      "song_count": 2
    },
    {
      "id": "Frank Maus",
      "group": 1,
      "song_count": 1
    },
    {
      "id": "Gary Beach",
      "group": 6,
      "song_count": 6
    },
    {
      "id": "Georg Tichy",
      "group": 2,
      "song_count": 2
    },
    {
      "id": "Grover Washington, Jr.",
      "group": 1,
      "song_count": 1
    },
    {
      "id": "Heath Lamberts",
      "group": 1,
      "song_count": 1
    },
    {
      "id": "Hellen Kwon",
      "group": 2,
      "song_count": 2
    },
    {
      "id": "Herbert Lippert",
      "group": 2,
      "song_count": 2
    },
    {
      "id": "Herbert von Karajan",
      "group": 1,
      "song_count": 1
    },
    {
      "id": "Hungarian Festival Chorus",
      "group": 2,
      "song_count": 2
    },
    {
      "id": "Inspectah Deck",
      "group": 1,
      "song_count": 1
    },
    {
      "id": "Isaac Stern",
      "group": 1,
      "song_count": 1
    },
    {
      "id": "Jaime Laredo",
      "group": 1,
      "song_count": 1
    },
    {
      "id": "James Gilstrap",
      "group": 1,
      "song_count": 1
    },
    {
      "id": "Jamie MacDougall",
      "group": 1,
      "song_count": 1
    },
    {
      "id": "Jason Weaver",
      "group": 1,
      "song_count": 1
    },
    {
      "id": "Jeffrey Osborne",
      "group": 1,
      "song_count": 1
    },
    {
      "id": "Jeremy Irons",
      "group": 3,
      "song_count": 3
    },
    {
      "id": "Jerry Herman",
      "group": 6,
      "song_count": 6
    },
    {
      "id": "Jim Cummings",
      "group": 1,
      "song_count": 1
    },
    {
      "id": "Johann Pachelbel",
      "group": 3,
      "song_count": 3
    },
    {
      "id": "Johann Sebastian Bach",
      "group": 4,
      "song_count": 4
    },
    {
      "id": "John Eliot Gardiner",
      "group": 1,
      "song_count": 1
    },
    {
      "id": "Joseph Williams",
      "group": 5,
      "song_count": 5
    },
    {
      "id": "Julia Faulkner",
      "group": 2,
      "song_count": 2
    },
    {
      "id": "Julian Clarkson",
      "group": 1,
      "song_count": 1
    },
    {
      "id": "Kenny Raskin",
      "group": 1,
      "song_count": 1
    },
    {
      "id": "Kirk Whalum",
      "group": 1,
      "song_count": 1
    },
    {
      "id": "Kristle Edwards",
      "group": 1,
      "song_count": 1
    },
    {
      "id": "Kurt Rydl",
      "group": 2,
      "song_count": 2
    },
    {
      "id": "Lennie Hayton",
      "group": 1,
      "song_count": 1
    },
    {
      "id": "Linda Talcott",
      "group": 1,
      "song_count": 1
    },
    {
      "id": "Lionel Newman",
      "group": 3,
      "song_count": 3
    },
    {
      "id": "Lisa Beznosiuk",
      "group": 1,
      "song_count": 1
    },
    {
      "id": "Lotte Leitner",
      "group": 2,
      "song_count": 2
    },
    {
      "id": "Ludwig van Beethoven",
      "group": 4,
      "song_count": 4
    },
    {
      "id": "Lynne Fiddmont",
      "group": 1,
      "song_count": 1
    },
    {
      "id": "Master Ace",
      "group": 1,
      "song_count": 1
    },
    {
      "id": "Maurice Ravel",
      "group": 6,
      "song_count": 6
    },
    {
      "id": "Method Man",
      "group": 3,
      "song_count": 3
    },
    {
      "id": "Michael Crawford",
      "group": 4,
      "song_count": 4
    },
    {
      "id": "Michael Halasz",
      "group": 2,
      "song_count": 2
    },
    {
      "id": "Nathan Lane",
      "group": 4,
      "song_count": 4
    },
    {
      "id": "Nicola Jenkin",
      "group": 1,
      "song_count": 1
    },
    {
      "id": "Nicolas Robertson",
      "group": 1,
      "song_count": 1
    },
    {
      "id": "Nikolai Korniev",
      "group": 1,
      "song_count": 1
    },
    {
      "id": "Paige Price",
      "group": 1,
      "song_count": 1
    },
    {
      "id": "Paquito D'Rivera",
      "group": 1,
      "song_count": 1
    },
    {
      "id": "Peter Damm",
      "group": 1,
      "song_count": 1
    },
    {
      "id": "Phil Perry",
      "group": 1,
      "song_count": 1
    },
    {
      "id": "RZA",
      "group": 1,
      "song_count": 1
    },
    {
      "id": "Ray Barretto",
      "group": 1,
      "song_count": 1
    },
    {
      "id": "Russ Freeman & The Rippingtons",
      "group": 7,
      "song_count": 7
    },
    {
      "id": "Sally Dworsky",
      "group": 1,
      "song_count": 1
    },
    {
      "id": "Sarah Solie Shannon",
      "group": 1,
      "song_count": 1
    },
    {
      "id": "Sergei Rachmaninoff",
      "group": 3,
      "song_count": 3
    },
    {
      "id": "Sheila E.",
      "group": 1,
      "song_count": 1
    },
    {
      "id": "Sir David Willcocks",
      "group": 1,
      "song_count": 1
    },
    {
      "id": "Sir Neville Marriner",
      "group": 1,
      "song_count": 1
    },
    {
      "id": "Special Ed",
      "group": 1,
      "song_count": 1
    },
    {
      "id": "St.Petersburg Chamber Choir",
      "group": 1,
      "song_count": 1
    },
    {
      "id": "Stacey Logan",
      "group": 1,
      "song_count": 1
    },
    {
      "id": "Stephen Gadd",
      "group": 1,
      "song_count": 1
    },
    {
      "id": "Susan Egan",
      "group": 6,
      "song_count": 6
    },
    {
      "id": "Susan Gritton",
      "group": 1,
      "song_count": 1
    },
    {
      "id": "Tewkesbury Abbey Choir",
      "group": 2,
      "song_count": 2
    },
    {
      "id": "The Blackout Allstars",
      "group": 8,
      "song_count": 8
    },
    {
      "id": "The English Concert",
      "group": 1,
      "song_count": 1
    },
    {
      "id": "The English Concert Choir",
      "group": 1,
      "song_count": 1
    },
    {
      "id": "The Monteverdi Choir",
      "group": 1,
      "song_count": 1
    },
    {
      "id": "Tito Nieves",
      "group": 1,
      "song_count": 1
    },
    {
      "id": "Tito Puente",
      "group": 1,
      "song_count": 1
    },
    {
      "id": "Traditional",
      "group": 6,
      "song_count": 6
    },
    {
      "id": "Trevor Pinnock",
      "group": 1,
      "song_count": 1
    },
    {
      "id": "Vladimir Mostovoy",
      "group": 1,
      "song_count": 1
    },
    {
      "id": "Waltraud Winsauer",
      "group": 2,
      "song_count": 2
    },
    {
      "id": "Whoopi Goldberg",
      "group": 1,
      "song_count": 1
    },
    {
      "id": "Wilfried Gahmlich",
      "group": 2,
      "song_count": 2
    },
    {
      "id": "Wolfgang Amadeus Mozart",
      "group": 10,
      "song_count": 38
    },
    {
      "id": "Yo-Yo Ma",
      "group": 1,
      "song_count": 1
    }
  ],
  "links": [
    {
      "source": "Crooklyn Dodgers",
      "target": "Buck Shot",
      "colab_count": 1
    },
    {
      "source": "Crooklyn Dodgers",
      "target": "Master Ace",
      "colab_count": 1
    },
    {
      "source": "Crooklyn Dodgers",
      "target": "Special Ed",
      "colab_count": 1
    },
    {
      "source": "Gary Beach",
      "target": "Barbara Marineau",
      "colab_count": 1
    },
    {
      "source": "Gary Beach",
      "target": "Beth Fowler",
      "colab_count": 1
    },
    {
      "source": "Gary Beach",
      "target": "Brian Press",
      "colab_count": 1
    },
    {
      "source": "Gary Beach",
      "target": "Broadway Cast of Beauty and the Beast",
      "colab_count": 1
    },
    {
      "source": "Gary Beach",
      "target": "Heath Lamberts",
      "colab_count": 1
    },
    {
      "source": "Gary Beach",
      "target": "Stacey Logan",
      "colab_count": 1
    },
    {
      "source": "Jeremy Irons",
      "target": "Cheech Marin",
      "colab_count": 1
    },
    {
      "source": "Jeremy Irons",
      "target": "Jim Cummings",
      "colab_count": 1
    },
    {
      "source": "Jeremy Irons",
      "target": "Whoopi Goldberg",
      "colab_count": 1
    },
    {
      "source": "Jerry Herman",
      "target": "Barbra Streisand",
      "colab_count": 1
    },
    {
      "source": "Jerry Herman",
      "target": "Ernest Lehman",
      "colab_count": 1
    },
    {
      "source": "Jerry Herman",
      "target": "Lennie Hayton",
      "colab_count": 1
    },
    {
      "source": "Jerry Herman",
      "target": "Lionel Newman",
      "colab_count": 2
    },
    {
      "source": "Jerry Herman",
      "target": "Michael Crawford",
      "colab_count": 1
    },
    {
      "source": "Johann Pachelbel",
      "target": "Berliner Philharmoniker",
      "colab_count": 1
    },
    {
      "source": "Johann Pachelbel",
      "target": "Frank Maus",
      "colab_count": 1
    },
    {
      "source": "Johann Pachelbel",
      "target": "Herbert von Karajan",
      "colab_count": 1
    },
    {
      "source": "Johann Sebastian Bach",
      "target": "Academy of Ancient Music",
      "colab_count": 1
    },
    {
      "source": "Johann Sebastian Bach",
      "target": "Christopher Hogwood",
      "colab_count": 1
    },
    {
      "source": "Johann Sebastian Bach",
      "target": "Emma Kirkby",
      "colab_count": 1
    },
    {
      "source": "Johann Sebastian Bach",
      "target": "Lisa Beznosiuk",
      "colab_count": 1
    },
    {
      "source": "Joseph Williams",
      "target": "Ernie Sabella",
      "colab_count": 1
    },
    {
      "source": "Joseph Williams",
      "target": "Kristle Edwards",
      "colab_count": 1
    },
    {
      "source": "Joseph Williams",
      "target": "Nathan Lane",
      "colab_count": 1
    },
    {
      "source": "Joseph Williams",
      "target": "Sally Dworsky",
      "colab_count": 1
    },
    {
      "source": "Ludwig van Beethoven",
      "target": "Emanuel Ax",
      "colab_count": 1
    },
    {
      "source": "Ludwig van Beethoven",
      "target": "Isaac Stern",
      "colab_count": 1
    },
    {
      "source": "Ludwig van Beethoven",
      "target": "Jaime Laredo",
      "colab_count": 1
    },
    {
      "source": "Ludwig van Beethoven",
      "target": "Yo-Yo Ma",
      "colab_count": 1
    },
    {
      "source": "Maurice Ravel",
      "target": "John Eliot Gardiner",
      "colab_count": 1
    },
    {
      "source": "Maurice Ravel",
      "target": "Julian Clarkson",
      "colab_count": 1
    },
    {
      "source": "Maurice Ravel",
      "target": "Nicola Jenkin",
      "colab_count": 1
    },
    {
      "source": "Maurice Ravel",
      "target": "Nicolas Robertson",
      "colab_count": 1
    },
    {
      "source": "Maurice Ravel",
      "target": "Susan Gritton",
      "colab_count": 1
    },
    {
      "source": "Maurice Ravel",
      "target": "The Monteverdi Choir",
      "colab_count": 1
    },
    {
      "source": "Method Man",
      "target": "Carlton Fisk",
      "colab_count": 1
    },
    {
      "source": "Method Man",
      "target": "Inspectah Deck",
      "colab_count": 1
    },
    {
      "source": "Method Man",
      "target": "RZA",
      "colab_count": 1
    },
    {
      "source": "Michael Crawford",
      "target": "Barbra Streisand",
      "colab_count": 1
    },
    {
      "source": "Michael Crawford",
      "target": "Ernest Lehman",
      "colab_count": 1
    },
    {
      "source": "Michael Crawford",
      "target": "Lionel Newman",
      "colab_count": 1
    },
    {
      "source": "Nathan Lane",
      "target": "Ernie Sabella",
      "colab_count": 1
    },
    {
      "source": "Nathan Lane",
      "target": "Jason Weaver",
      "colab_count": 1
    },
    {
      "source": "Nathan Lane",
      "target": "Joseph Williams",
      "colab_count": 1
    },
    {
      "source": "Russ Freeman & The Rippingtons",
      "target": "Art Wood",
      "colab_count": 1
    },
    {
      "source": "Russ Freeman & The Rippingtons",
      "target": "Bridgette Bryant",
      "colab_count": 1
    },
    {
      "source": "Russ Freeman & The Rippingtons",
      "target": "James Gilstrap",
      "colab_count": 1
    },
    {
      "source": "Russ Freeman & The Rippingtons",
      "target": "Jeffrey Osborne",
      "colab_count": 1
    },
    {
      "source": "Russ Freeman & The Rippingtons",
      "target": "Kirk Whalum",
      "colab_count": 1
    },
    {
      "source": "Russ Freeman & The Rippingtons",
      "target": "Lynne Fiddmont",
      "colab_count": 1
    },
    {
      "source": "Russ Freeman & The Rippingtons",
      "target": "Phil Perry",
      "colab_count": 1
    },
    {
      "source": "Sergei Rachmaninoff",
      "target": "Nikolai Korniev",
      "colab_count": 1
    },
    {
      "source": "Sergei Rachmaninoff",
      "target": "St.Petersburg Chamber Choir",
      "colab_count": 1
    },
    {
      "source": "Sergei Rachmaninoff",
      "target": "Vladimir Mostovoy",
      "colab_count": 1
    },
    {
      "source": "Susan Egan",
      "target": "Broadway Cast of Beauty and the Beast",
      "colab_count": 1
    },
    {
      "source": "Susan Egan",
      "target": "Burke Moses",
      "colab_count": 1
    },
    {
      "source": "Susan Egan",
      "target": "Kenny Raskin",
      "colab_count": 1
    },
    {
      "source": "Susan Egan",
      "target": "Linda Talcott",
      "colab_count": 1
    },
    {
      "source": "Susan Egan",
      "target": "Paige Price",
      "colab_count": 1
    },
    {
      "source": "Susan Egan",
      "target": "Sarah Solie Shannon",
      "colab_count": 1
    },
    {
      "source": "The Blackout Allstars",
      "target": "Bobby D'Ambrosio",
      "colab_count": 1
    },
    {
      "source": "The Blackout Allstars",
      "target": "Dave Valentin",
      "colab_count": 1
    },
    {
      "source": "The Blackout Allstars",
      "target": "Grover Washington, Jr.",
      "colab_count": 1
    },
    {
      "source": "The Blackout Allstars",
      "target": "Paquito D'Rivera",
      "colab_count": 1
    },
    {
      "source": "The Blackout Allstars",
      "target": "Ray Barretto",
      "colab_count": 1
    },
    {
      "source": "The Blackout Allstars",
      "target": "Sheila E.",
      "colab_count": 1
    },
    {
      "source": "The Blackout Allstars",
      "target": "Tito Nieves",
      "colab_count": 1
    },
    {
      "source": "The Blackout Allstars",
      "target": "Tito Puente",
      "colab_count": 1
    },
    {
      "source": "Traditional",
      "target": "Andrew Sackett",
      "colab_count": 2
    },
    {
      "source": "Traditional",
      "target": "Edgar Pettman",
      "colab_count": 1
    },
    {
      "source": "Traditional",
      "target": "Sir David Willcocks",
      "colab_count": 1
    },
    {
      "source": "Traditional",
      "target": "Tewkesbury Abbey Choir",
      "colab_count": 2
    },
    {
      "source": "Wolfgang Amadeus Mozart",
      "target": "Academy of St. Martin in the Fields",
      "colab_count": 1
    },
    {
      "source": "Wolfgang Amadeus Mozart",
      "target": "Anna Gonda",
      "colab_count": 2
    },
    {
      "source": "Wolfgang Amadeus Mozart",
      "target": "Barbara Bonney",
      "colab_count": 1
    },
    {
      "source": "Wolfgang Amadeus Mozart",
      "target": "Budapest Failoni Chamber Orchestra",
      "colab_count": 2
    },
    {
      "source": "Wolfgang Amadeus Mozart",
      "target": "Catherine Wyn-Rogers",
      "colab_count": 1
    },
    {
      "source": "Wolfgang Amadeus Mozart",
      "target": "Concertgebouworkest",
      "colab_count": 1
    },
    {
      "source": "Wolfgang Amadeus Mozart",
      "target": "David Zinman",
      "colab_count": 1
    },
    {
      "source": "Wolfgang Amadeus Mozart",
      "target": "Elizabeth Norberg-Schulz",
      "colab_count": 2
    },
    {
      "source": "Wolfgang Amadeus Mozart",
      "target": "Georg Tichy",
      "colab_count": 2
    },
    {
      "source": "Wolfgang Amadeus Mozart",
      "target": "Hellen Kwon",
      "colab_count": 2
    },
    {
      "source": "Wolfgang Amadeus Mozart",
      "target": "Herbert Lippert",
      "colab_count": 2
    },
    {
      "source": "Wolfgang Amadeus Mozart",
      "target": "Hungarian Festival Chorus",
      "colab_count": 2
    },
    {
      "source": "Wolfgang Amadeus Mozart",
      "target": "Jamie MacDougall",
      "colab_count": 1
    },
    {
      "source": "Wolfgang Amadeus Mozart",
      "target": "Julia Faulkner",
      "colab_count": 2
    },
    {
      "source": "Wolfgang Amadeus Mozart",
      "target": "Kurt Rydl",
      "colab_count": 2
    },
    {
      "source": "Wolfgang Amadeus Mozart",
      "target": "Lotte Leitner",
      "colab_count": 2
    },
    {
      "source": "Wolfgang Amadeus Mozart",
      "target": "Michael Halasz",
      "colab_count": 2
    },
    {
      "source": "Wolfgang Amadeus Mozart",
      "target": "Peter Damm",
      "colab_count": 1
    },
    {
      "source": "Wolfgang Amadeus Mozart",
      "target": "Sir Neville Marriner",
      "colab_count": 1
    },
    {
      "source": "Wolfgang Amadeus Mozart",
      "target": "Stephen Gadd",
      "colab_count": 1
    },
    {
      "source": "Wolfgang Amadeus Mozart",
      "target": "The English Concert",
      "colab_count": 1
    },
    {
      "source": "Wolfgang Amadeus Mozart",
      "target": "The English Concert Choir",
      "colab_count": 1
    },
    {
      "source": "Wolfgang Amadeus Mozart",
      "target": "Trevor Pinnock",
      "colab_count": 1
    },
    {
      "source": "Wolfgang Amadeus Mozart",
      "target": "Waltraud Winsauer",
      "colab_count": 2
    },
    {
      "source": "Wolfgang Amadeus Mozart",
      "target": "Wilfried Gahmlich",
      "colab_count": 2
    }
  ]
}