{
  "nodes": [
    {
      "id": "2Pac",
      "group": 3,
      "song_count": 3
    },
    {
      "id": "Alessandro Corbelli",
      "group": 1,
      "song_count": 1
    },
    {
      "id": "Alex Natale DJ",
      "group": 1,
      "song_count": 1
    },
    {
      "id": "Angelo Romero",
      "group": 1,
      "song_count": 1
    },
    {
      "id": "Anonymous",
      "group": 2,
      "song_count": 2
    },
    {
      "id": "Ant Banks",
      "group": 1,
      "song_count": 1
    },
    {
      "id": "Antonio Vivaldi",
      "group": 2,
      "song_count": 2
    },
    {
      "id": "Apache",
      "group": 1,
      "song_count": 1
    },
    {
      "id": "Arthur Warrell",
      "group": 1,
      "song_count": 1
    },
    {
      "id": "B-Legit",
      "group": 2,
      "song_count": 2
    },
    {
      "id": "Billy Ray Cyrus",
      "group": 1,
      "song_count": 1
    },
    {
      "id": "Bob Dylan",
      "group": 5,
      "song_count": 5
    },
    {
      "id": "Budapest Failoni Chamber Orchestra",
      "group": 1,
      "song_count": 1
    },
    {
      "id": "Cecilia Bartoli",
      "group": 1,
      "song_count": 1
    },
    {
      "id": "Coro del Teatro Comunale di Bologna",
      "group": 1,
      "song_count": 1
    },
    {
      "id": "D-Shot",
      "group": 1,
      "song_count": 1
    },
    {
      "id": "D-Shott",
      "group": 1,
      "song_count": 1
    },
    {
      "id": "Dolly Parton",
      "group": 8,
      "song_count": 8
    },
    {
      "id": "Donald Hunt",
      "group": 4,
      "song_count": 4
    },
    {
      "id": "E-40",
      "group": 8,
      "song_count": 8
    },
    {
      "id": "Enzo Dara",
      "group": 1,
      "song_count": 1
    },
    {
      "id": "Eric Clapton",
      "group": 1,
      "song_count": 1
    },
    {
      "id": "Felix Mendelssohn",
      "group": 3,
      "song_count": 3
    },
    {
      "id": "Ferenc Korpas",
      "group": 1,
      "song_count": 1
    },
    {
      "id": "Fernanda Costa",
      "group": 1,
      "song_count": 1
    },
    {
      "id": "Franco de Grandis",
      "group": 1,
      "song_count": 1
    },
    {
      "id": "George Frideric Handel",
      "group": 4,
      "song_count": 4
    },
    {
      "id": "George Harrison",
      "group": 1,
      "song_count": 1
    },
    {
      "id": "Gewandhausorchester Leipzig",
      "group": 1,
      "song_count": 1
    },
    {
      "id": "Gioachino Rossini",
      "group": 10,
      "song_count": 21
    },
    {
      "id": "Gloria Banditelli",
      "group": 1,
      "song_count": 1
    },
    {
      "id": "Hans-Georg Wimmer",
      "group": 1,
      "song_count": 1
    },
    {
      "id": "Hermann Max",
      "group": 1,
      "song_count": 1
    },
    {
      "id": "Hungarian Radio Chorus",
      "group": 1,
      "song_count": 1
    },
    {
      "id": "Ingrid Kertesi",
      "group": 1,
      "song_count": 1
    },
    {
      "id": "Isaac Watts",
      "group": 1,
      "song_count": 1
    },
    {
      "id": "Johann Sebastian Bach",
      "group": 10,
      "song_count": 10
    },
    {
      "id": "Johanna Koslowsky",
      "group": 1,
      "song_count": 1
    },
    {
      "id": "Kai Wessel",
      "group": 1,
      "song_count": 1
    },
    {
      "id": "Kathy Mattea",
      "group": 1,
      "song_count": 1
    },
    {
      "id": "Kazmer Sarkany",
      "group": 1,
      "song_count": 1
    },
    {
      "id": "Kleine Konzert, Das",
      "group": 1,
      "song_count": 1
    },
    {
      "id": "Kurt Masur",
      "group": 1,
      "song_count": 1
    },
    {
      "id": "Kurupt",
      "group": 1,
      "song_count": 1
    },
    {
      "id": "Laszlo Orban",
      "group": 1,
      "song_count": 1
    },
    {
      "id": "Live Squad",
      "group": 1,
      "song_count": 1
    },
    {
      "id": "Loretta Lynn",
      "group": 1,
      "song_count": 1
    },
    {
      "id": "Markus Brutscher",
      "group": 1,
      "song_count": 1
    },
    {
      "id": "Mary Chapin Carpenter",
      "group": 1,
      "song_count": 1
    },
    {
      "id": "Mass Text",
      "group": 1,
      "song_count": 1
    },
    {
      "id": "Maxim Vengerov",
      "group": 1,
      "song_count": 1
    },
    {
      "id": "Mhisani",
      "group": 1,
      "song_count": 1
    },
    {
      "id": "Michele Pertusi",
      "group": 1,
      "song_count": 1
    },
    {
      "id": "Nate Dogg",
      "group": 1,
      "song_count": 1
    },
    {
      "id": "Neil Young",
      "group": 1,
      "song_count": 1
    },
    {
      "id": "Orchestra del Teatro Comunale di Bologna",
      "group": 1,
      "song_count": 1
    },
    {
      "id": "Pam Tillis",
      "group": 1,
      "song_count": 1
    },
    {
      "id": "Patsy Cline",
      "group": 1,
      "song_count": 1
    },
    {
      "id": "Pee Wee",
      "group": 1,
      "song_count": 1
    },
    {
      "id": "Raymond Johnston",
      "group": 2,
      "song_count": 2
    },
    {
      "id": "Reel 2 Real",
      "group": 3,
      "song_count": 3
    },
    {
      "id": "Rheinische Kantorei",
      "group": 1,
      "song_count": 1
    },
    {
      "id": "Riccardo Chailly",
      "group": 1,
      "song_count": 1
    },
    {
      "id": "Robert Lucas Pearsall",
      "group": 3,
      "song_count": 3
    },
    {
      "id": "Roberto Servile",
      "group": 1,
      "song_count": 1
    },
    {
      "id": "Roger McGuinn",
      "group": 1,
      "song_count": 1
    },
    {
      "id": "Snoop Dogg",
      "group": 3,
      "song_count": 3
    },
    {
      "id": "Sonia Ganassi",
      "group": 1,
      "song_count": 1
    },
    {
      "id": "Spice 1",
      "group": 1,
      "song_count": 1
    },
    {
      "id": "Stephan Schreckenberger",
      "group": 1,
      "song_count": 1
    },
    {
      "id": "Suga T",
      "group": 1,
      "song_count": 1
    },
    {
      "id": "Suga-T",
      "group": 1,
      "song_count": 1
    },
    {
      "id": "Tammy Wynette",
      "group": 1,
      "song_count": 1
    },
    {
      "id": "Tanya Tucker",
      "group": 1,
      "song_count": 1
    },
    {
      "id": "The Click",
      "group": 2,
      "song_count": 2
    },
    {
      "id": "The Mad Stuntman",
      "group": 1,
      "song_count": 1
    },
    {
      "id": "Tom Petty",
      "group": 1,
      "song_count": 1
    },
    {
      "id": "Too $hort",
      "group": 4,
      "song_count": 4
    },
    {
      "id": "Traditional",
      "group": 4,
      "song_count": 4
    },
    {
      "id": "Treach",
      "group": 1,
      "song_count": 1
    },
    {
      "id": "Veronika Winter",
      "group": 1,
      "song_count": 1
    },
    {
      "id": "Visnadi",
      "group": 1,
      "song_count": 1
    },
    {
      "id": "Warren G",
      "group": 1,
      "song_count": 1
    },
    {
      "id": "Will Humburg",
      "group": 1,
      "song_count": 1
    },
    {
      "id": "William J. Kirkpatrick",
      "group": 3,
      "song_count": 3
    },
    {
      "id": "William Matteuzzi",
      "group": 1,
      "song_count": 1
    },
    {
      "id": "Worcester Cathedral Choir",
      "group": 4,
      "song_count": 4
    },
    {
      "id": "Zsuzsa Pertis",
      "group": 2,
      "song_count": 2
    }
  ],
  "links": [
    {
      "source": "2Pac",
      "target": "Apache",
      "colab_count": 1
    },
    {
      "source": "2Pac",
      "target": "Live Squad",
      "colab_count": 1
    },
    {
      "source": "2Pac",
      "target": "Treach",
      "colab_count": 1
    },
    {
      "source": "Antonio Vivaldi",
      "target": "Zsuzsa Pertis",
      "colab_count": 2
    },
    {
      "source": "Bob Dylan",
      "target": "Eric Clapton",
      "colab_count": 1
    },
    {
      "source": "Bob Dylan",
      "target": "George Harrison",
      "colab_count": 1
    },
    {
      "source": "Bob Dylan",
      "target": "Neil Young",
      "colab_count": 1
    },
    {
      "source": "Bob Dylan",
      "target": "Roger McGuinn",
      "colab_count": 1
    },
    {
      "source": "Bob Dylan",
      "target": "Tom Petty",
      "colab_count": 1
    },
    {
      "source": "Dolly Parton",
      "target": "Billy Ray Cyrus",
      "colab_count": 1
    },
    {
      "source": "Dolly Parton",
      "target": "Kathy Mattea",
      "colab_count": 1
    },
    {
      "source": "Dolly Parton",
      "target": "Loretta Lynn",
      "colab_count": 1
    },
    {
      "source": "Dolly Parton",
      "target": "Mary Chapin Carpenter",
      "colab_count": 1
    },
    {
      "source": "Dolly Parton",
      "target": "Pam Tillis",
      "colab_count": 1
    },
    {
      "source": "Dolly Parton",
      "target": "Patsy Cline",
      "colab_count": 1
    },
    {
      "source": "Dolly Parton",
      "target": "Tammy Wynette",
      "colab_count": 1
    },
    {
      "source": "Dolly Parton",
      "target": "Tanya Tucker",
      "colab_count": 1
    },
    {
      "source": "E-40",
      "target": "B-Legit",
      "colab_count": 2
    },
    {
      "source": "E-40",
      "target": "D-Shot",
      "colab_count": 1
    },
    {
      "source": "E-40",
      "target": "D-Shott",
      "colab_count": 1
    },
    {
      "source": "E-40",
      "target": "Suga T",
      "colab_count": 1
    },
    {
      "source": "E-40",
      "target": "Suga-T",
      "colab_count": 1
    },
    {
      "source": "E-40",
      "target": "The Click",
      "colab_count": 2
    },
    {
      "source": "Felix Mendelssohn",
      "target": "Gewandhausorchester Leipzig",
      "colab_count": 1
    },
    {
      "source": "Felix Mendelssohn",
      "target": "Kurt Masur",
      "colab_count": 1
    },
    {
      "source": "Felix Mendelssohn",
      "target": "Maxim Vengerov",
      "colab_count": 1
    },
    {
      "source": "George Frideric Handel",
      "target": "Donald Hunt",
      "colab_count": 1
    },
    {
      "source": "George Frideric Handel",
      "target": "Isaac Watts",
      "colab_count": 1
    },
    {
      "source": "George Frideric Handel",
      "target": "Raymond Johnston",
      "colab_count": 1
    },
    {
      "source": "George Frideric Handel",
      "target": "Worcester Cathedral Choir",
      "colab_count": 1
    },
    {
      "source": "Gioachino Rossini",
      "target": "Alessandro Corbelli",
      "colab_count": 1
    },
    {
      "source": "Gioachino Rossini",
      "target": "Angelo Romero",
      "colab_count": 1
    },
    {
      "source": "Gioachino Rossini",
      "target": "Budapest Failoni Chamber Orchestra",
      "colab_count": 1
    },
    {
      "source": "Gioachino Rossini",
      "target": "Cecilia Bartoli",
      "colab_count": 1
    },
    {
      "source": "Gioachino Rossini",
      "target": "Coro del Teatro Comunale di Bologna",
      "colab_count": 1
    },
    {
      "source": "Gioachino Rossini",
      "target": "Enzo Dara",
      "colab_count": 1
    },
    {
      "source": "Gioachino Rossini",
      "target": "Ferenc Korpas",
      "colab_count": 1
    },
    {
      "source": "Gioachino Rossini",
      "target": "Fernanda Costa",
      "colab_count": 1
    },
    {
      "source": "Gioachino Rossini",
      "target": "Franco de Grandis",
      "colab_count": 1
    },
    {
      "source": "Gioachino Rossini",
      "target": "Gloria Banditelli",
      "colab_count": 1
    },
    {
      "source": "Gioachino Rossini",
      "target": "Hungarian Radio Chorus",
      "colab_count": 1
    },
    {
      "source": "Gioachino Rossini",
      "target": "Ingrid Kertesi",
      "colab_count": 1
    },
    {
      "source": "Gioachino Rossini",
      "target": "Kazmer Sarkany",
      "colab_count": 1
    },
    {
      "source": "Gioachino Rossini",
      "target": "Laszlo Orban",
      "colab_count": 1
    },
    {
      "source": "Gioachino Rossini",
      "target": "Michele Pertusi",
      "colab_count": 1
    },
    {
      "source": "Gioachino Rossini",
      "target": "Orchestra del Teatro Comunale di Bologna",
      "colab_count": 1
    },
    {
      "source": "Gioachino Rossini",
      "target": "Riccardo Chailly",
      "colab_count": 1
    },
    {
      "source": "Gioachino Rossini",
      "target": "Roberto Servile",
      "colab_count": 1
    },
    {
      "source": "Gioachino Rossini",
      "target": "Sonia Ganassi",
      "colab_count": 1
    },
    {
      "source": "Gioachino Rossini",
      "target": "Will Humburg",
      "colab_count": 1
    },
    {
      "source": "Gioachino Rossini",
      "target": "William Matteuzzi",
      "colab_count": 1
    },
    {
      "source": "Johann Sebastian Bach",
      "target": "Hans-Georg Wimmer",
      "colab_count": 1
    },
    {
      "source": "Johann Sebastian Bach",
      "target": "Hermann Max",
      "colab_count": 1
    },
    {
      "source": "Johann Sebastian Bach",
      "target": "Johanna Koslowsky",
      "colab_count": 1
    },
    {
      "source": "Johann Sebastian Bach",
      "target": "Kai Wessel",
      "colab_count": 1
    },
    {
      "source": "Johann Sebastian Bach",
      "target": "Kleine Konzert, Das",
      "colab_count": 1
    },
    {
      "source": "Johann Sebastian Bach",
      "target": "Markus Brutscher",
      "colab_count": 1
    },
    {
      "source": "Johann Sebastian Bach",
      "target": "Mass Text",
      "colab_count": 1
    },
    {
      "source": "Johann Sebastian Bach",
      "target": "Rheinische Kantorei",
      "colab_count": 1
    },
    {
      "source": "Johann Sebastian Bach",
      "target": "Stephan Schreckenberger",
      "colab_count": 1
    },
    {
      "source": "Johann Sebastian Bach",
      "target": "Veronika Winter",
      "colab_count": 1
    },
    {
      "source": "Reel 2 Real",
      "target": "Alex Natale DJ",
      "colab_count": 1
    },
    {
      "source": "Reel 2 Real",
      "target": "The Mad Stuntman",
      "colab_count": 1
    },
    {
      "source": "Reel 2 Real",
      "target": "Visnadi",
      "colab_count": 1
    },
    {
      "source": "Robert Lucas Pearsall",
      "target": "Anonymous",
      "colab_count": 1
    },
    {
      "source": "Robert Lucas Pearsall",
      "target": "Donald Hunt",
      "colab_count": 1
    },
    {
      "source": "Robert Lucas Pearsall",
      "target": "Worcester Cathedral Choir",
      "colab_count": 1
    },
    {
      "source": "Snoop Dogg",
      "target": "Kurupt",
      "colab_count": 1
    },
    {
      "source": "Snoop Dogg",
      "target": "Nate Dogg",
      "colab_count": 1
    },
    {
      "source": "Snoop Dogg",
      "target": "Warren G",
      "colab_count": 1
    },
    {
      "source": "Too $hort",
      "target": "Ant Banks",
      "colab_count": 1
    },
    {
      "source": "Too $hort",
      "target": "Mhisani",
      "colab_count": 1
    },
    {
      "source": "Too $hort",
      "target": "Pee Wee",
      "colab_count": 1
    },
    {
      "source": "Too $hort",
      "target": "Spice 1",
      "colab_count": 1
    },
    {
      "source": "Traditional",
      "target": "Arthur Warrell",
      "colab_count": 1
    },
    {
      "source": "Traditional",
      "target": "Donald Hunt",
      "colab_count": 1
    },
    {
      "source": "Traditional",
      "target": "Raymond Johnston",
      "colab_count": 1
    },
    {
      "source": "Traditional",
      "target": "Worcester Cathedral Choir",
      "colab_count": 1
    },
    {
      "source": "William J. Kirkpatrick",
      "target": "Anonymous",
      "colab_count": 1
    },
    {
      "source": "William J. Kirkpatrick",
      "target": "Donald Hunt",
      "colab_count": 1
    },
    {
      "source": "William J. Kirkpatrick",
      "target": "Worcester Cathedral Choir",
      "colab_count": 1
    }
  ]
}