{
  "nodes": [
    {
      "id": "2 Chainz",
      "group": 1,
      "song_count": 1
    },
    {
      "id": "A$AP Ferg",
      "group": 1,
      "song_count": 1
    },
    {
      "id": "A$AP Mob",
      "group": 4,
      "song_count": 4
    },
    {
      "id": "A$AP NAST",
      "group": 1,
      "song_count": 1
    },
    {
      "id": "A$AP Rocky",
      "group": 1,
      "song_count": 1
    },
    {
      "id": "A$AP Twelvyy",
      "group": 1,
      "song_count": 1
    },
    {
      "id": "AJ Meijer",
      "group": 1,
      "song_count": 1
    },
    {
      "id": "Afrojack",
      "group": 1,
      "song_count": 1
    },
    {
      "id": "Alan Jackson",
      "group": 1,
      "song_count": 1
    },
    {
      "id": "Alex Boniello",
      "group": 1,
      "song_count": 1
    },
    {
      "id": "Alice Lee",
      "group": 3,
      "song_count": 3
    },
    {
      "id": "Allman Brothers Band",
      "group": 1,
      "song_count": 1
    },
    {
      "id": "Andre de Ridder",
      "group": 1,
      "song_count": 1
    },
    {
      "id": "Anthony Ramos",
      "group": 1,
      "song_count": 1
    },
    {
      "id": "Antwaun Holley",
      "group": 1,
      "song_count": 1
    },
    {
      "id": "B-Real",
      "group": 1,
      "song_count": 1
    },
    {
      "id": "Baby Bash",
      "group": 3,
      "song_count": 3
    },
    {
      "id": "Baby E",
      "group": 1,
      "song_count": 1
    },
    {
      "id": "Barrett Wilbert Weed",
      "group": 10,
      "song_count": 12
    },
    {
      "id": "Bebe Rexha",
      "group": 1,
      "song_count": 1
    },
    {
      "id": "Behzod Abduraimov",
      "group": 1,
      "song_count": 1
    },
    {
      "id": "Berner",
      "group": 4,
      "song_count": 4
    },
    {
      "id": "Big Sean",
      "group": 1,
      "song_count": 1
    },
    {
      "id": "Boosie Badazz",
      "group": 1,
      "song_count": 1
    },
    {
      "id": "Brantley Gilbert",
      "group": 1,
      "song_count": 1
    },
    {
      "id": "Casino",
      "group": 1,
      "song_count": 1
    },
    {
      "id": "Charlie Bannister",
      "group": 1,
      "song_count": 1
    },
    {
      "id": "Charlie Farley",
      "group": 1,
      "song_count": 1
    },
    {
      "id": "Cheech Marin",
      "group": 1,
      "song_count": 1
    },
    {
      "id": "Chris Brown",
      "group": 3,
      "song_count": 3
    },
    {
      "id": "Chris Lake",
      "group": 1,
      "song_count": 1
    },
    {
      "id": "Chris Worsey",
      "group": 1,
      "song_count": 1
    },
    {
      "id": "Christian Martucci",
      "group": 1,
      "song_count": 1
    },
    {
      "id": "Colt Ford",
      "group": 1,
      "song_count": 1
    },
    {
      "id": "Corey Taylor",
      "group": 4,
      "song_count": 4
    },
    {
      "id": "Dan Domenech",
      "group": 1,
      "song_count": 1
    },
    {
      "id": "Daniel Cooney",
      "group": 2,
      "song_count": 2
    },
    {
      "id": "Daniel Hope",
      "group": 1,
      "song_count": 1
    },
    {
      "id": "David Guetta",
      "group": 3,
      "song_count": 3
    },
    {
      "id": "Deep Sleep",
      "group": 1,
      "song_count": 1
    },
    {
      "id": "Derek Trucks",
      "group": 1,
      "song_count": 1
    },
    {
      "id": "Descemer Bueno",
      "group": 1,
      "song_count": 1
    },
    {
      "id": "Devon Allman",
      "group": 1,
      "song_count": 1
    },
    {
      "id": "Domo Genesis",
      "group": 1,
      "song_count": 1
    },
    {
      "id": "Dr. John",
      "group": 1,
      "song_count": 1
    },
    {
      "id": "Drake",
      "group": 2,
      "song_count": 2
    },
    {
      "id": "Earl Sweatshirt",
      "group": 1,
      "song_count": 1
    },
    {
      "id": "Elle McLemore",
      "group": 3,
      "song_count": 3
    },
    {
      "id": "Enrique Iglesias",
      "group": 3,
      "song_count": 3
    },
    {
      "id": "Eric Church",
      "group": 2,
      "song_count": 2
    },
    {
      "id": "Evan Todd",
      "group": 7,
      "song_count": 7
    },
    {
      "id": "Faith Hill",
      "group": 1,
      "song_count": 1
    },
    {
      "id": "Freddie Gibbs",
      "group": 3,
      "song_count": 3
    },
    {
      "id": "Future",
      "group": 4,
      "song_count": 4
    },
    {
      "id": "Gente De Zona",
      "group": 1,
      "song_count": 1
    },
    {
      "id": "George Strait",
      "group": 10,
      "song_count": 10
    },
    {
      "id": "Gerard Canonico",
      "group": 1,
      "song_count": 1
    },
    {
      "id": "Gregg Allman",
      "group": 1,
      "song_count": 1
    },
    {
      "id": "Ht Bristol",
      "group": 3,
      "song_count": 3
    },
    {
      "id": "Jackson Browne",
      "group": 1,
      "song_count": 1
    },
    {
      "id": "Jason Aldean",
      "group": 1,
      "song_count": 1
    },
    {
      "id": "Jason Christopher",
      "group": 1,
      "song_count": 1
    },
    {
      "id": "Jbyrd",
      "group": 1,
      "song_count": 1
    },
    {
      "id": "Jeremy Irons",
      "group": 3,
      "song_count": 3
    },
    {
      "id": "Jessica Keenan Wynn",
      "group": 10,
      "song_count": 10
    },
    {
      "id": "Jim Cummings",
      "group": 1,
      "song_count": 1
    },
    {
      "id": "Jimmy Hall",
      "group": 1,
      "song_count": 1
    },
    {
      "id": "John 5",
      "group": 1,
      "song_count": 1
    },
    {
      "id": "John Hiatt",
      "group": 1,
      "song_count": 1
    },
    {
      "id": "John Metcalfe",
      "group": 1,
      "song_count": 1
    },
    {
      "id": "Jon Eidson",
      "group": 7,
      "song_count": 7
    },
    {
      "id": "Juicy J",
      "group": 5,
      "song_count": 5
    },
    {
      "id": "Juraj Valcuha",
      "group": 1,
      "song_count": 1
    },
    {
      "id": "Katie Ladner",
      "group": 1,
      "song_count": 1
    },
    {
      "id": "Keb' Mo'",
      "group": 1,
      "song_count": 1
    },
    {
      "id": "Kendrick Lamar",
      "group": 1,
      "song_count": 1
    },
    {
      "id": "Kenny Chesney",
      "group": 1,
      "song_count": 1
    },
    {
      "id": "Kid Ink",
      "group": 5,
      "song_count": 5
    },
    {
      "id": "Kill The Noise",
      "group": 1,
      "song_count": 1
    },
    {
      "id": "Konzerthaus Kammerorchester Berlin",
      "group": 1,
      "song_count": 1
    },
    {
      "id": "Krizz Kaliko",
      "group": 1,
      "song_count": 1
    },
    {
      "id": "La Marisoul",
      "group": 1,
      "song_count": 1
    },
    {
      "id": "Lil Wayne",
      "group": 6,
      "song_count": 6
    },
    {
      "id": "Lin-Manuel Miranda",
      "group": 6,
      "song_count": 6
    },
    {
      "id": "Lindsay Mendez",
      "group": 1,
      "song_count": 1
    },
    {
      "id": "Louisa Fuller",
      "group": 1,
      "song_count": 1
    },
    {
      "id": "Madlib",
      "group": 1,
      "song_count": 1
    },
    {
      "id": "Madsonik",
      "group": 1,
      "song_count": 1
    },
    {
      "id": "Martina McBride",
      "group": 2,
      "song_count": 2
    },
    {
      "id": "Max Richter",
      "group": 8,
      "song_count": 8
    },
    {
      "id": "Meditation Awareness",
      "group": 1,
      "song_count": 1
    },
    {
      "id": "Meditation Spa",
      "group": 2,
      "song_count": 2
    },
    {
      "id": "Meek Mill",
      "group": 1,
      "song_count": 1
    },
    {
      "id": "Melissa Robles",
      "group": 1,
      "song_count": 1
    },
    {
      "id": "Michelle Duffy",
      "group": 3,
      "song_count": 3
    },
    {
      "id": "Mike WiLL Made-It",
      "group": 3,
      "song_count": 3
    },
    {
      "id": "Miranda Lambert",
      "group": 1,
      "song_count": 1
    },
    {
      "id": "Moonshine Bandits",
      "group": 3,
      "song_count": 3
    },
    {
      "id": "Mustard",
      "group": 5,
      "song_count": 5
    },
    {
      "id": "Myon",
      "group": 1,
      "song_count": 1
    },
    {
      "id": "Natalia Bonner",
      "group": 1,
      "song_count": 1
    },
    {
      "id": "Nicki Minaj",
      "group": 9,
      "song_count": 9
    },
    {
      "id": "Nine One One",
      "group": 1,
      "song_count": 1
    },
    {
      "id": "Orchestra Sinfonica Nazionale Della RAI",
      "group": 1,
      "song_count": 1
    },
    {
      "id": "Original Radio Cast",
      "group": 1,
      "song_count": 1
    },
    {
      "id": "Outside Broadcast Recordings",
      "group": 1,
      "song_count": 1
    },
    {
      "id": "Pat Monahan",
      "group": 1,
      "song_count": 1
    },
    {
      "id": "Pepe Aguilar",
      "group": 2,
      "song_count": 2
    },
    {
      "id": "Pharrell Williams",
      "group": 1,
      "song_count": 1
    },
    {
      "id": "Philip Sheppard",
      "group": 1,
      "song_count": 1
    },
    {
      "id": "Pusha T",
      "group": 1,
      "song_count": 1
    },
    {
      "id": "Rain Shower",
      "group": 2,
      "song_count": 2
    },
    {
      "id": "Rain Spa",
      "group": 2,
      "song_count": 2
    },
    {
      "id": "Ray Benson",
      "group": 1,
      "song_count": 1
    },
    {
      "id": "Rich Homie Quan",
      "group": 1,
      "song_count": 1
    },
    {
      "id": "Robert Randolph",
      "group": 1,
      "song_count": 1
    },
    {
      "id": "Roy Mayorga",
      "group": 1,
      "song_count": 1
    },
    {
      "id": "Ryan Campbell",
      "group": 1,
      "song_count": 1
    },
    {
      "id": "Ryan McCartan",
      "group": 4,
      "song_count": 4
    },
    {
      "id": "Sam Lachow",
      "group": 3,
      "song_count": 3
    },
    {
      "id": "Sam Moore",
      "group": 1,
      "song_count": 1
    },
    {
      "id": "Sarah Ross",
      "group": 1,
      "song_count": 1
    },
    {
      "id": "Satchell",
      "group": 1,
      "song_count": 1
    },
    {
      "id": "Sean Paul",
      "group": 1,
      "song_count": 1
    },
    {
      "id": "Sergei Prokofiev",
      "group": 3,
      "song_count": 3
    },
    {
      "id": "Serj Tankian",
      "group": 1,
      "song_count": 1
    },
    {
      "id": "Seven Lions",
      "group": 3,
      "song_count": 3
    },
    {
      "id": "Shane 54",
      "group": 1,
      "song_count": 1
    },
    {
      "id": "Sheryl Crow",
      "group": 1,
      "song_count": 1
    },
    {
      "id": "Sky Blaow",
      "group": 1,
      "song_count": 1
    },
    {
      "id": "Sleep Baby Sleep",
      "group": 10,
      "song_count": 12
    },
    {
      "id": "Sleep Sound Library",
      "group": 1,
      "song_count": 1
    },
    {
      "id": "Snoop Dogg",
      "group": 1,
      "song_count": 1
    },
    {
      "id": "Steve Aoki",
      "group": 3,
      "song_count": 3
    },
    {
      "id": "Susan Tedeschi",
      "group": 1,
      "song_count": 1
    },
    {
      "id": "Taj Mahal",
      "group": 1,
      "song_count": 1
    },
    {
      "id": "Tech N9ne Collabos",
      "group": 3,
      "song_count": 3
    },
    {
      "id": "The Weeknd",
      "group": 1,
      "song_count": 1
    },
    {
      "id": "Tove Lo",
      "group": 1,
      "song_count": 1
    },
    {
      "id": "Trace Adkins",
      "group": 1,
      "song_count": 1
    },
    {
      "id": "Trey Songz",
      "group": 1,
      "song_count": 1
    },
    {
      "id": "Tujamo",
      "group": 1,
      "song_count": 1
    },
    {
      "id": "Ty Dolla $ign",
      "group": 4,
      "song_count": 4
    },
    {
      "id": "Tyga",
      "group": 1,
      "song_count": 1
    },
    {
      "id": "Vince Gill",
      "group": 2,
      "song_count": 2
    },
    {
      "id": "Vincent Steele",
      "group": 1,
      "song_count": 1
    },
    {
      "id": "Vital",
      "group": 1,
      "song_count": 1
    },
    {
      "id": "Warren Haynes",
      "group": 10,
      "song_count": 21
    },
    {
      "id": "White Noise Therapy",
      "group": 2,
      "song_count": 2
    },
    {
      "id": "Whoopi Goldberg",
      "group": 1,
      "song_count": 1
    },
    {
      "id": "Widespread Panic",
      "group": 1,
      "song_count": 1
    },
    {
      "id": "Wiz Khalifa",
      "group": 2,
      "song_count": 2
    },
    {
      "id": "YG",
      "group": 5,
      "song_count": 5
    },
    {
      "id": "Young Money",
      "group": 3,
      "song_count": 3
    },
    {
      "id": "Z-Ro",
      "group": 1,
      "song_count": 1
    },
    {
      "id": "Zac Brown",
      "group": 1,
      "song_count": 1
    }
  ],
  "links": [
    {
      "source": "A$AP Mob",
      "target": "A$AP Ferg",
      "colab_count": 1
    },
    {
      "source": "A$AP Mob",
      "target": "A$AP NAST",
      "colab_count": 1
    },
    {
      "source": "A$AP Mob",
      "target": "A$AP Rocky",
      "colab_count": 1
    },
    {
      "source": "A$AP Mob",
      "target": "A$AP Twelvyy",
      "colab_count": 1
    },
    {
      "source": "Baby Bash",
      "target": "Baby E",
      "colab_count": 1
    },
    {
      "source": "Baby Bash",
      "target": "Berner",
      "colab_count": 1
    },
    {
      "source": "Baby Bash",
      "target": "Z-Ro",
      "colab_count": 1
    },
    {
      "source": "Barrett Wilbert Weed",
      "target": "Alice Lee",
      "colab_count": 1
    },
    {
      "source": "Barrett Wilbert Weed",
      "target": "Daniel Cooney",
      "colab_count": 1
    },
    {
      "source": "Barrett Wilbert Weed",
      "target": "Elle McLemore",
      "colab_count": 2
    },
    {
      "source": "Barrett Wilbert Weed",
      "target": "Jessica Keenan Wynn",
      "colab_count": 1
    },
    {
      "source": "Barrett Wilbert Weed",
      "target": "Katie Ladner",
      "colab_count": 1
    },
    {
      "source": "Barrett Wilbert Weed",
      "target": "Michelle Duffy",
      "colab_count": 1
    },
    {
      "source": "Barrett Wilbert Weed",
      "target": "Ryan McCartan",
      "colab_count": 1
    },
    {
      "source": "Berner",
      "target": "B-Real",
      "colab_count": 1
    },
    {
      "source": "Berner",
      "target": "Snoop Dogg",
      "colab_count": 1
    },
    {
      "source": "Berner",
      "target": "Vital",
      "colab_count": 1
    },
    {
      "source": "Corey Taylor",
      "target": "Christian Martucci",
      "colab_count": 1
    },
    {
      "source": "Corey Taylor",
      "target": "Jason Christopher",
      "colab_count": 1
    },
    {
      "source": "Corey Taylor",
      "target": "Roy Mayorga",
      "colab_count": 1
    },
    {
      "source": "Corey Taylor",
      "target": "Satchell",
      "colab_count": 1
    },
    {
      "source": "David Guetta",
      "target": "Afrojack",
      "colab_count": 1
    },
    {
      "source": "David Guetta",
      "target": "Bebe Rexha",
      "colab_count": 1
    },
    {
      "source": "David Guetta",
      "target": "Nicki Minaj",
      "colab_count": 1
    },
    {
      "source": "Enrique Iglesias",
      "target": "Descemer Bueno",
      "colab_count": 1
    },
    {
      "source": "Enrique Iglesias",
      "target": "Gente De Zona",
      "colab_count": 1
    },
    {
      "source": "Enrique Iglesias",
      "target": "Sean Paul",
      "colab_count": 1
    },
    {
      "source": "Evan Todd",
      "target": "Alice Lee",
      "colab_count": 1
    },
    {
      "source": "Evan Todd",
      "target": "Barrett Wilbert Weed",
      "colab_count": 1
    },
    {
      "source": "Evan Todd",
      "target": "Elle McLemore",
      "colab_count": 1
    },
    {
      "source": "Evan Todd",
      "target": "Jon Eidson",
      "colab_count": 1
    },
    {
      "source": "Freddie Gibbs",
      "target": "Domo Genesis",
      "colab_count": 1
    },
    {
      "source": "Freddie Gibbs",
      "target": "Earl Sweatshirt",
      "colab_count": 1
    },
    {
      "source": "Freddie Gibbs",
      "target": "Madlib",
      "colab_count": 1
    },
    {
      "source": "Future",
      "target": "Casino",
      "colab_count": 1
    },
    {
      "source": "Future",
      "target": "Pharrell Williams",
      "colab_count": 1
    },
    {
      "source": "Future",
      "target": "Pusha T",
      "colab_count": 1
    },
    {
      "source": "George Strait",
      "target": "Alan Jackson",
      "colab_count": 1
    },
    {
      "source": "George Strait",
      "target": "Eric Church",
      "colab_count": 1
    },
    {
      "source": "George Strait",
      "target": "Faith Hill",
      "colab_count": 1
    },
    {
      "source": "George Strait",
      "target": "Jason Aldean",
      "colab_count": 1
    },
    {
      "source": "George Strait",
      "target": "Kenny Chesney",
      "colab_count": 1
    },
    {
      "source": "George Strait",
      "target": "Martina McBride",
      "colab_count": 1
    },
    {
      "source": "George Strait",
      "target": "Miranda Lambert",
      "colab_count": 1
    },
    {
      "source": "George Strait",
      "target": "Ray Benson",
      "colab_count": 1
    },
    {
      "source": "George Strait",
      "target": "Sheryl Crow",
      "colab_count": 1
    },
    {
      "source": "George Strait",
      "target": "Vince Gill",
      "colab_count": 1
    },
    {
      "source": "Ht Bristol",
      "target": "Charlie Bannister",
      "colab_count": 1
    },
    {
      "source": "Ht Bristol",
      "target": "Nine One One",
      "colab_count": 1
    },
    {
      "source": "Ht Bristol",
      "target": "Vincent Steele",
      "colab_count": 1
    },
    {
      "source": "Jeremy Irons",
      "target": "Cheech Marin",
      "colab_count": 1
    },
    {
      "source": "Jeremy Irons",
      "target": "Jim Cummings",
      "colab_count": 1
    },
    {
      "source": "Jeremy Irons",
      "target": "Whoopi Goldberg",
      "colab_count": 1
    },
    {
      "source": "Jessica Keenan Wynn",
      "target": "AJ Meijer",
      "colab_count": 1
    },
    {
      "source": "Jessica Keenan Wynn",
      "target": "Barrett Wilbert Weed",
      "colab_count": 1
    },
    {
      "source": "Jessica Keenan Wynn",
      "target": "Dan Domenech",
      "colab_count": 1
    },
    {
      "source": "Jessica Keenan Wynn",
      "target": "Daniel Cooney",
      "colab_count": 1
    },
    {
      "source": "Jessica Keenan Wynn",
      "target": "Evan Todd",
      "colab_count": 1
    },
    {
      "source": "Jessica Keenan Wynn",
      "target": "Jon Eidson",
      "colab_count": 1
    },
    {
      "source": "Jessica Keenan Wynn",
      "target": "Michelle Duffy",
      "colab_count": 2
    },
    {
      "source": "Jon Eidson",
      "target": "Alice Lee",
      "colab_count": 1
    },
    {
      "source": "Jon Eidson",
      "target": "Barrett Wilbert Weed",
      "colab_count": 1
    },
    {
      "source": "Jon Eidson",
      "target": "Evan Todd",
      "colab_count": 1
    },
    {
      "source": "Jon Eidson",
      "target": "Jessica Keenan Wynn",
      "colab_count": 1
    },
    {
      "source": "Juicy J",
      "target": "Kill The Noise",
      "colab_count": 1
    },
    {
      "source": "Juicy J",
      "target": "Madsonik",
      "colab_count": 1
    },
    {
      "source": "Juicy J",
      "target": "Ty Dolla $ign",
      "colab_count": 1
    },
    {
      "source": "Juicy J",
      "target": "Wiz Khalifa",
      "colab_count": 1
    },
    {
      "source": "Kid Ink",
      "target": "2 Chainz",
      "colab_count": 1
    },
    {
      "source": "Kid Ink",
      "target": "Chris Brown",
      "colab_count": 1
    },
    {
      "source": "Kid Ink",
      "target": "Juicy J",
      "colab_count": 1
    },
    {
      "source": "Kid Ink",
      "target": "Trey Songz",
      "colab_count": 1
    },
    {
      "source": "Lin-Manuel Miranda",
      "target": "Alex Boniello",
      "colab_count": 1
    },
    {
      "source": "Lin-Manuel Miranda",
      "target": "Anthony Ramos",
      "colab_count": 1
    },
    {
      "source": "Lin-Manuel Miranda",
      "target": "Antwaun Holley",
      "colab_count": 1
    },
    {
      "source": "Lin-Manuel Miranda",
      "target": "Gerard Canonico",
      "colab_count": 1
    },
    {
      "source": "Lin-Manuel Miranda",
      "target": "Lindsay Mendez",
      "colab_count": 1
    },
    {
      "source": "Lin-Manuel Miranda",
      "target": "Original Radio Cast",
      "colab_count": 1
    },
    {
      "source": "Max Richter",
      "target": "Andre de Ridder",
      "colab_count": 1
    },
    {
      "source": "Max Richter",
      "target": "Chris Worsey",
      "colab_count": 1
    },
    {
      "source": "Max Richter",
      "target": "Daniel Hope",
      "colab_count": 1
    },
    {
      "source": "Max Richter",
      "target": "John Metcalfe",
      "colab_count": 1
    },
    {
      "source": "Max Richter",
      "target": "Konzerthaus Kammerorchester Berlin",
      "colab_count": 1
    },
    {
      "source": "Max Richter",
      "target": "Louisa Fuller",
      "colab_count": 1
    },
    {
      "source": "Max Richter",
      "target": "Natalia Bonner",
      "colab_count": 1
    },
    {
      "source": "Max Richter",
      "target": "Philip Sheppard",
      "colab_count": 1
    },
    {
      "source": "Mike WiLL Made-It",
      "target": "Future",
      "colab_count": 1
    },
    {
      "source": "Mike WiLL Made-It",
      "target": "Kendrick Lamar",
      "colab_count": 1
    },
    {
      "source": "Mike WiLL Made-It",
      "target": "Lil Wayne",
      "colab_count": 1
    },
    {
      "source": "Moonshine Bandits",
      "target": "Charlie Farley",
      "colab_count": 1
    },
    {
      "source": "Moonshine Bandits",
      "target": "Colt Ford",
      "colab_count": 1
    },
    {
      "source": "Moonshine Bandits",
      "target": "Sarah Ross",
      "colab_count": 1
    },
    {
      "source": "Mustard",
      "target": "Big Sean",
      "colab_count": 1
    },
    {
      "source": "Mustard",
      "target": "Boosie Badazz",
      "colab_count": 1
    },
    {
      "source": "Mustard",
      "target": "Lil Wayne",
      "colab_count": 1
    },
    {
      "source": "Mustard",
      "target": "YG",
      "colab_count": 1
    },
    {
      "source": "Nicki Minaj",
      "target": "Chris Brown",
      "colab_count": 2
    },
    {
      "source": "Nicki Minaj",
      "target": "Drake",
      "colab_count": 2
    },
    {
      "source": "Nicki Minaj",
      "target": "Lil Wayne",
      "colab_count": 2
    },
    {
      "source": "Pepe Aguilar",
      "target": "La Marisoul",
      "colab_count": 1
    },
    {
      "source": "Pepe Aguilar",
      "target": "Melissa Robles",
      "colab_count": 1
    },
    {
      "source": "Ryan McCartan",
      "target": "Barrett Wilbert Weed",
      "colab_count": 1
    },
    {
      "source": "Ryan McCartan",
      "target": "Evan Todd",
      "colab_count": 1
    },
    {
      "source": "Ryan McCartan",
      "target": "Jon Eidson",
      "colab_count": 1
    },
    {
      "source": "Sam Lachow",
      "target": "Jbyrd",
      "colab_count": 1
    },
    {
      "source": "Sam Lachow",
      "target": "Ryan Campbell",
      "colab_count": 1
    },
    {
      "source": "Sam Lachow",
      "target": "Sky Blaow",
      "colab_count": 1
    },
    {
      "source": "Sergei Prokofiev",
      "target": "Behzod Abduraimov",
      "colab_count": 1
    },
    {
      "source": "Sergei Prokofiev",
      "target": "Juraj Valcuha",
      "colab_count": 1
    },
    {
      "source": "Sergei Prokofiev",
      "target": "Orchestra Sinfonica Nazionale Della RAI",
      "colab_count": 1
    },
    {
      "source": "Seven Lions",
      "target": "Myon",
      "colab_count": 1
    },
    {
      "source": "Seven Lions",
      "target": "Shane 54",
      "colab_count": 1
    },
    {
      "source": "Seven Lions",
      "target": "Tove Lo",
      "colab_count": 1
    },
    {
      "source": "Sleep Baby Sleep",
      "target": "Deep Sleep",
      "colab_count": 1
    },
    {
      "source": "Sleep Baby Sleep",
      "target": "Meditation Awareness",
      "colab_count": 1
    },
    {
      "source": "Sleep Baby Sleep",
      "target": "Meditation Spa",
      "colab_count": 2
    },
    {
      "source": "Sleep Baby Sleep",
      "target": "Outside Broadcast Recordings",
      "colab_count": 1
    },
    {
      "source": "Sleep Baby Sleep",
      "target": "Rain Shower",
      "colab_count": 2
    },
    {
      "source": "Sleep Baby Sleep",
      "target": "Rain Spa",
      "colab_count": 2
    },
    {
      "source": "Sleep Baby Sleep",
      "target": "Sleep Sound Library",
      "colab_count": 1
    },
    {
      "source": "Sleep Baby Sleep",
      "target": "White Noise Therapy",
      "colab_count": 2
    },
    {
      "source": "Steve Aoki",
      "target": "Chris Lake",
      "colab_count": 1
    },
    {
      "source": "Steve Aoki",
      "target": "Kid Ink",
      "colab_count": 1
    },
    {
      "source": "Steve Aoki",
      "target": "Tujamo",
      "colab_count": 1
    },
    {
      "source": "Tech N9ne Collabos",
      "target": "John 5",
      "colab_count": 1
    },
    {
      "source": "Tech N9ne Collabos",
      "target": "Krizz Kaliko",
      "colab_count": 1
    },
    {
      "source": "Tech N9ne Collabos",
      "target": "Serj Tankian",
      "colab_count": 1
    },
    {
      "source": "Ty Dolla $ign",
      "target": "Mustard",
      "colab_count": 1
    },
    {
      "source": "Ty Dolla $ign",
      "target": "The Weeknd",
      "colab_count": 1
    },
    {
      "source": "Ty Dolla $ign",
      "target": "Wiz Khalifa",
      "colab_count": 1
    },
    {
      "source": "Warren Haynes",
      "target": "Allman Brothers Band",
      "colab_count": 1
    },
    {
      "source": "Warren Haynes",
      "target": "Brantley Gilbert",
      "colab_count": 1
    },
    {
      "source": "Warren Haynes",
      "target": "Derek Trucks",
      "colab_count": 1
    },
    {
      "source": "Warren Haynes",
      "target": "Devon Allman",
      "colab_count": 1
    },
    {
      "source": "Warren Haynes",
      "target": "Dr. John",
      "colab_count": 1
    },
    {
      "source": "Warren Haynes",
      "target": "Eric Church",
      "colab_count": 1
    },
    {
      "source": "Warren Haynes",
      "target": "Gregg Allman",
      "colab_count": 1
    },
    {
      "source": "Warren Haynes",
      "target": "Jackson Browne",
      "colab_count": 1
    },
    {
      "source": "Warren Haynes",
      "target": "Jimmy Hall",
      "colab_count": 1
    },
    {
      "source": "Warren Haynes",
      "target": "John Hiatt",
      "colab_count": 1
    },
    {
      "source": "Warren Haynes",
      "target": "Keb' Mo'",
      "colab_count": 1
    },
    {
      "source": "Warren Haynes",
      "target": "Martina McBride",
      "colab_count": 1
    },
    {
      "source": "Warren Haynes",
      "target": "Pat Monahan",
      "colab_count": 1
    },
    {
      "source": "Warren Haynes",
      "target": "Robert Randolph",
      "colab_count": 1
    },
    {
      "source": "Warren Haynes",
      "target": "Sam Moore",
      "colab_count": 1
    },
    {
      "source": "Warren Haynes",
      "target": "Susan Tedeschi",
      "colab_count": 1
    },
    {
      "source": "Warren Haynes",
      "target": "Taj Mahal",
      "colab_count": 1
    },
    {
      "source": "Warren Haynes",
      "target": "Trace Adkins",
      "colab_count": 1
    },
    {
      "source": "Warren Haynes",
      "target": "Vince Gill",
      "colab_count": 1
    },
    {
      "source": "Warren Haynes",
      "target": "Widespread Panic",
      "colab_count": 1
    },
    {
      "source": "Warren Haynes",
      "target": "Zac Brown",
      "colab_count": 1
    },
    {
      "source": "YG",
      "target": "Lil Wayne",
      "colab_count": 1
    },
    {
      "source": "YG",
      "target": "Meek Mill",
      "colab_count": 1
    },
    {
      "source": "YG",
      "target": "Nicki Minaj",
      "colab_count": 1
    },
    {
      "source": "YG",
      "target": "Rich Homie Quan",
      "colab_count": 1
    },
    {
      "source": "Young Money",
      "target": "Lil Wayne",
      "colab_count": 1
    },
    {
      "source": "Young Money",
      "target": "Nicki Minaj",
      "colab_count": 1
    },
    {
      "source": "Young Money",
      "target": "Tyga",
      "colab_count": 1
    }
  ]
}