{
  "nodes": [
    {
      "id": "2Pac",
      "group": 1,
      "song_count": 1
    },
    {
      "id": "A.R. Rahman",
      "group": 1,
      "song_count": 1
    },
    {
      "id": "Academy of St. Martin in the Fields",
      "group": 1,
      "song_count": 1
    },
    {
      "id": "Adam Pascal",
      "group": 2,
      "song_count": 2
    },
    {
      "id": "Al B. Sure!",
      "group": 1,
      "song_count": 1
    },
    {
      "id": "Alan Jackson",
      "group": 1,
      "song_count": 1
    },
    {
      "id": "Alan Titus",
      "group": 1,
      "song_count": 1
    },
    {
      "id": "Alexander Borodin",
      "group": 3,
      "song_count": 3
    },
    {
      "id": "Alexander Glazunov",
      "group": 3,
      "song_count": 3
    },
    {
      "id": "Alfred Brendel",
      "group": 1,
      "song_count": 1
    },
    {
      "id": "Alicia Morton",
      "group": 1,
      "song_count": 1
    },
    {
      "id": "Anthony Rapp",
      "group": 10,
      "song_count": 16
    },
    {
      "id": "Anuradha Sriram",
      "group": 3,
      "song_count": 3
    },
    {
      "id": "BBC Philharmonic",
      "group": 1,
      "song_count": 1
    },
    {
      "id": "Barry White",
      "group": 1,
      "song_count": 1
    },
    {
      "id": "Benny Andersson",
      "group": 5,
      "song_count": 5
    },
    {
      "id": "Berliner Philharmoniker",
      "group": 3,
      "song_count": 3
    },
    {
      "id": "Big Kap",
      "group": 2,
      "song_count": 2
    },
    {
      "id": "Busta Rhymes",
      "group": 1,
      "song_count": 1
    },
    {
      "id": "Byron Utley",
      "group": 1,
      "song_count": 1
    },
    {
      "id": "C-Murder",
      "group": 1,
      "song_count": 1
    },
    {
      "id": "Charles Strouse",
      "group": 3,
      "song_count": 3
    },
    {
      "id": "Claude Debussy",
      "group": 3,
      "song_count": 3
    },
    {
      "id": "Claudio Abbado",
      "group": 3,
      "song_count": 3
    },
    {
      "id": "Clint Black",
      "group": 1,
      "song_count": 1
    },
    {
      "id": "DEFARI",
      "group": 1,
      "song_count": 1
    },
    {
      "id": "DJ Mister Cee",
      "group": 1,
      "song_count": 1
    },
    {
      "id": "Danelle Wilson",
      "group": 1,
      "song_count": 1
    },
    {
      "id": "Daphne Rubin-Vega",
      "group": 2,
      "song_count": 2
    },
    {
      "id": "Dougie D",
      "group": 1,
      "song_count": 1
    },
    {
      "id": "Dr. Dre",
      "group": 10,
      "song_count": 25
    },
    {
      "id": "EPMD",
      "group": 3,
      "song_count": 3
    },
    {
      "id": "Eddie Griffin",
      "group": 2,
      "song_count": 2
    },
    {
      "id": "Edith Lienbacher",
      "group": 1,
      "song_count": 1
    },
    {
      "id": "El DeBarge",
      "group": 1,
      "song_count": 1
    },
    {
      "id": "Elena Filipova",
      "group": 1,
      "song_count": 1
    },
    {
      "id": "Eminem",
      "group": 1,
      "song_count": 1
    },
    {
      "id": "Erykah Badu",
      "group": 1,
      "song_count": 1
    },
    {
      "id": "Eve",
      "group": 1,
      "song_count": 1
    },
    {
      "id": "Fiend",
      "group": 1,
      "song_count": 1
    },
    {
      "id": "Fred Durst",
      "group": 1,
      "song_count": 1
    },
    {
      "id": "Fredi Walker",
      "group": 2,
      "song_count": 2
    },
    {
      "id": "Funkmaster Flex",
      "group": 7,
      "song_count": 7
    },
    {
      "id": "Garth Brooks",
      "group": 1,
      "song_count": 1
    },
    {
      "id": "George Clinton",
      "group": 1,
      "song_count": 1
    },
    {
      "id": "George Jones",
      "group": 1,
      "song_count": 1
    },
    {
      "id": "Gloria Scalchi",
      "group": 1,
      "song_count": 1
    },
    {
      "id": "Goldie Loc",
      "group": 1,
      "song_count": 1
    },
    {
      "id": "Guerilla Maab",
      "group": 4,
      "song_count": 4
    },
    {
      "id": "Gwen Stewart",
      "group": 1,
      "song_count": 1
    },
    {
      "id": "Harold Arlen",
      "group": 3,
      "song_count": 3
    },
    {
      "id": "Herwig Pecoraro",
      "group": 1,
      "song_count": 1
    },
    {
      "id": "Hilton McRae",
      "group": 1,
      "song_count": 1
    },
    {
      "id": "Hittman",
      "group": 5,
      "song_count": 5
    },
    {
      "id": "Hungarian Radio Chorus",
      "group": 1,
      "song_count": 1
    },
    {
      "id": "Hungarian State Opera Chorus",
      "group": 1,
      "song_count": 1
    },
    {
      "id": "Hungarian State Opera Orchestra",
      "group": 1,
      "song_count": 1
    },
    {
      "id": "Idina Menzel",
      "group": 2,
      "song_count": 2
    },
    {
      "id": "Inga Nielsen",
      "group": 1,
      "song_count": 1
    },
    {
      "id": "Iona Brown",
      "group": 1,
      "song_count": 1
    },
    {
      "id": "James Ingram",
      "group": 1,
      "song_count": 1
    },
    {
      "id": "James Judd",
      "group": 4,
      "song_count": 4
    },
    {
      "id": "Jason Carter",
      "group": 1,
      "song_count": 1
    },
    {
      "id": "Jesse L. Martin",
      "group": 2,
      "song_count": 2
    },
    {
      "id": "Joe Diffie",
      "group": 1,
      "song_count": 1
    },
    {
      "id": "John Petrucci",
      "group": 1,
      "song_count": 1
    },
    {
      "id": "John Stubberfield",
      "group": 1,
      "song_count": 1
    },
    {
      "id": "Jordan Rudess",
      "group": 1,
      "song_count": 1
    },
    {
      "id": "Jules Massenet",
      "group": 3,
      "song_count": 3
    },
    {
      "id": "Julian Lloyd Webber",
      "group": 4,
      "song_count": 4
    },
    {
      "id": "Karita Mattila",
      "group": 1,
      "song_count": 1
    },
    {
      "id": "Kay Johannsen",
      "group": 2,
      "song_count": 2
    },
    {
      "id": "Knoc-Turn'al",
      "group": 1,
      "song_count": 1
    },
    {
      "id": "Koka Kambon",
      "group": 1,
      "song_count": 1
    },
    {
      "id": "Kurt Moll",
      "group": 1,
      "song_count": 1
    },
    {
      "id": "Kurupt",
      "group": 2,
      "song_count": 2
    },
    {
      "id": "Lady Luck",
      "group": 1,
      "song_count": 1
    },
    {
      "id": "Lil' Kim",
      "group": 1,
      "song_count": 1
    },
    {
      "id": "Liquid Tension Experiment",
      "group": 4,
      "song_count": 4
    },
    {
      "id": "Lisa Beckley",
      "group": 1,
      "song_count": 1
    },
    {
      "id": "Ludwig van Beethoven",
      "group": 10,
      "song_count": 12
    },
    {
      "id": "MC Ren",
      "group": 1,
      "song_count": 1
    },
    {
      "id": "Marissa Rago",
      "group": 1,
      "song_count": 1
    },
    {
      "id": "Mark Chesnutt",
      "group": 10,
      "song_count": 10
    },
    {
      "id": "Mark Curry",
      "group": 1,
      "song_count": 1
    },
    {
      "id": "Martin Entwistle",
      "group": 1,
      "song_count": 1
    },
    {
      "id": "Method Man",
      "group": 1,
      "song_count": 1
    },
    {
      "id": "Methods of Mayhem",
      "group": 4,
      "song_count": 4
    },
    {
      "id": "Mia X",
      "group": 1,
      "song_count": 1
    },
    {
      "id": "Michael Halasz",
      "group": 1,
      "song_count": 1
    },
    {
      "id": "Michel Piquemal",
      "group": 1,
      "song_count": 1
    },
    {
      "id": "Michel Piquemal Vocal Ensemble",
      "group": 1,
      "song_count": 1
    },
    {
      "id": "Mike Portnoy",
      "group": 1,
      "song_count": 1
    },
    {
      "id": "Mix Master Mike",
      "group": 1,
      "song_count": 1
    },
    {
      "id": "Ms. Roq",
      "group": 4,
      "song_count": 4
    },
    {
      "id": "Nate Dogg",
      "group": 1,
      "song_count": 1
    },
    {
      "id": "Nicolas Colicos",
      "group": 1,
      "song_count": 1
    },
    {
      "id": "Nicolaus Esterhazy Sinfonia",
      "group": 1,
      "song_count": 1
    },
    {
      "id": "Nobuya Sugawa",
      "group": 1,
      "song_count": 1
    },
    {
      "id": "Orchestre De La Cite",
      "group": 1,
      "song_count": 1
    },
    {
      "id": "Oxford Camerata",
      "group": 1,
      "song_count": 1
    },
    {
      "id": "Oxford Schola Cantorum",
      "group": 1,
      "song_count": 1
    },
    {
      "id": "Pam Tillis",
      "group": 1,
      "song_count": 1
    },
    {
      "id": "Patty Loveless",
      "group": 1,
      "song_count": 1
    },
    {
      "id": "Paul Clarkson",
      "group": 1,
      "song_count": 1
    },
    {
      "id": "Peaches",
      "group": 1,
      "song_count": 1
    },
    {
      "id": "Peter Mikulas",
      "group": 1,
      "song_count": 1
    },
    {
      "id": "Quincy Jones",
      "group": 4,
      "song_count": 4
    },
    {
      "id": "Redman",
      "group": 1,
      "song_count": 1
    },
    {
      "id": "Royal Philharmonic Orchestra",
      "group": 4,
      "song_count": 4
    },
    {
      "id": "Sabine Meyer",
      "group": 1,
      "song_count": 1
    },
    {
      "id": "Sachio Fujioka",
      "group": 1,
      "song_count": 1
    },
    {
      "id": "Silkk The Shocker",
      "group": 1,
      "song_count": 1
    },
    {
      "id": "Siobhan McCarthy",
      "group": 1,
      "song_count": 1
    },
    {
      "id": "Sir Neville Marriner",
      "group": 1,
      "song_count": 1
    },
    {
      "id": "Sir Simon Rattle",
      "group": 1,
      "song_count": 1
    },
    {
      "id": "Six-Two",
      "group": 2,
      "song_count": 2
    },
    {
      "id": "Slovak Philharmonic",
      "group": 1,
      "song_count": 1
    },
    {
      "id": "Slovak Philharmonic Chorus",
      "group": 1,
      "song_count": 1
    },
    {
      "id": "Snoop Dogg",
      "group": 7,
      "song_count": 7
    },
    {
      "id": "Sonu Nigam",
      "group": 1,
      "song_count": 1
    },
    {
      "id": "Stig Anderson",
      "group": 1,
      "song_count": 1
    },
    {
      "id": "Sujatha",
      "group": 1,
      "song_count": 1
    },
    {
      "id": "Swedish Radio Choir",
      "group": 2,
      "song_count": 2
    },
    {
      "id": "T. Graham Brown",
      "group": 1,
      "song_count": 1
    },
    {
      "id": "Takashi Yoshimatsu",
      "group": 3,
      "song_count": 3
    },
    {
      "id": "Tariq Trotter",
      "group": 1,
      "song_count": 1
    },
    {
      "id": "Taye Diggs",
      "group": 2,
      "song_count": 2
    },
    {
      "id": "The Notorious B.I.G.",
      "group": 4,
      "song_count": 4
    },
    {
      "id": "The Roots",
      "group": 3,
      "song_count": 3
    },
    {
      "id": "The Time Bomb",
      "group": 1,
      "song_count": 1
    },
    {
      "id": "Tony Levin",
      "group": 1,
      "song_count": 1
    },
    {
      "id": "Traci Nelson",
      "group": 1,
      "song_count": 1
    },
    {
      "id": "Trae Tha Truth",
      "group": 1,
      "song_count": 1
    },
    {
      "id": "Travis Tritt",
      "group": 1,
      "song_count": 1
    },
    {
      "id": "Vince Gill",
      "group": 1,
      "song_count": 1
    },
    {
      "id": "Wiener Philharmoniker",
      "group": 1,
      "song_count": 1
    },
    {
      "id": "Wilson Jermaine Heredia",
      "group": 2,
      "song_count": 2
    },
    {
      "id": "Wolfgang Amadeus Mozart",
      "group": 10,
      "song_count": 28
    },
    {
      "id": "Wolfgang Glashof",
      "group": 1,
      "song_count": 1
    },
    {
      "id": "Xzibit",
      "group": 1,
      "song_count": 1
    },
    {
      "id": "Z-Ro",
      "group": 1,
      "song_count": 1
    }
  ],
  "links": [
    {
      "source": "Alexander Borodin",
      "target": "James Judd",
      "colab_count": 1
    },
    {
      "source": "Alexander Borodin",
      "target": "Julian Lloyd Webber",
      "colab_count": 1
    },
    {
      "source": "Alexander Borodin",
      "target": "Royal Philharmonic Orchestra",
      "colab_count": 1
    },
    {
      "source": "Alexander Glazunov",
      "target": "James Judd",
      "colab_count": 1
    },
    {
      "source": "Alexander Glazunov",
      "target": "Julian Lloyd Webber",
      "colab_count": 1
    },
    {
      "source": "Alexander Glazunov",
      "target": "Royal Philharmonic Orchestra",
      "colab_count": 1
    },
    {
      "source": "Anthony Rapp",
      "target": "Adam Pascal",
      "colab_count": 2
    },
    {
      "source": "Anthony Rapp",
      "target": "Byron Utley",
      "colab_count": 1
    },
    {
      "source": "Anthony Rapp",
      "target": "Daphne Rubin-Vega",
      "colab_count": 2
    },
    {
      "source": "Anthony Rapp",
      "target": "Fredi Walker",
      "colab_count": 2
    },
    {
      "source": "Anthony Rapp",
      "target": "Gwen Stewart",
      "colab_count": 1
    },
    {
      "source": "Anthony Rapp",
      "target": "Idina Menzel",
      "colab_count": 2
    },
    {
      "source": "Anthony Rapp",
      "target": "Jesse L. Martin",
      "colab_count": 2
    },
    {
      "source": "Anthony Rapp",
      "target": "Taye Diggs",
      "colab_count": 2
    },
    {
      "source": "Anthony Rapp",
      "target": "Wilson Jermaine Heredia",
      "colab_count": 2
    },
    {
      "source": "Anuradha Sriram",
      "target": "A.R. Rahman",
      "colab_count": 1
    },
    {
      "source": "Anuradha Sriram",
      "target": "Sonu Nigam",
      "colab_count": 1
    },
    {
      "source": "Anuradha Sriram",
      "target": "Sujatha",
      "colab_count": 1
    },
    {
      "source": "Benny Andersson",
      "target": "Hilton McRae",
      "colab_count": 1
    },
    {
      "source": "Benny Andersson",
      "target": "Nicolas Colicos",
      "colab_count": 1
    },
    {
      "source": "Benny Andersson",
      "target": "Paul Clarkson",
      "colab_count": 1
    },
    {
      "source": "Benny Andersson",
      "target": "Siobhan McCarthy",
      "colab_count": 1
    },
    {
      "source": "Benny Andersson",
      "target": "Stig Anderson",
      "colab_count": 1
    },
    {
      "source": "Charles Strouse",
      "target": "Alicia Morton",
      "colab_count": 1
    },
    {
      "source": "Charles Strouse",
      "target": "Danelle Wilson",
      "colab_count": 1
    },
    {
      "source": "Charles Strouse",
      "target": "Marissa Rago",
      "colab_count": 1
    },
    {
      "source": "Claude Debussy",
      "target": "James Judd",
      "colab_count": 1
    },
    {
      "source": "Claude Debussy",
      "target": "Julian Lloyd Webber",
      "colab_count": 1
    },
    {
      "source": "Claude Debussy",
      "target": "Royal Philharmonic Orchestra",
      "colab_count": 1
    },
    {
      "source": "Dr. Dre",
      "target": "DEFARI",
      "colab_count": 1
    },
    {
      "source": "Dr. Dre",
      "target": "Eddie Griffin",
      "colab_count": 2
    },
    {
      "source": "Dr. Dre",
      "target": "Hittman",
      "colab_count": 5
    },
    {
      "source": "Dr. Dre",
      "target": "Knoc-Turn'al",
      "colab_count": 1
    },
    {
      "source": "Dr. Dre",
      "target": "Koka Kambon",
      "colab_count": 1
    },
    {
      "source": "Dr. Dre",
      "target": "Kurupt",
      "colab_count": 2
    },
    {
      "source": "Dr. Dre",
      "target": "MC Ren",
      "colab_count": 1
    },
    {
      "source": "Dr. Dre",
      "target": "Ms. Roq",
      "colab_count": 4
    },
    {
      "source": "Dr. Dre",
      "target": "Nate Dogg",
      "colab_count": 1
    },
    {
      "source": "Dr. Dre",
      "target": "Six-Two",
      "colab_count": 2
    },
    {
      "source": "Dr. Dre",
      "target": "Snoop Dogg",
      "colab_count": 1
    },
    {
      "source": "Dr. Dre",
      "target": "The Time Bomb",
      "colab_count": 1
    },
    {
      "source": "Dr. Dre",
      "target": "Traci Nelson",
      "colab_count": 1
    },
    {
      "source": "Dr. Dre",
      "target": "Xzibit",
      "colab_count": 1
    },
    {
      "source": "EPMD",
      "target": "Lady Luck",
      "colab_count": 1
    },
    {
      "source": "EPMD",
      "target": "Method Man",
      "colab_count": 1
    },
    {
      "source": "EPMD",
      "target": "Redman",
      "colab_count": 1
    },
    {
      "source": "Funkmaster Flex",
      "target": "2Pac",
      "colab_count": 1
    },
    {
      "source": "Funkmaster Flex",
      "target": "Big Kap",
      "colab_count": 2
    },
    {
      "source": "Funkmaster Flex",
      "target": "DJ Mister Cee",
      "colab_count": 1
    },
    {
      "source": "Funkmaster Flex",
      "target": "Dr. Dre",
      "colab_count": 1
    },
    {
      "source": "Funkmaster Flex",
      "target": "Eminem",
      "colab_count": 1
    },
    {
      "source": "Funkmaster Flex",
      "target": "The Notorious B.I.G.",
      "colab_count": 1
    },
    {
      "source": "Guerilla Maab",
      "target": "Dougie D",
      "colab_count": 1
    },
    {
      "source": "Guerilla Maab",
      "target": "Peaches",
      "colab_count": 1
    },
    {
      "source": "Guerilla Maab",
      "target": "Trae Tha Truth",
      "colab_count": 1
    },
    {
      "source": "Guerilla Maab",
      "target": "Z-Ro",
      "colab_count": 1
    },
    {
      "source": "Harold Arlen",
      "target": "Jason Carter",
      "colab_count": 1
    },
    {
      "source": "Harold Arlen",
      "target": "John Stubberfield",
      "colab_count": 1
    },
    {
      "source": "Harold Arlen",
      "target": "Martin Entwistle",
      "colab_count": 1
    },
    {
      "source": "Jules Massenet",
      "target": "James Judd",
      "colab_count": 1
    },
    {
      "source": "Jules Massenet",
      "target": "Julian Lloyd Webber",
      "colab_count": 1
    },
    {
      "source": "Jules Massenet",
      "target": "Royal Philharmonic Orchestra",
      "colab_count": 1
    },
    {
      "source": "Liquid Tension Experiment",
      "target": "John Petrucci",
      "colab_count": 1
    },
    {
      "source": "Liquid Tension Experiment",
      "target": "Jordan Rudess",
      "colab_count": 1
    },
    {
      "source": "Liquid Tension Experiment",
      "target": "Mike Portnoy",
      "colab_count": 1
    },
    {
      "source": "Liquid Tension Experiment",
      "target": "Tony Levin",
      "colab_count": 1
    },
    {
      "source": "Ludwig van Beethoven",
      "target": "Alan Titus",
      "colab_count": 1
    },
    {
      "source": "Ludwig van Beethoven",
      "target": "Alfred Brendel",
      "colab_count": 1
    },
    {
      "source": "Ludwig van Beethoven",
      "target": "Edith Lienbacher",
      "colab_count": 1
    },
    {
      "source": "Ludwig van Beethoven",
      "target": "Herwig Pecoraro",
      "colab_count": 1
    },
    {
      "source": "Ludwig van Beethoven",
      "target": "Hungarian Radio Chorus",
      "colab_count": 1
    },
    {
      "source": "Ludwig van Beethoven",
      "target": "Inga Nielsen",
      "colab_count": 1
    },
    {
      "source": "Ludwig van Beethoven",
      "target": "Kurt Moll",
      "colab_count": 1
    },
    {
      "source": "Ludwig van Beethoven",
      "target": "Michael Halasz",
      "colab_count": 1
    },
    {
      "source": "Ludwig van Beethoven",
      "target": "Nicolaus Esterhazy Sinfonia",
      "colab_count": 1
    },
    {
      "source": "Ludwig van Beethoven",
      "target": "Sir Simon Rattle",
      "colab_count": 1
    },
    {
      "source": "Ludwig van Beethoven",
      "target": "Wiener Philharmoniker",
      "colab_count": 1
    },
    {
      "source": "Ludwig van Beethoven",
      "target": "Wolfgang Glashof",
      "colab_count": 1
    },
    {
      "source": "Mark Chesnutt",
      "target": "Alan Jackson",
      "colab_count": 1
    },
    {
      "source": "Mark Chesnutt",
      "target": "Clint Black",
      "colab_count": 1
    },
    {
      "source": "Mark Chesnutt",
      "target": "Garth Brooks",
      "colab_count": 1
    },
    {
      "source": "Mark Chesnutt",
      "target": "George Jones",
      "colab_count": 1
    },
    {
      "source": "Mark Chesnutt",
      "target": "Joe Diffie",
      "colab_count": 1
    },
    {
      "source": "Mark Chesnutt",
      "target": "Pam Tillis",
      "colab_count": 1
    },
    {
      "source": "Mark Chesnutt",
      "target": "Patty Loveless",
      "colab_count": 1
    },
    {
      "source": "Mark Chesnutt",
      "target": "T. Graham Brown",
      "colab_count": 1
    },
    {
      "source": "Mark Chesnutt",
      "target": "Travis Tritt",
      "colab_count": 1
    },
    {
      "source": "Mark Chesnutt",
      "target": "Vince Gill",
      "colab_count": 1
    },
    {
      "source": "Methods of Mayhem",
      "target": "Fred Durst",
      "colab_count": 1
    },
    {
      "source": "Methods of Mayhem",
      "target": "George Clinton",
      "colab_count": 1
    },
    {
      "source": "Methods of Mayhem",
      "target": "Lil' Kim",
      "colab_count": 1
    },
    {
      "source": "Methods of Mayhem",
      "target": "Mix Master Mike",
      "colab_count": 1
    },
    {
      "source": "Quincy Jones",
      "target": "Al B. Sure!",
      "colab_count": 1
    },
    {
      "source": "Quincy Jones",
      "target": "Barry White",
      "colab_count": 1
    },
    {
      "source": "Quincy Jones",
      "target": "El DeBarge",
      "colab_count": 1
    },
    {
      "source": "Quincy Jones",
      "target": "James Ingram",
      "colab_count": 1
    },
    {
      "source": "Snoop Dogg",
      "target": "C-Murder",
      "colab_count": 1
    },
    {
      "source": "Snoop Dogg",
      "target": "Fiend",
      "colab_count": 1
    },
    {
      "source": "Snoop Dogg",
      "target": "Goldie Loc",
      "colab_count": 1
    },
    {
      "source": "Snoop Dogg",
      "target": "Mia X",
      "colab_count": 1
    },
    {
      "source": "Snoop Dogg",
      "target": "Silkk The Shocker",
      "colab_count": 1
    },
    {
      "source": "Takashi Yoshimatsu",
      "target": "BBC Philharmonic",
      "colab_count": 1
    },
    {
      "source": "Takashi Yoshimatsu",
      "target": "Nobuya Sugawa",
      "colab_count": 1
    },
    {
      "source": "Takashi Yoshimatsu",
      "target": "Sachio Fujioka",
      "colab_count": 1
    },
    {
      "source": "The Notorious B.I.G.",
      "target": "Busta Rhymes",
      "colab_count": 1
    },
    {
      "source": "The Notorious B.I.G.",
      "target": "Mark Curry",
      "colab_count": 1
    },
    {
      "source": "The Notorious B.I.G.",
      "target": "Snoop Dogg",
      "colab_count": 1
    },
    {
      "source": "The Roots",
      "target": "Erykah Badu",
      "colab_count": 1
    },
    {
      "source": "The Roots",
      "target": "Eve",
      "colab_count": 1
    },
    {
      "source": "The Roots",
      "target": "Tariq Trotter",
      "colab_count": 1
    },
    {
      "source": "Wolfgang Amadeus Mozart",
      "target": "Academy of St. Martin in the Fields",
      "colab_count": 1
    },
    {
      "source": "Wolfgang Amadeus Mozart",
      "target": "Berliner Philharmoniker",
      "colab_count": 3
    },
    {
      "source": "Wolfgang Amadeus Mozart",
      "target": "Claudio Abbado",
      "colab_count": 3
    },
    {
      "source": "Wolfgang Amadeus Mozart",
      "target": "Elena Filipova",
      "colab_count": 1
    },
    {
      "source": "Wolfgang Amadeus Mozart",
      "target": "Gloria Scalchi",
      "colab_count": 1
    },
    {
      "source": "Wolfgang Amadeus Mozart",
      "target": "Hungarian State Opera Chorus",
      "colab_count": 1
    },
    {
      "source": "Wolfgang Amadeus Mozart",
      "target": "Hungarian State Opera Orchestra",
      "colab_count": 1
    },
    {
      "source": "Wolfgang Amadeus Mozart",
      "target": "Iona Brown",
      "colab_count": 1
    },
    {
      "source": "Wolfgang Amadeus Mozart",
      "target": "Karita Mattila",
      "colab_count": 1
    },
    {
      "source": "Wolfgang Amadeus Mozart",
      "target": "Kay Johannsen",
      "colab_count": 2
    },
    {
      "source": "Wolfgang Amadeus Mozart",
      "target": "Lisa Beckley",
      "colab_count": 1
    },
    {
      "source": "Wolfgang Amadeus Mozart",
      "target": "Michel Piquemal",
      "colab_count": 1
    },
    {
      "source": "Wolfgang Amadeus Mozart",
      "target": "Michel Piquemal Vocal Ensemble",
      "colab_count": 1
    },
    {
      "source": "Wolfgang Amadeus Mozart",
      "target": "Orchestre De La Cite",
      "colab_count": 1
    },
    {
      "source": "Wolfgang Amadeus Mozart",
      "target": "Oxford Camerata",
      "colab_count": 1
    },
    {
      "source": "Wolfgang Amadeus Mozart",
      "target": "Oxford Schola Cantorum",
      "colab_count": 1
    },
    {
      "source": "Wolfgang Amadeus Mozart",
      "target": "Peter Mikulas",
      "colab_count": 1
    },
    {
      "source": "Wolfgang Amadeus Mozart",
      "target": "Sabine Meyer",
      "colab_count": 1
    },
    {
      "source": "Wolfgang Amadeus Mozart",
      "target": "Sir Neville Marriner",
      "colab_count": 1
    },
    {
      "source": "Wolfgang Amadeus Mozart",
      "target": "Slovak Philharmonic",
      "colab_count": 1
    },
    {
      "source": "Wolfgang Amadeus Mozart",
      "target": "Slovak Philharmonic Chorus",
      "colab_count": 1
    },
    {
      "source": "Wolfgang Amadeus Mozart",
      "target": "Swedish Radio Choir",
      "colab_count": 2
    }
  ]
}