{
  "nodes": [
    {
      "id": "2nd Generation Outlawz",
      "group": 1,
      "song_count": 1
    },
    {
      "id": "Alan Gilbert",
      "group": 4,
      "song_count": 4
    },
    {
      "id": "Alfred Antonini",
      "group": 2,
      "song_count": 2
    },
    {
      "id": "Arjan Van Der Dussen",
      "group": 1,
      "song_count": 1
    },
    {
      "id": "B.S. Raja Iyengar",
      "group": 4,
      "song_count": 4
    },
    {
      "id": "Barbara Cook",
      "group": 3,
      "song_count": 3
    },
    {
      "id": "Bastiaan Everink",
      "group": 10,
      "song_count": 15
    },
    {
      "id": "Brabant Choir Lead By Louis Buskens",
      "group": 1,
      "song_count": 1
    },
    {
      "id": "Carl Maria von Weber",
      "group": 2,
      "song_count": 2
    },
    {
      "id": "Childrens Chorus",
      "group": 3,
      "song_count": 3
    },
    {
      "id": "City Slickers",
      "group": 1,
      "song_count": 1
    },
    {
      "id": "Dennis Morgan",
      "group": 3,
      "song_count": 3
    },
    {
      "id": "Ezio Pinza",
      "group": 4,
      "song_count": 4
    },
    {
      "id": "Fallout Beatz",
      "group": 1,
      "song_count": 1
    },
    {
      "id": "Frederick Dvonch",
      "group": 4,
      "song_count": 4
    },
    {
      "id": "G. V. Krishnamurthy",
      "group": 4,
      "song_count": 4
    },
    {
      "id": "Ganapathibhat",
      "group": 4,
      "song_count": 4
    },
    {
      "id": "George Tobias",
      "group": 1,
      "song_count": 1
    },
    {
      "id": "Hattle McDaniel",
      "group": 3,
      "song_count": 3
    },
    {
      "id": "Henry Mitchell",
      "group": 4,
      "song_count": 4
    },
    {
      "id": "Ida Lupino",
      "group": 1,
      "song_count": 1
    },
    {
      "id": "Jesse Lee Brooks",
      "group": 1,
      "song_count": 1
    },
    {
      "id": "Jim Hawthorne",
      "group": 4,
      "song_count": 4
    },
    {
      "id": "Joan Leslie",
      "group": 1,
      "song_count": 1
    },
    {
      "id": "Jon Cypher",
      "group": 2,
      "song_count": 2
    },
    {
      "id": "Julie Andrews",
      "group": 2,
      "song_count": 2
    },
    {
      "id": "Kamala Bai",
      "group": 4,
      "song_count": 4
    },
    {
      "id": "Kintero Shinigami",
      "group": 3,
      "song_count": 3
    },
    {
      "id": "Lakshmi Bai",
      "group": 4,
      "song_count": 4
    },
    {
      "id": "Larry Blyden",
      "group": 2,
      "song_count": 2
    },
    {
      "id": "Lauri Peters",
      "group": 4,
      "song_count": 4
    },
    {
      "id": "Lehman Engel",
      "group": 7,
      "song_count": 7
    },
    {
      "id": "M. V. Subbaiah Naidu",
      "group": 10,
      "song_count": 24
    },
    {
      "id": "Major Peter Kleine Schaars",
      "group": 5,
      "song_count": 5
    },
    {
      "id": "Marine Band Of The Royal Netherlands Navy",
      "group": 5,
      "song_count": 5
    },
    {
      "id": "Mary Martin",
      "group": 4,
      "song_count": 4
    },
    {
      "id": "Nanouck Brassers",
      "group": 2,
      "song_count": 2
    },
    {
      "id": "Nelson Eddy",
      "group": 4,
      "song_count": 4
    },
    {
      "id": "Olivia de Havilland",
      "group": 3,
      "song_count": 3
    },
    {
      "id": "One Shot Jones",
      "group": 1,
      "song_count": 1
    },
    {
      "id": "Pat Suzuki",
      "group": 2,
      "song_count": 2
    },
    {
      "id": "Patricia Neway",
      "group": 4,
      "song_count": 4
    },
    {
      "id": "Portia Nelson",
      "group": 4,
      "song_count": 4
    },
    {
      "id": "R. Nagendra Rao",
      "group": 4,
      "song_count": 4
    },
    {
      "id": "Richard Rodgers",
      "group": 10,
      "song_count": 76
    },
    {
      "id": "Rita Christina",
      "group": 1,
      "song_count": 1
    },
    {
      "id": "Robert Heger",
      "group": 2,
      "song_count": 2
    },
    {
      "id": "Ron Cuijpers",
      "group": 1,
      "song_count": 1
    },
    {
      "id": "Salvatore Dell'Isola",
      "group": 6,
      "song_count": 6
    },
    {
      "id": "Spike Jones",
      "group": 1,
      "song_count": 1
    },
    {
      "id": "Spike Jones Orchestra",
      "group": 1,
      "song_count": 1
    },
    {
      "id": "Theodore Bikel",
      "group": 3,
      "song_count": 3
    },
    {
      "id": "Virginia Haskins",
      "group": 4,
      "song_count": 4
    },
    {
      "id": "Willie Best",
      "group": 1,
      "song_count": 1
    }
  ],
  "links": [
    {
      "source": "Bastiaan Everink",
      "target": "Arjan Van Der Dussen",
      "colab_count": 1
    },
    {
      "source": "Bastiaan Everink",
      "target": "Brabant Choir Lead By Louis Buskens",
      "colab_count": 1
    },
    {
      "source": "Bastiaan Everink",
      "target": "Major Peter Kleine Schaars",
      "colab_count": 5
    },
    {
      "source": "Bastiaan Everink",
      "target": "Marine Band Of The Royal Netherlands Navy",
      "colab_count": 5
    },
    {
      "source": "Bastiaan Everink",
      "target": "Nanouck Brassers",
      "colab_count": 2
    },
    {
      "source": "Bastiaan Everink",
      "target": "Ron Cuijpers",
      "colab_count": 1
    },
    {
      "source": "Carl Maria von Weber",
      "target": "Robert Heger",
      "colab_count": 2
    },
    {
      "source": "Dennis Morgan",
      "target": "City Slickers",
      "colab_count": 1
    },
    {
      "source": "Dennis Morgan",
      "target": "Joan Leslie",
      "colab_count": 1
    },
    {
      "source": "Dennis Morgan",
      "target": "Spike Jones",
      "colab_count": 1
    },
    {
      "source": "Hattle McDaniel",
      "target": "Jesse Lee Brooks",
      "colab_count": 1
    },
    {
      "source": "Hattle McDaniel",
      "target": "Rita Christina",
      "colab_count": 1
    },
    {
      "source": "Hattle McDaniel",
      "target": "Willie Best",
      "colab_count": 1
    },
    {
      "source": "Kintero Shinigami",
      "target": "2nd Generation Outlawz",
      "colab_count": 1
    },
    {
      "source": "Kintero Shinigami",
      "target": "Fallout Beatz",
      "colab_count": 1
    },
    {
      "source": "Kintero Shinigami",
      "target": "One Shot Jones",
      "colab_count": 1
    },
    {
      "source": "M. V. Subbaiah Naidu",
      "target": "B.S. Raja Iyengar",
      "colab_count": 4
    },
    {
      "source": "M. V. Subbaiah Naidu",
      "target": "G. V. Krishnamurthy",
      "colab_count": 4
    },
    {
      "source": "M. V. Subbaiah Naidu",
      "target": "Ganapathibhat",
      "colab_count": 4
    },
    {
      "source": "M. V. Subbaiah Naidu",
      "target": "Kamala Bai",
      "colab_count": 4
    },
    {
      "source": "M. V. Subbaiah Naidu",
      "target": "Lakshmi Bai",
      "colab_count": 4
    },
    {
      "source": "M. V. Subbaiah Naidu",
      "target": "R. Nagendra Rao",
      "colab_count": 4
    },
    {
      "source": "Olivia de Havilland",
      "target": "George Tobias",
      "colab_count": 1
    },
    {
      "source": "Olivia de Havilland",
      "target": "Ida Lupino",
      "colab_count": 1
    },
    {
      "source": "Olivia de Havilland",
      "target": "Spike Jones Orchestra",
      "colab_count": 1
    },
    {
      "source": "Richard Rodgers",
      "target": "Alan Gilbert",
      "colab_count": 4
    },
    {
      "source": "Richard Rodgers",
      "target": "Alfred Antonini",
      "colab_count": 2
    },
    {
      "source": "Richard Rodgers",
      "target": "Barbara Cook",
      "colab_count": 3
    },
    {
      "source": "Richard Rodgers",
      "target": "Childrens Chorus",
      "colab_count": 3
    },
    {
      "source": "Richard Rodgers",
      "target": "Ezio Pinza",
      "colab_count": 4
    },
    {
      "source": "Richard Rodgers",
      "target": "Frederick Dvonch",
      "colab_count": 4
    },
    {
      "source": "Richard Rodgers",
      "target": "Henry Mitchell",
      "colab_count": 4
    },
    {
      "source": "Richard Rodgers",
      "target": "Jim Hawthorne",
      "colab_count": 4
    },
    {
      "source": "Richard Rodgers",
      "target": "Jon Cypher",
      "colab_count": 2
    },
    {
      "source": "Richard Rodgers",
      "target": "Julie Andrews",
      "colab_count": 2
    },
    {
      "source": "Richard Rodgers",
      "target": "Larry Blyden",
      "colab_count": 2
    },
    {
      "source": "Richard Rodgers",
      "target": "Lauri Peters",
      "colab_count": 4
    },
    {
      "source": "Richard Rodgers",
      "target": "Lehman Engel",
      "colab_count": 7
    },
    {
      "source": "Richard Rodgers",
      "target": "Mary Martin",
      "colab_count": 4
    },
    {
      "source": "Richard Rodgers",
      "target": "Nelson Eddy",
      "colab_count": 4
    },
    {
      "source": "Richard Rodgers",
      "target": "Pat Suzuki",
      "colab_count": 2
    },
    {
      "source": "Richard Rodgers",
      "target": "Patricia Neway",
      "colab_count": 4
    },
    {
      "source": "Richard Rodgers",
      "target": "Portia Nelson",
      "colab_count": 4
    },
    {
      "source": "Richard Rodgers",
      "target": "Salvatore Dell'Isola",
      "colab_count": 6
    },
    {
      "source": "Richard Rodgers",
      "target": "Theodore Bikel",
      "colab_count": 3
    },
    {
      "source": "Richard Rodgers",
      "target": "Virginia Haskins",
      "colab_count": 4
    }
  ]
}