{
  "nodes": [
    {
      "id": "2Pac",
      "group": 1,
      "song_count": 1
    },
    {
      "id": "50 Cent",
      "group": 4,
      "song_count": 4
    },
    {
      "id": "8Ball",
      "group": 2,
      "song_count": 2
    },
    {
      "id": "Aaron Lohr",
      "group": 1,
      "song_count": 1
    },
    {
      "id": "Adam Pascal",
      "group": 10,
      "song_count": 11
    },
    {
      "id": "Akon",
      "group": 1,
      "song_count": 1
    },
    {
      "id": "Alexander Borodin",
      "group": 8,
      "song_count": 8
    },
    {
      "id": "Alfonso Herrera",
      "group": 9,
      "song_count": 9
    },
    {
      "id": "Andreas Delfs",
      "group": 1,
      "song_count": 1
    },
    {
      "id": "Angelina Shvachka",
      "group": 1,
      "song_count": 1
    },
    {
      "id": "Anthony Rapp",
      "group": 8,
      "song_count": 8
    },
    {
      "id": "Avery Storm",
      "group": 1,
      "song_count": 1
    },
    {
      "id": "Big Boi",
      "group": 1,
      "song_count": 1
    },
    {
      "id": "Big Gee of Boyz N Da Hood",
      "group": 1,
      "song_count": 1
    },
    {
      "id": "Blackowned C-Bone",
      "group": 1,
      "song_count": 1
    },
    {
      "id": "Brandy",
      "group": 3,
      "song_count": 3
    },
    {
      "id": "Brown Boy",
      "group": 10,
      "song_count": 10
    },
    {
      "id": "Busta Rhymes",
      "group": 10,
      "song_count": 12
    },
    {
      "id": "Butch Cassidy",
      "group": 1,
      "song_count": 1
    },
    {
      "id": "Carl Orff",
      "group": 3,
      "song_count": 3
    },
    {
      "id": "Cast Of The Motion Picture Rent",
      "group": 2,
      "song_count": 2
    },
    {
      "id": "Christopher von Uckermann",
      "group": 9,
      "song_count": 9
    },
    {
      "id": "DJ Buddha",
      "group": 1,
      "song_count": 1
    },
    {
      "id": "DMX",
      "group": 2,
      "song_count": 2
    },
    {
      "id": "Daddy Yankee",
      "group": 6,
      "song_count": 6
    },
    {
      "id": "Daniel Harding",
      "group": 1,
      "song_count": 1
    },
    {
      "id": "David Zinman",
      "group": 2,
      "song_count": 2
    },
    {
      "id": "Diddy",
      "group": 1,
      "song_count": 1
    },
    {
      "id": "Dmytro Popov",
      "group": 1,
      "song_count": 1
    },
    {
      "id": "Dos",
      "group": 2,
      "song_count": 2
    },
    {
      "id": "Dr. Lonnie Smith",
      "group": 3,
      "song_count": 3
    },
    {
      "id": "Eddie Dee",
      "group": 10,
      "song_count": 16
    },
    {
      "id": "Eminem",
      "group": 1,
      "song_count": 1
    },
    {
      "id": "Evan Stover",
      "group": 1,
      "song_count": 1
    },
    {
      "id": "Fat Joe",
      "group": 4,
      "song_count": 4
    },
    {
      "id": "Fort Minor",
      "group": 3,
      "song_count": 3
    },
    {
      "id": "Franz Schubert",
      "group": 2,
      "song_count": 2
    },
    {
      "id": "Gallego",
      "group": 2,
      "song_count": 2
    },
    {
      "id": "George Balanchine's The Nutcracker",
      "group": 2,
      "song_count": 2
    },
    {
      "id": "George Benson",
      "group": 1,
      "song_count": 1
    },
    {
      "id": "Idina Menzel",
      "group": 2,
      "song_count": 2
    },
    {
      "id": "Ivy Queen",
      "group": 2,
      "song_count": 2
    },
    {
      "id": "Jagged Edge",
      "group": 1,
      "song_count": 1
    },
    {
      "id": "Jarvis Cocker",
      "group": 2,
      "song_count": 2
    },
    {
      "id": "Jason Buckle",
      "group": 10,
      "song_count": 10
    },
    {
      "id": "Jay Ungar",
      "group": 4,
      "song_count": 4
    },
    {
      "id": "Jeezy",
      "group": 3,
      "song_count": 3
    },
    {
      "id": "Jesse L. Martin",
      "group": 5,
      "song_count": 5
    },
    {
      "id": "Joe Lovano",
      "group": 1,
      "song_count": 1
    },
    {
      "id": "Johnny Prez",
      "group": 2,
      "song_count": 2
    },
    {
      "id": "Jonah Matranga",
      "group": 1,
      "song_count": 1
    },
    {
      "id": "Jonny Greenwood",
      "group": 2,
      "song_count": 2
    },
    {
      "id": "Jules Massenet",
      "group": 3,
      "song_count": 3
    },
    {
      "id": "Kenna",
      "group": 1,
      "song_count": 1
    },
    {
      "id": "Kiev Chamber Choir",
      "group": 1,
      "song_count": 1
    },
    {
      "id": "Killer Mike",
      "group": 3,
      "song_count": 3
    },
    {
      "id": "Lennox",
      "group": 1,
      "song_count": 1
    },
    {
      "id": "Lighter Shade Of Brown",
      "group": 2,
      "song_count": 2
    },
    {
      "id": "Lil Jon",
      "group": 2,
      "song_count": 2
    },
    {
      "id": "Lil' Will",
      "group": 1,
      "song_count": 1
    },
    {
      "id": "Lloyd Banks",
      "group": 3,
      "song_count": 3
    },
    {
      "id": "London Symphony Chorus",
      "group": 1,
      "song_count": 1
    },
    {
      "id": "London Symphony Orchestra",
      "group": 2,
      "song_count": 2
    },
    {
      "id": "MC Lyte",
      "group": 1,
      "song_count": 1
    },
    {
      "id": "MJG",
      "group": 2,
      "song_count": 2
    },
    {
      "id": "Maite Perroni",
      "group": 9,
      "song_count": 9
    },
    {
      "id": "Mary J. Blige",
      "group": 3,
      "song_count": 3
    },
    {
      "id": "Mase",
      "group": 1,
      "song_count": 1
    },
    {
      "id": "Master P",
      "group": 1,
      "song_count": 1
    },
    {
      "id": "Matt Glaser",
      "group": 1,
      "song_count": 1
    },
    {
      "id": "Missy Elliott",
      "group": 2,
      "song_count": 2
    },
    {
      "id": "Molly Mason",
      "group": 1,
      "song_count": 1
    },
    {
      "id": "Mykola Hobdych",
      "group": 1,
      "song_count": 1
    },
    {
      "id": "Mykola Koval",
      "group": 1,
      "song_count": 1
    },
    {
      "id": "Nas",
      "group": 1,
      "song_count": 1
    },
    {
      "id": "Nate Dogg",
      "group": 1,
      "song_count": 1
    },
    {
      "id": "Nelly",
      "group": 1,
      "song_count": 1
    },
    {
      "id": "New York City Ballet Orchestra",
      "group": 2,
      "song_count": 2
    },
    {
      "id": "Nicola Benedetti",
      "group": 1,
      "song_count": 1
    },
    {
      "id": "Nino Brown",
      "group": 2,
      "song_count": 2
    },
    {
      "id": "Noriega",
      "group": 1,
      "song_count": 1
    },
    {
      "id": "Papoose",
      "group": 2,
      "song_count": 2
    },
    {
      "id": "Philip Selway",
      "group": 2,
      "song_count": 2
    },
    {
      "id": "Pitbull",
      "group": 1,
      "song_count": 1
    },
    {
      "id": "Pyotr Ilyich Tchaikovsky",
      "group": 3,
      "song_count": 3
    },
    {
      "id": "Pyotr Ilyich Tchalovsky",
      "group": 3,
      "song_count": 3
    },
    {
      "id": "Queen Latifah",
      "group": 1,
      "song_count": 1
    },
    {
      "id": "RBD",
      "group": 10,
      "song_count": 27
    },
    {
      "id": "Rah Digga",
      "group": 2,
      "song_count": 2
    },
    {
      "id": "Remy Ma",
      "group": 1,
      "song_count": 1
    },
    {
      "id": "Richard Hickox",
      "group": 1,
      "song_count": 1
    },
    {
      "id": "Rock D The Legend",
      "group": 1,
      "song_count": 1
    },
    {
      "id": "Ron Carter",
      "group": 1,
      "song_count": 1
    },
    {
      "id": "Rosario Dawson",
      "group": 10,
      "song_count": 14
    },
    {
      "id": "Royal Philharmonic Orchestra",
      "group": 1,
      "song_count": 1
    },
    {
      "id": "Russ Barenberg",
      "group": 1,
      "song_count": 1
    },
    {
      "id": "Scarface",
      "group": 1,
      "song_count": 1
    },
    {
      "id": "Snoop Dogg",
      "group": 4,
      "song_count": 4
    },
    {
      "id": "Steve Claydon",
      "group": 2,
      "song_count": 2
    },
    {
      "id": "Steve Mackey",
      "group": 2,
      "song_count": 2
    },
    {
      "id": "Styles Of Beyond",
      "group": 1,
      "song_count": 1
    },
    {
      "id": "Taras Shtonda",
      "group": 1,
      "song_count": 1
    },
    {
      "id": "Taye Diggs",
      "group": 3,
      "song_count": 3
    },
    {
      "id": "Tego Calderon",
      "group": 2,
      "song_count": 2
    },
    {
      "id": "Tha Eastsidaz",
      "group": 1,
      "song_count": 1
    },
    {
      "id": "The Game",
      "group": 1,
      "song_count": 1
    },
    {
      "id": "The Notorious B.I.G.",
      "group": 10,
      "song_count": 10
    },
    {
      "id": "Theodore Kuchar",
      "group": 1,
      "song_count": 1
    },
    {
      "id": "Three 6 Mafia",
      "group": 6,
      "song_count": 6
    },
    {
      "id": "Tony Yayo",
      "group": 1,
      "song_count": 1
    },
    {
      "id": "Tracie Thoms",
      "group": 2,
      "song_count": 2
    },
    {
      "id": "Trick Daddy",
      "group": 1,
      "song_count": 1
    },
    {
      "id": "Ukraine National Radio Symphony Orchestra",
      "group": 1,
      "song_count": 1
    },
    {
      "id": "Voltio",
      "group": 2,
      "song_count": 2
    },
    {
      "id": "Wayne Wilcox",
      "group": 3,
      "song_count": 3
    },
    {
      "id": "Wilson Jermaine Heredia",
      "group": 3,
      "song_count": 3
    },
    {
      "id": "Wiso G",
      "group": 2,
      "song_count": 2
    },
    {
      "id": "Yo Yo",
      "group": 1,
      "song_count": 1
    },
    {
      "id": "Young Buck",
      "group": 4,
      "song_count": 4
    },
    {
      "id": "Zapp",
      "group": 2,
      "song_count": 2
    },
    {
      "id": "Zig-Zag",
      "group": 2,
      "song_count": 2
    },
    {
      "id": "Zion & Lennox",
      "group": 1,
      "song_count": 1
    }
  ],
  "links": [
    {
      "source": "50 Cent",
      "target": "Lloyd Banks",
      "colab_count": 1
    },
    {
      "source": "50 Cent",
      "target": "The Game",
      "colab_count": 1
    },
    {
      "source": "50 Cent",
      "target": "Tony Yayo",
      "colab_count": 1
    },
    {
      "source": "50 Cent",
      "target": "Young Buck",
      "colab_count": 1
    },
    {
      "source": "Adam Pascal",
      "target": "Anthony Rapp",
      "colab_count": 2
    },
    {
      "source": "Adam Pascal",
      "target": "Jesse L. Martin",
      "colab_count": 2
    },
    {
      "source": "Adam Pascal",
      "target": "Rosario Dawson",
      "colab_count": 1
    },
    {
      "source": "Adam Pascal",
      "target": "Wilson Jermaine Heredia",
      "colab_count": 2
    },
    {
      "source": "Alexander Borodin",
      "target": "Angelina Shvachka",
      "colab_count": 1
    },
    {
      "source": "Alexander Borodin",
      "target": "Dmytro Popov",
      "colab_count": 1
    },
    {
      "source": "Alexander Borodin",
      "target": "Kiev Chamber Choir",
      "colab_count": 1
    },
    {
      "source": "Alexander Borodin",
      "target": "Mykola Hobdych",
      "colab_count": 1
    },
    {
      "source": "Alexander Borodin",
      "target": "Mykola Koval",
      "colab_count": 1
    },
    {
      "source": "Alexander Borodin",
      "target": "Taras Shtonda",
      "colab_count": 1
    },
    {
      "source": "Alexander Borodin",
      "target": "Theodore Kuchar",
      "colab_count": 1
    },
    {
      "source": "Alexander Borodin",
      "target": "Ukraine National Radio Symphony Orchestra",
      "colab_count": 1
    },
    {
      "source": "Anthony Rapp",
      "target": "Adam Pascal",
      "colab_count": 1
    },
    {
      "source": "Anthony Rapp",
      "target": "Cast Of The Motion Picture Rent",
      "colab_count": 1
    },
    {
      "source": "Anthony Rapp",
      "target": "Jesse L. Martin",
      "colab_count": 1
    },
    {
      "source": "Anthony Rapp",
      "target": "Taye Diggs",
      "colab_count": 1
    },
    {
      "source": "Brandy",
      "target": "MC Lyte",
      "colab_count": 1
    },
    {
      "source": "Brandy",
      "target": "Queen Latifah",
      "colab_count": 1
    },
    {
      "source": "Brandy",
      "target": "Yo Yo",
      "colab_count": 1
    },
    {
      "source": "Brown Boy",
      "target": "Dos",
      "colab_count": 2
    },
    {
      "source": "Brown Boy",
      "target": "Lighter Shade Of Brown",
      "colab_count": 2
    },
    {
      "source": "Brown Boy",
      "target": "Nino Brown",
      "colab_count": 2
    },
    {
      "source": "Brown Boy",
      "target": "Zapp",
      "colab_count": 2
    },
    {
      "source": "Brown Boy",
      "target": "Zig-Zag",
      "colab_count": 2
    },
    {
      "source": "Busta Rhymes",
      "target": "DMX",
      "colab_count": 2
    },
    {
      "source": "Busta Rhymes",
      "target": "Lloyd Banks",
      "colab_count": 2
    },
    {
      "source": "Busta Rhymes",
      "target": "Mary J. Blige",
      "colab_count": 2
    },
    {
      "source": "Busta Rhymes",
      "target": "Missy Elliott",
      "colab_count": 2
    },
    {
      "source": "Busta Rhymes",
      "target": "Papoose",
      "colab_count": 2
    },
    {
      "source": "Busta Rhymes",
      "target": "Rah Digga",
      "colab_count": 2
    },
    {
      "source": "Carl Orff",
      "target": "London Symphony Chorus",
      "colab_count": 1
    },
    {
      "source": "Carl Orff",
      "target": "London Symphony Orchestra",
      "colab_count": 1
    },
    {
      "source": "Carl Orff",
      "target": "Richard Hickox",
      "colab_count": 1
    },
    {
      "source": "Daddy Yankee",
      "target": "DJ Buddha",
      "colab_count": 1
    },
    {
      "source": "Daddy Yankee",
      "target": "Lil Jon",
      "colab_count": 1
    },
    {
      "source": "Daddy Yankee",
      "target": "Noriega",
      "colab_count": 1
    },
    {
      "source": "Daddy Yankee",
      "target": "Pitbull",
      "colab_count": 1
    },
    {
      "source": "Dr. Lonnie Smith",
      "target": "George Benson",
      "colab_count": 1
    },
    {
      "source": "Dr. Lonnie Smith",
      "target": "Joe Lovano",
      "colab_count": 1
    },
    {
      "source": "Dr. Lonnie Smith",
      "target": "Ron Carter",
      "colab_count": 1
    },
    {
      "source": "Eddie Dee",
      "target": "Daddy Yankee",
      "colab_count": 2
    },
    {
      "source": "Eddie Dee",
      "target": "Gallego",
      "colab_count": 2
    },
    {
      "source": "Eddie Dee",
      "target": "Ivy Queen",
      "colab_count": 2
    },
    {
      "source": "Eddie Dee",
      "target": "Johnny Prez",
      "colab_count": 2
    },
    {
      "source": "Eddie Dee",
      "target": "Lennox",
      "colab_count": 1
    },
    {
      "source": "Eddie Dee",
      "target": "Tego Calderon",
      "colab_count": 2
    },
    {
      "source": "Eddie Dee",
      "target": "Voltio",
      "colab_count": 2
    },
    {
      "source": "Eddie Dee",
      "target": "Wiso G",
      "colab_count": 2
    },
    {
      "source": "Eddie Dee",
      "target": "Zion & Lennox",
      "colab_count": 1
    },
    {
      "source": "Fat Joe",
      "target": "Eminem",
      "colab_count": 1
    },
    {
      "source": "Fat Joe",
      "target": "Lil Jon",
      "colab_count": 1
    },
    {
      "source": "Fat Joe",
      "target": "Mase",
      "colab_count": 1
    },
    {
      "source": "Fat Joe",
      "target": "Remy Ma",
      "colab_count": 1
    },
    {
      "source": "Fort Minor",
      "target": "Jonah Matranga",
      "colab_count": 1
    },
    {
      "source": "Fort Minor",
      "target": "Kenna",
      "colab_count": 1
    },
    {
      "source": "Fort Minor",
      "target": "Styles Of Beyond",
      "colab_count": 1
    },
    {
      "source": "Franz Schubert",
      "target": "Andreas Delfs",
      "colab_count": 1
    },
    {
      "source": "Franz Schubert",
      "target": "Royal Philharmonic Orchestra",
      "colab_count": 1
    },
    {
      "source": "Jason Buckle",
      "target": "Jarvis Cocker",
      "colab_count": 2
    },
    {
      "source": "Jason Buckle",
      "target": "Jonny Greenwood",
      "colab_count": 2
    },
    {
      "source": "Jason Buckle",
      "target": "Philip Selway",
      "colab_count": 2
    },
    {
      "source": "Jason Buckle",
      "target": "Steve Claydon",
      "colab_count": 2
    },
    {
      "source": "Jason Buckle",
      "target": "Steve Mackey",
      "colab_count": 2
    },
    {
      "source": "Jay Ungar",
      "target": "Evan Stover",
      "colab_count": 1
    },
    {
      "source": "Jay Ungar",
      "target": "Matt Glaser",
      "colab_count": 1
    },
    {
      "source": "Jay Ungar",
      "target": "Molly Mason",
      "colab_count": 1
    },
    {
      "source": "Jay Ungar",
      "target": "Russ Barenberg",
      "colab_count": 1
    },
    {
      "source": "Jeezy",
      "target": "Lil' Will",
      "colab_count": 1
    },
    {
      "source": "Jeezy",
      "target": "Trick Daddy",
      "colab_count": 1
    },
    {
      "source": "Jeezy",
      "target": "Young Buck",
      "colab_count": 1
    },
    {
      "source": "Jules Massenet",
      "target": "Daniel Harding",
      "colab_count": 1
    },
    {
      "source": "Jules Massenet",
      "target": "London Symphony Orchestra",
      "colab_count": 1
    },
    {
      "source": "Jules Massenet",
      "target": "Nicola Benedetti",
      "colab_count": 1
    },
    {
      "source": "Killer Mike",
      "target": "Big Boi",
      "colab_count": 1
    },
    {
      "source": "Killer Mike",
      "target": "Blackowned C-Bone",
      "colab_count": 1
    },
    {
      "source": "Killer Mike",
      "target": "Rock D The Legend",
      "colab_count": 1
    },
    {
      "source": "Pyotr Ilyich Tchaikovsky",
      "target": "David Zinman",
      "colab_count": 1
    },
    {
      "source": "Pyotr Ilyich Tchaikovsky",
      "target": "George Balanchine's The Nutcracker",
      "colab_count": 1
    },
    {
      "source": "Pyotr Ilyich Tchaikovsky",
      "target": "New York City Ballet Orchestra",
      "colab_count": 1
    },
    {
      "source": "Pyotr Ilyich Tchalovsky",
      "target": "David Zinman",
      "colab_count": 1
    },
    {
      "source": "Pyotr Ilyich Tchalovsky",
      "target": "George Balanchine's The Nutcracker",
      "colab_count": 1
    },
    {
      "source": "Pyotr Ilyich Tchalovsky",
      "target": "New York City Ballet Orchestra",
      "colab_count": 1
    },
    {
      "source": "RBD",
      "target": "Alfonso Herrera",
      "colab_count": 9
    },
    {
      "source": "RBD",
      "target": "Christopher von Uckermann",
      "colab_count": 9
    },
    {
      "source": "RBD",
      "target": "Maite Perroni",
      "colab_count": 9
    },
    {
      "source": "Rosario Dawson",
      "target": "Adam Pascal",
      "colab_count": 2
    },
    {
      "source": "Rosario Dawson",
      "target": "Anthony Rapp",
      "colab_count": 2
    },
    {
      "source": "Rosario Dawson",
      "target": "Idina Menzel",
      "colab_count": 2
    },
    {
      "source": "Rosario Dawson",
      "target": "Jesse L. Martin",
      "colab_count": 2
    },
    {
      "source": "Rosario Dawson",
      "target": "Taye Diggs",
      "colab_count": 2
    },
    {
      "source": "Rosario Dawson",
      "target": "Tracie Thoms",
      "colab_count": 2
    },
    {
      "source": "Rosario Dawson",
      "target": "Wilson Jermaine Heredia",
      "colab_count": 1
    },
    {
      "source": "Snoop Dogg",
      "target": "Butch Cassidy",
      "colab_count": 1
    },
    {
      "source": "Snoop Dogg",
      "target": "Master P",
      "colab_count": 1
    },
    {
      "source": "Snoop Dogg",
      "target": "Nate Dogg",
      "colab_count": 1
    },
    {
      "source": "Snoop Dogg",
      "target": "Tha Eastsidaz",
      "colab_count": 1
    },
    {
      "source": "The Notorious B.I.G.",
      "target": "2Pac",
      "colab_count": 1
    },
    {
      "source": "The Notorious B.I.G.",
      "target": "Akon",
      "colab_count": 1
    },
    {
      "source": "The Notorious B.I.G.",
      "target": "Avery Storm",
      "colab_count": 1
    },
    {
      "source": "The Notorious B.I.G.",
      "target": "Big Gee of Boyz N Da Hood",
      "colab_count": 1
    },
    {
      "source": "The Notorious B.I.G.",
      "target": "Diddy",
      "colab_count": 1
    },
    {
      "source": "The Notorious B.I.G.",
      "target": "Jagged Edge",
      "colab_count": 1
    },
    {
      "source": "The Notorious B.I.G.",
      "target": "Mary J. Blige",
      "colab_count": 1
    },
    {
      "source": "The Notorious B.I.G.",
      "target": "Nas",
      "colab_count": 1
    },
    {
      "source": "The Notorious B.I.G.",
      "target": "Nelly",
      "colab_count": 1
    },
    {
      "source": "The Notorious B.I.G.",
      "target": "Scarface",
      "colab_count": 1
    },
    {
      "source": "Three 6 Mafia",
      "target": "8Ball",
      "colab_count": 2
    },
    {
      "source": "Three 6 Mafia",
      "target": "MJG",
      "colab_count": 2
    },
    {
      "source": "Three 6 Mafia",
      "target": "Young Buck",
      "colab_count": 2
    },
    {
      "source": "Wayne Wilcox",
      "target": "Aaron Lohr",
      "colab_count": 1
    },
    {
      "source": "Wayne Wilcox",
      "target": "Adam Pascal",
      "colab_count": 1
    },
    {
      "source": "Wayne Wilcox",
      "target": "Cast Of The Motion Picture Rent",
      "colab_count": 1
    }
  ]
}