{
  "nodes": [
    {
      "id": "Academy of St. Martin in the Fields",
      "group": 3,
      "song_count": 3
    },
    {
      "id": "Andrew Lloyd Webber",
      "group": 6,
      "song_count": 6
    },
    {
      "id": "Angel Romero",
      "group": 2,
      "song_count": 2
    },
    {
      "id": "Annie Lennox",
      "group": 1,
      "song_count": 1
    },
    {
      "id": "Antonio Vivaldi",
      "group": 10,
      "song_count": 10
    },
    {
      "id": "Aretha Franklin",
      "group": 1,
      "song_count": 1
    },
    {
      "id": "Bavarian Radio Symphony Orchestra",
      "group": 1,
      "song_count": 1
    },
    {
      "id": "Celin Romero",
      "group": 1,
      "song_count": 1
    },
    {
      "id": "Chyi Yu",
      "group": 1,
      "song_count": 1
    },
    {
      "id": "Colm Wilkinson",
      "group": 1,
      "song_count": 1
    },
    {
      "id": "Dave Stewart",
      "group": 1,
      "song_count": 1
    },
    {
      "id": "David Shifrin",
      "group": 1,
      "song_count": 1
    },
    {
      "id": "Diana Yang",
      "group": 1,
      "song_count": 1
    },
    {
      "id": "Dmitri Shostakovich",
      "group": 3,
      "song_count": 3
    },
    {
      "id": "English Chamber Orchestra",
      "group": 1,
      "song_count": 1
    },
    {
      "id": "Ermes Alessandro Mario",
      "group": 3,
      "song_count": 3
    },
    {
      "id": "Eurythmics",
      "group": 3,
      "song_count": 3
    },
    {
      "id": "Fei Yu-ching",
      "group": 1,
      "song_count": 1
    },
    {
      "id": "Frances Ruffelle",
      "group": 1,
      "song_count": 1
    },
    {
      "id": "George Gershwin",
      "group": 3,
      "song_count": 3
    },
    {
      "id": "Gerard Schwarz",
      "group": 1,
      "song_count": 1
    },
    {
      "id": "Giancarlo Chiaramello",
      "group": 1,
      "song_count": 1
    },
    {
      "id": "Heinrich Schiff",
      "group": 1,
      "song_count": 1
    },
    {
      "id": "Hong Ronghong",
      "group": 1,
      "song_count": 1
    },
    {
      "id": "Iona Brown",
      "group": 3,
      "song_count": 3
    },
    {
      "id": "James Lancelot",
      "group": 1,
      "song_count": 1
    },
    {
      "id": "Jenny Tseng",
      "group": 1,
      "song_count": 1
    },
    {
      "id": "Jody Chiang",
      "group": 1,
      "song_count": 1
    },
    {
      "id": "Johnny Cash",
      "group": 10,
      "song_count": 10
    },
    {
      "id": "Julie Sue",
      "group": 1,
      "song_count": 1
    },
    {
      "id": "Kris Kristofferson",
      "group": 10,
      "song_count": 10
    },
    {
      "id": "Lorin Levee",
      "group": 1,
      "song_count": 1
    },
    {
      "id": "Lorin Maazel",
      "group": 1,
      "song_count": 1
    },
    {
      "id": "Los Angeles Philharmonic",
      "group": 1,
      "song_count": 1
    },
    {
      "id": "Luciano Pavarotti",
      "group": 1,
      "song_count": 1
    },
    {
      "id": "Maxim Shostakovich",
      "group": 1,
      "song_count": 1
    },
    {
      "id": "Michael Ball",
      "group": 1,
      "song_count": 1
    },
    {
      "id": "Michael Tilson Thomas",
      "group": 1,
      "song_count": 1
    },
    {
      "id": "Mostly Mozart Orchestra",
      "group": 1,
      "song_count": 1
    },
    {
      "id": "Orchestra del Teatro Comunale di Bologna",
      "group": 1,
      "song_count": 1
    },
    {
      "id": "Paul Miles-Kingston",
      "group": 1,
      "song_count": 1
    },
    {
      "id": "Pepe Romero",
      "group": 1,
      "song_count": 1
    },
    {
      "id": "Rebecca Caine",
      "group": 3,
      "song_count": 3
    },
    {
      "id": "Sarah Brightman",
      "group": 1,
      "song_count": 1
    },
    {
      "id": "Sarah Chen",
      "group": 1,
      "song_count": 1
    },
    {
      "id": "The Highwaymen",
      "group": 10,
      "song_count": 40
    },
    {
      "id": "Tracy Huang",
      "group": 1,
      "song_count": 1
    },
    {
      "id": "Tsai Chin",
      "group": 10,
      "song_count": 10
    },
    {
      "id": "Wang Zhi Lei",
      "group": 1,
      "song_count": 1
    },
    {
      "id": "Waylon Jennings",
      "group": 10,
      "song_count": 10
    },
    {
      "id": "Willie Nelson",
      "group": 10,
      "song_count": 10
    },
    {
      "id": "Winchester Cathedral Choir",
      "group": 1,
      "song_count": 1
    },
    {
      "id": "Wolfgang Amadeus Mozart",
      "group": 3,
      "song_count": 3
    }
  ],
  "links": [
    {
      "source": "Andrew Lloyd Webber",
      "target": "English Chamber Orchestra",
      "colab_count": 1
    },
    {
      "source": "Andrew Lloyd Webber",
      "target": "James Lancelot",
      "colab_count": 1
    },
    {
      "source": "Andrew Lloyd Webber",
      "target": "Lorin Maazel",
      "colab_count": 1
    },
    {
      "source": "Andrew Lloyd Webber",
      "target": "Paul Miles-Kingston",
      "colab_count": 1
    },
    {
      "source": "Andrew Lloyd Webber",
      "target": "Sarah Brightman",
      "colab_count": 1
    },
    {
      "source": "Andrew Lloyd Webber",
      "target": "Winchester Cathedral Choir",
      "colab_count": 1
    },
    {
      "source": "Antonio Vivaldi",
      "target": "Academy of St. Martin in the Fields",
      "colab_count": 3
    },
    {
      "source": "Antonio Vivaldi",
      "target": "Angel Romero",
      "colab_count": 2
    },
    {
      "source": "Antonio Vivaldi",
      "target": "Celin Romero",
      "colab_count": 1
    },
    {
      "source": "Antonio Vivaldi",
      "target": "Iona Brown",
      "colab_count": 3
    },
    {
      "source": "Antonio Vivaldi",
      "target": "Pepe Romero",
      "colab_count": 1
    },
    {
      "source": "Dmitri Shostakovich",
      "target": "Bavarian Radio Symphony Orchestra",
      "colab_count": 1
    },
    {
      "source": "Dmitri Shostakovich",
      "target": "Heinrich Schiff",
      "colab_count": 1
    },
    {
      "source": "Dmitri Shostakovich",
      "target": "Maxim Shostakovich",
      "colab_count": 1
    },
    {
      "source": "Ermes Alessandro Mario",
      "target": "Giancarlo Chiaramello",
      "colab_count": 1
    },
    {
      "source": "Ermes Alessandro Mario",
      "target": "Luciano Pavarotti",
      "colab_count": 1
    },
    {
      "source": "Ermes Alessandro Mario",
      "target": "Orchestra del Teatro Comunale di Bologna",
      "colab_count": 1
    },
    {
      "source": "Eurythmics",
      "target": "Annie Lennox",
      "colab_count": 1
    },
    {
      "source": "Eurythmics",
      "target": "Aretha Franklin",
      "colab_count": 1
    },
    {
      "source": "Eurythmics",
      "target": "Dave Stewart",
      "colab_count": 1
    },
    {
      "source": "George Gershwin",
      "target": "Lorin Levee",
      "colab_count": 1
    },
    {
      "source": "George Gershwin",
      "target": "Los Angeles Philharmonic",
      "colab_count": 1
    },
    {
      "source": "George Gershwin",
      "target": "Michael Tilson Thomas",
      "colab_count": 1
    },
    {
      "source": "Rebecca Caine",
      "target": "Colm Wilkinson",
      "colab_count": 1
    },
    {
      "source": "Rebecca Caine",
      "target": "Frances Ruffelle",
      "colab_count": 1
    },
    {
      "source": "Rebecca Caine",
      "target": "Michael Ball",
      "colab_count": 1
    },
    {
      "source": "The Highwaymen",
      "target": "Johnny Cash",
      "colab_count": 10
    },
    {
      "source": "The Highwaymen",
      "target": "Kris Kristofferson",
      "colab_count": 10
    },
    {
      "source": "The Highwaymen",
      "target": "Waylon Jennings",
      "colab_count": 10
    },
    {
      "source": "The Highwaymen",
      "target": "Willie Nelson",
      "colab_count": 10
    },
    {
      "source": "Tsai Chin",
      "target": "Chyi Yu",
      "colab_count": 1
    },
    {
      "source": "Tsai Chin",
      "target": "Diana Yang",
      "colab_count": 1
    },
    {
      "source": "Tsai Chin",
      "target": "Fei Yu-ching",
      "colab_count": 1
    },
    {
      "source": "Tsai Chin",
      "target": "Hong Ronghong",
      "colab_count": 1
    },
    {
      "source": "Tsai Chin",
      "target": "Jenny Tseng",
      "colab_count": 1
    },
    {
      "source": "Tsai Chin",
      "target": "Jody Chiang",
      "colab_count": 1
    },
    {
      "source": "Tsai Chin",
      "target": "Julie Sue",
      "colab_count": 1
    },
    {
      "source": "Tsai Chin",
      "target": "Sarah Chen",
      "colab_count": 1
    },
    {
      "source": "Tsai Chin",
      "target": "Tracy Huang",
      "colab_count": 1
    },
    {
      "source": "Tsai Chin",
      "target": "Wang Zhi Lei",
      "colab_count": 1
    },
    {
      "source": "Wolfgang Amadeus Mozart",
      "target": "David Shifrin",
      "colab_count": 1
    },
    {
      "source": "Wolfgang Amadeus Mozart",
      "target": "Gerard Schwarz",
      "colab_count": 1
    },
    {
      "source": "Wolfgang Amadeus Mozart",
      "target": "Mostly Mozart Orchestra",
      "colab_count": 1
    }
  ]
}