{
  "nodes": [
    {
      "id": "8Ball",
      "group": 1,
      "song_count": 1
    },
    {
      "id": "AZ",
      "group": 3,
      "song_count": 3
    },
    {
      "id": "Abby Newton",
      "group": 1,
      "song_count": 1
    },
    {
      "id": "Academy of Ancient Music",
      "group": 1,
      "song_count": 1
    },
    {
      "id": "Academy of St. Martin in the Fields",
      "group": 1,
      "song_count": 1
    },
    {
      "id": "Accademia I Filarmonici",
      "group": 2,
      "song_count": 2
    },
    {
      "id": "Al Petteway",
      "group": 5,
      "song_count": 5
    },
    {
      "id": "Alberto Martini",
      "group": 2,
      "song_count": 2
    },
    {
      "id": "Amy White",
      "group": 1,
      "song_count": 1
    },
    {
      "id": "Andrea Bocelli",
      "group": 1,
      "song_count": 1
    },
    {
      "id": "Angie Martinez",
      "group": 1,
      "song_count": 1
    },
    {
      "id": "Anssi Mattila",
      "group": 1,
      "song_count": 1
    },
    {
      "id": "Antonio Vivaldi",
      "group": 9,
      "song_count": 9
    },
    {
      "id": "B-Legit",
      "group": 1,
      "song_count": 1
    },
    {
      "id": "Black Rob",
      "group": 1,
      "song_count": 1
    },
    {
      "id": "Bobby Driscoll",
      "group": 4,
      "song_count": 4
    },
    {
      "id": "Bone Thugs-N-Harmony",
      "group": 1,
      "song_count": 1
    },
    {
      "id": "Bonnie Rideout",
      "group": 1,
      "song_count": 1
    },
    {
      "id": "Bruce Reitherman",
      "group": 1,
      "song_count": 1
    },
    {
      "id": "C-Murder",
      "group": 1,
      "song_count": 1
    },
    {
      "id": "Cannibus",
      "group": 1,
      "song_count": 1
    },
    {
      "id": "Carl Thomas",
      "group": 1,
      "song_count": 1
    },
    {
      "id": "Chad Stuart",
      "group": 5,
      "song_count": 5
    },
    {
      "id": "Cheryl Freeman",
      "group": 10,
      "song_count": 11
    },
    {
      "id": "Chorus - Hercules",
      "group": 6,
      "song_count": 6
    },
    {
      "id": "Christopher Hogwood",
      "group": 1,
      "song_count": 1
    },
    {
      "id": "Coko",
      "group": 1,
      "song_count": 1
    },
    {
      "id": "DMX",
      "group": 2,
      "song_count": 2
    },
    {
      "id": "Da Brat",
      "group": 1,
      "song_count": 1
    },
    {
      "id": "Dick Van Dyke",
      "group": 3,
      "song_count": 3
    },
    {
      "id": "Diddy",
      "group": 10,
      "song_count": 10
    },
    {
      "id": "Digby Wolfe",
      "group": 1,
      "song_count": 1
    },
    {
      "id": "Dr. Dre",
      "group": 1,
      "song_count": 1
    },
    {
      "id": "E-40",
      "group": 1,
      "song_count": 1
    },
    {
      "id": "Edwynn",
      "group": 1,
      "song_count": 1
    },
    {
      "id": "Emanuel Ax",
      "group": 1,
      "song_count": 1
    },
    {
      "id": "Emma Kirkby",
      "group": 1,
      "song_count": 1
    },
    {
      "id": "Ensemble - The Lion King",
      "group": 8,
      "song_count": 8
    },
    {
      "id": "Eric Rigler",
      "group": 1,
      "song_count": 1
    },
    {
      "id": "Faca Kulu",
      "group": 1,
      "song_count": 1
    },
    {
      "id": "Faith Evans",
      "group": 1,
      "song_count": 1
    },
    {
      "id": "Fiend",
      "group": 1,
      "song_count": 1
    },
    {
      "id": "Francesco Sartori",
      "group": 4,
      "song_count": 4
    },
    {
      "id": "Frank Peterson",
      "group": 1,
      "song_count": 1
    },
    {
      "id": "Geoff Hoyle",
      "group": 1,
      "song_count": 1
    },
    {
      "id": "Ginuwine",
      "group": 1,
      "song_count": 1
    },
    {
      "id": "Heather Headley",
      "group": 4,
      "song_count": 4
    },
    {
      "id": "Indo G",
      "group": 1,
      "song_count": 1
    },
    {
      "id": "Isaac Stern",
      "group": 1,
      "song_count": 1
    },
    {
      "id": "J. Pat O'Malley",
      "group": 1,
      "song_count": 1
    },
    {
      "id": "Jaime Laredo",
      "group": 1,
      "song_count": 1
    },
    {
      "id": "James Macdonald",
      "group": 1,
      "song_count": 1
    },
    {
      "id": "Jason Raize",
      "group": 2,
      "song_count": 2
    },
    {
      "id": "Jermaine Dupri",
      "group": 3,
      "song_count": 3
    },
    {
      "id": "Jerry Colonna",
      "group": 1,
      "song_count": 1
    },
    {
      "id": "Johann Sebastian Bach",
      "group": 3,
      "song_count": 3
    },
    {
      "id": "John Vickery",
      "group": 1,
      "song_count": 1
    },
    {
      "id": "Jukka Rautasalo",
      "group": 1,
      "song_count": 1
    },
    {
      "id": "Julie Andrews",
      "group": 1,
      "song_count": 1
    },
    {
      "id": "Kajuana Shuford",
      "group": 1,
      "song_count": 1
    },
    {
      "id": "Karen Dotrice",
      "group": 1,
      "song_count": 1
    },
    {
      "id": "Kathryn Beaumont",
      "group": 4,
      "song_count": 4
    },
    {
      "id": "Kevin Cahoon",
      "group": 1,
      "song_count": 1
    },
    {
      "id": "LL Cool J",
      "group": 4,
      "song_count": 4
    },
    {
      "id": "LSG",
      "group": 3,
      "song_count": 3
    },
    {
      "id": "LaChanze",
      "group": 5,
      "song_count": 5
    },
    {
      "id": "Lebo M.",
      "group": 1,
      "song_count": 1
    },
    {
      "id": "Lil' Kim",
      "group": 6,
      "song_count": 6
    },
    {
      "id": "Lillias White",
      "group": 7,
      "song_count": 7
    },
    {
      "id": "Lisa \"Left Eye\" Lopes",
      "group": 1,
      "song_count": 1
    },
    {
      "id": "Lucio Quarantotto",
      "group": 1,
      "song_count": 1
    },
    {
      "id": "MJG",
      "group": 1,
      "song_count": 1
    },
    {
      "id": "Maggie Sansone",
      "group": 1,
      "song_count": 1
    },
    {
      "id": "Marco Fornaciari",
      "group": 1,
      "song_count": 1
    },
    {
      "id": "Mase",
      "group": 3,
      "song_count": 3
    },
    {
      "id": "Master P",
      "group": 7,
      "song_count": 7
    },
    {
      "id": "Matthew Garber",
      "group": 1,
      "song_count": 1
    },
    {
      "id": "Max Casella",
      "group": 5,
      "song_count": 5
    },
    {
      "id": "Method Man",
      "group": 1,
      "song_count": 1
    },
    {
      "id": "Mia X",
      "group": 1,
      "song_count": 1
    },
    {
      "id": "Missy Elliott",
      "group": 2,
      "song_count": 2
    },
    {
      "id": "Murphy Lee",
      "group": 1,
      "song_count": 1
    },
    {
      "id": "Mystikal",
      "group": 3,
      "song_count": 3
    },
    {
      "id": "Nas",
      "group": 1,
      "song_count": 1
    },
    {
      "id": "Nature",
      "group": 1,
      "song_count": 1
    },
    {
      "id": "Nicholas Kraemer",
      "group": 1,
      "song_count": 1
    },
    {
      "id": "O'Dell & Porsha",
      "group": 1,
      "song_count": 1
    },
    {
      "id": "Paul Collins",
      "group": 1,
      "song_count": 1
    },
    {
      "id": "Peter Warlock",
      "group": 3,
      "song_count": 3
    },
    {
      "id": "Petri Alanko",
      "group": 1,
      "song_count": 1
    },
    {
      "id": "Prophet Posse",
      "group": 3,
      "song_count": 3
    },
    {
      "id": "Redman",
      "group": 1,
      "song_count": 1
    },
    {
      "id": "Roberto Baraldi",
      "group": 1,
      "song_count": 1
    },
    {
      "id": "Roz Ryan",
      "group": 3,
      "song_count": 3
    },
    {
      "id": "Sarah Brightman",
      "group": 1,
      "song_count": 1
    },
    {
      "id": "Scott Irby-Ranniar",
      "group": 4,
      "song_count": 4
    },
    {
      "id": "Silkk The Shocker",
      "group": 2,
      "song_count": 2
    },
    {
      "id": "Sir Neville Marriner",
      "group": 1,
      "song_count": 1
    },
    {
      "id": "Snoop Dogg",
      "group": 1,
      "song_count": 1
    },
    {
      "id": "Stanley Wayne Mathis",
      "group": 1,
      "song_count": 1
    },
    {
      "id": "Susan Egan",
      "group": 4,
      "song_count": 4
    },
    {
      "id": "Tawatha Agee",
      "group": 1,
      "song_count": 1
    },
    {
      "id": "The Jud Conlon Chorus",
      "group": 1,
      "song_count": 1
    },
    {
      "id": "The Kaze",
      "group": 1,
      "song_count": 1
    },
    {
      "id": "The LOX",
      "group": 3,
      "song_count": 3
    },
    {
      "id": "The Notorious B.I.G.",
      "group": 6,
      "song_count": 6
    },
    {
      "id": "Three 6 Mafia",
      "group": 1,
      "song_count": 1
    },
    {
      "id": "Thurl Ravenscroft",
      "group": 1,
      "song_count": 1
    },
    {
      "id": "Tim Hudson",
      "group": 1,
      "song_count": 1
    },
    {
      "id": "Tom Alan Robbins",
      "group": 2,
      "song_count": 2
    },
    {
      "id": "Tommy Luske",
      "group": 1,
      "song_count": 1
    },
    {
      "id": "Tracy Nicole Chapman",
      "group": 1,
      "song_count": 1
    },
    {
      "id": "Tsidii Le Loka",
      "group": 3,
      "song_count": 3
    },
    {
      "id": "Twista",
      "group": 2,
      "song_count": 2
    },
    {
      "id": "Vaneese Thomas",
      "group": 5,
      "song_count": 5
    },
    {
      "id": "Wolfgang Amadeus Mozart",
      "group": 4,
      "song_count": 4
    },
    {
      "id": "Yo-Yo Ma",
      "group": 1,
      "song_count": 1
    }
  ],
  "links": [
    {
      "source": "AZ",
      "target": "Dr. Dre",
      "colab_count": 1
    },
    {
      "source": "AZ",
      "target": "Nas",
      "colab_count": 1
    },
    {
      "source": "AZ",
      "target": "Nature",
      "colab_count": 1
    },
    {
      "source": "Al Petteway",
      "target": "Abby Newton",
      "colab_count": 1
    },
    {
      "source": "Al Petteway",
      "target": "Amy White",
      "colab_count": 1
    },
    {
      "source": "Al Petteway",
      "target": "Bonnie Rideout",
      "colab_count": 1
    },
    {
      "source": "Al Petteway",
      "target": "Eric Rigler",
      "colab_count": 1
    },
    {
      "source": "Al Petteway",
      "target": "Maggie Sansone",
      "colab_count": 1
    },
    {
      "source": "Antonio Vivaldi",
      "target": "Academy of Ancient Music",
      "colab_count": 1
    },
    {
      "source": "Antonio Vivaldi",
      "target": "Accademia I Filarmonici",
      "colab_count": 2
    },
    {
      "source": "Antonio Vivaldi",
      "target": "Alberto Martini",
      "colab_count": 2
    },
    {
      "source": "Antonio Vivaldi",
      "target": "Christopher Hogwood",
      "colab_count": 1
    },
    {
      "source": "Antonio Vivaldi",
      "target": "Emma Kirkby",
      "colab_count": 1
    },
    {
      "source": "Antonio Vivaldi",
      "target": "Marco Fornaciari",
      "colab_count": 1
    },
    {
      "source": "Antonio Vivaldi",
      "target": "Roberto Baraldi",
      "colab_count": 1
    },
    {
      "source": "Bobby Driscoll",
      "target": "Kathryn Beaumont",
      "colab_count": 1
    },
    {
      "source": "Bobby Driscoll",
      "target": "Paul Collins",
      "colab_count": 1
    },
    {
      "source": "Bobby Driscoll",
      "target": "The Jud Conlon Chorus",
      "colab_count": 1
    },
    {
      "source": "Bobby Driscoll",
      "target": "Tommy Luske",
      "colab_count": 1
    },
    {
      "source": "Chad Stuart",
      "target": "Bruce Reitherman",
      "colab_count": 1
    },
    {
      "source": "Chad Stuart",
      "target": "Digby Wolfe",
      "colab_count": 1
    },
    {
      "source": "Chad Stuart",
      "target": "J. Pat O'Malley",
      "colab_count": 1
    },
    {
      "source": "Chad Stuart",
      "target": "Thurl Ravenscroft",
      "colab_count": 1
    },
    {
      "source": "Chad Stuart",
      "target": "Tim Hudson",
      "colab_count": 1
    },
    {
      "source": "Cheryl Freeman",
      "target": "LaChanze",
      "colab_count": 2
    },
    {
      "source": "Cheryl Freeman",
      "target": "Lillias White",
      "colab_count": 2
    },
    {
      "source": "Cheryl Freeman",
      "target": "Roz Ryan",
      "colab_count": 2
    },
    {
      "source": "Cheryl Freeman",
      "target": "Vaneese Thomas",
      "colab_count": 2
    },
    {
      "source": "Chorus - Hercules",
      "target": "Cheryl Freeman",
      "colab_count": 1
    },
    {
      "source": "Chorus - Hercules",
      "target": "LaChanze",
      "colab_count": 1
    },
    {
      "source": "Chorus - Hercules",
      "target": "Lillias White",
      "colab_count": 1
    },
    {
      "source": "Chorus - Hercules",
      "target": "Roz Ryan",
      "colab_count": 1
    },
    {
      "source": "Chorus - Hercules",
      "target": "Tawatha Agee",
      "colab_count": 1
    },
    {
      "source": "Chorus - Hercules",
      "target": "Vaneese Thomas",
      "colab_count": 1
    },
    {
      "source": "Dick Van Dyke",
      "target": "Julie Andrews",
      "colab_count": 1
    },
    {
      "source": "Dick Van Dyke",
      "target": "Karen Dotrice",
      "colab_count": 1
    },
    {
      "source": "Dick Van Dyke",
      "target": "Matthew Garber",
      "colab_count": 1
    },
    {
      "source": "Diddy",
      "target": "Carl Thomas",
      "colab_count": 1
    },
    {
      "source": "Diddy",
      "target": "Ginuwine",
      "colab_count": 1
    },
    {
      "source": "Diddy",
      "target": "Lil' Kim",
      "colab_count": 2
    },
    {
      "source": "Diddy",
      "target": "The LOX",
      "colab_count": 2
    },
    {
      "source": "Diddy",
      "target": "The Notorious B.I.G.",
      "colab_count": 2
    },
    {
      "source": "Diddy",
      "target": "Twista",
      "colab_count": 1
    },
    {
      "source": "Ensemble - The Lion King",
      "target": "John Vickery",
      "colab_count": 1
    },
    {
      "source": "Ensemble - The Lion King",
      "target": "Kevin Cahoon",
      "colab_count": 1
    },
    {
      "source": "Ensemble - The Lion King",
      "target": "Stanley Wayne Mathis",
      "colab_count": 1
    },
    {
      "source": "Ensemble - The Lion King",
      "target": "Tracy Nicole Chapman",
      "colab_count": 1
    },
    {
      "source": "Francesco Sartori",
      "target": "Andrea Bocelli",
      "colab_count": 1
    },
    {
      "source": "Francesco Sartori",
      "target": "Frank Peterson",
      "colab_count": 1
    },
    {
      "source": "Francesco Sartori",
      "target": "Lucio Quarantotto",
      "colab_count": 1
    },
    {
      "source": "Francesco Sartori",
      "target": "Sarah Brightman",
      "colab_count": 1
    },
    {
      "source": "Heather Headley",
      "target": "Ensemble - The Lion King",
      "colab_count": 1
    },
    {
      "source": "Heather Headley",
      "target": "Jason Raize",
      "colab_count": 1
    },
    {
      "source": "Heather Headley",
      "target": "Max Casella",
      "colab_count": 1
    },
    {
      "source": "Heather Headley",
      "target": "Tom Alan Robbins",
      "colab_count": 1
    },
    {
      "source": "Jermaine Dupri",
      "target": "Diddy",
      "colab_count": 1
    },
    {
      "source": "Jermaine Dupri",
      "target": "Murphy Lee",
      "colab_count": 1
    },
    {
      "source": "Jermaine Dupri",
      "target": "Snoop Dogg",
      "colab_count": 1
    },
    {
      "source": "Johann Sebastian Bach",
      "target": "Anssi Mattila",
      "colab_count": 1
    },
    {
      "source": "Johann Sebastian Bach",
      "target": "Jukka Rautasalo",
      "colab_count": 1
    },
    {
      "source": "Johann Sebastian Bach",
      "target": "Petri Alanko",
      "colab_count": 1
    },
    {
      "source": "Kathryn Beaumont",
      "target": "Edwynn",
      "colab_count": 1
    },
    {
      "source": "Kathryn Beaumont",
      "target": "James Macdonald",
      "colab_count": 1
    },
    {
      "source": "Kathryn Beaumont",
      "target": "Jerry Colonna",
      "colab_count": 1
    },
    {
      "source": "LL Cool J",
      "target": "Cannibus",
      "colab_count": 1
    },
    {
      "source": "LL Cool J",
      "target": "DMX",
      "colab_count": 1
    },
    {
      "source": "LL Cool J",
      "target": "Method Man",
      "colab_count": 1
    },
    {
      "source": "LL Cool J",
      "target": "Redman",
      "colab_count": 1
    },
    {
      "source": "LSG",
      "target": "Coko",
      "colab_count": 1
    },
    {
      "source": "LSG",
      "target": "Faith Evans",
      "colab_count": 1
    },
    {
      "source": "LSG",
      "target": "Missy Elliott",
      "colab_count": 1
    },
    {
      "source": "Lil' Kim",
      "target": "Angie Martinez",
      "colab_count": 1
    },
    {
      "source": "Lil' Kim",
      "target": "Da Brat",
      "colab_count": 1
    },
    {
      "source": "Lil' Kim",
      "target": "Lisa \"Left Eye\" Lopes",
      "colab_count": 1
    },
    {
      "source": "Lil' Kim",
      "target": "Missy Elliott",
      "colab_count": 1
    },
    {
      "source": "Lillias White",
      "target": "Cheryl Freeman",
      "colab_count": 1
    },
    {
      "source": "Lillias White",
      "target": "LaChanze",
      "colab_count": 1
    },
    {
      "source": "Lillias White",
      "target": "Vaneese Thomas",
      "colab_count": 1
    },
    {
      "source": "Mase",
      "target": "Black Rob",
      "colab_count": 1
    },
    {
      "source": "Mase",
      "target": "DMX",
      "colab_count": 1
    },
    {
      "source": "Mase",
      "target": "The LOX",
      "colab_count": 1
    },
    {
      "source": "Master P",
      "target": "C-Murder",
      "colab_count": 1
    },
    {
      "source": "Master P",
      "target": "Fiend",
      "colab_count": 1
    },
    {
      "source": "Master P",
      "target": "Mia X",
      "colab_count": 1
    },
    {
      "source": "Master P",
      "target": "O'Dell & Porsha",
      "colab_count": 1
    },
    {
      "source": "Master P",
      "target": "Silkk The Shocker",
      "colab_count": 2
    },
    {
      "source": "Max Casella",
      "target": "Ensemble - The Lion King",
      "colab_count": 1
    },
    {
      "source": "Max Casella",
      "target": "Jason Raize",
      "colab_count": 1
    },
    {
      "source": "Max Casella",
      "target": "Scott Irby-Ranniar",
      "colab_count": 1
    },
    {
      "source": "Max Casella",
      "target": "Tom Alan Robbins",
      "colab_count": 1
    },
    {
      "source": "Mystikal",
      "target": "B-Legit",
      "colab_count": 1
    },
    {
      "source": "Mystikal",
      "target": "E-40",
      "colab_count": 1
    },
    {
      "source": "Mystikal",
      "target": "Master P",
      "colab_count": 1
    },
    {
      "source": "Peter Warlock",
      "target": "Academy of St. Martin in the Fields",
      "colab_count": 1
    },
    {
      "source": "Peter Warlock",
      "target": "Nicholas Kraemer",
      "colab_count": 1
    },
    {
      "source": "Peter Warlock",
      "target": "Sir Neville Marriner",
      "colab_count": 1
    },
    {
      "source": "Prophet Posse",
      "target": "Indo G",
      "colab_count": 1
    },
    {
      "source": "Prophet Posse",
      "target": "The Kaze",
      "colab_count": 1
    },
    {
      "source": "Prophet Posse",
      "target": "Three 6 Mafia",
      "colab_count": 1
    },
    {
      "source": "Scott Irby-Ranniar",
      "target": "Ensemble - The Lion King",
      "colab_count": 1
    },
    {
      "source": "Scott Irby-Ranniar",
      "target": "Geoff Hoyle",
      "colab_count": 1
    },
    {
      "source": "Scott Irby-Ranniar",
      "target": "Kajuana Shuford",
      "colab_count": 1
    },
    {
      "source": "Susan Egan",
      "target": "Cheryl Freeman",
      "colab_count": 1
    },
    {
      "source": "Susan Egan",
      "target": "LaChanze",
      "colab_count": 1
    },
    {
      "source": "Susan Egan",
      "target": "Lillias White",
      "colab_count": 1
    },
    {
      "source": "Susan Egan",
      "target": "Vaneese Thomas",
      "colab_count": 1
    },
    {
      "source": "The Notorious B.I.G.",
      "target": "8Ball",
      "colab_count": 1
    },
    {
      "source": "The Notorious B.I.G.",
      "target": "Bone Thugs-N-Harmony",
      "colab_count": 1
    },
    {
      "source": "The Notorious B.I.G.",
      "target": "MJG",
      "colab_count": 1
    },
    {
      "source": "The Notorious B.I.G.",
      "target": "Twista",
      "colab_count": 1
    },
    {
      "source": "Tsidii Le Loka",
      "target": "Ensemble - The Lion King",
      "colab_count": 1
    },
    {
      "source": "Tsidii Le Loka",
      "target": "Faca Kulu",
      "colab_count": 1
    },
    {
      "source": "Tsidii Le Loka",
      "target": "Lebo M.",
      "colab_count": 1
    },
    {
      "source": "Wolfgang Amadeus Mozart",
      "target": "Emanuel Ax",
      "colab_count": 1
    },
    {
      "source": "Wolfgang Amadeus Mozart",
      "target": "Isaac Stern",
      "colab_count": 1
    },
    {
      "source": "Wolfgang Amadeus Mozart",
      "target": "Jaime Laredo",
      "colab_count": 1
    },
    {
      "source": "Wolfgang Amadeus Mozart",
      "target": "Yo-Yo Ma",
      "colab_count": 1
    }
  ]
}