{
  "nodes": [
    {
      "id": "A$AP Ferg",
      "group": 2,
      "song_count": 2
    },
    {
      "id": "A$AP Rocky",
      "group": 6,
      "song_count": 6
    },
    {
      "id": "Aaron Shaw",
      "group": 1,
      "song_count": 1
    },
    {
      "id": "Allan Kingdom",
      "group": 1,
      "song_count": 1
    },
    {
      "id": "Anna Wise",
      "group": 2,
      "song_count": 2
    },
    {
      "id": "Anthony Ramos",
      "group": 10,
      "song_count": 23
    },
    {
      "id": "Arcangel",
      "group": 1,
      "song_count": 1
    },
    {
      "id": "Ariana DeBose",
      "group": 1,
      "song_count": 1
    },
    {
      "id": "August Alsina",
      "group": 1,
      "song_count": 1
    },
    {
      "id": "Austin Feinstein",
      "group": 1,
      "song_count": 1
    },
    {
      "id": "BBC Symphony Orchestra",
      "group": 1,
      "song_count": 1
    },
    {
      "id": "Big K.R.I.T.",
      "group": 1,
      "song_count": 1
    },
    {
      "id": "Big Scoob",
      "group": 1,
      "song_count": 1
    },
    {
      "id": "Bilal",
      "group": 2,
      "song_count": 2
    },
    {
      "id": "Blu",
      "group": 1,
      "song_count": 1
    },
    {
      "id": "Booboo Stewart",
      "group": 2,
      "song_count": 2
    },
    {
      "id": "Bubba Sparxxx",
      "group": 1,
      "song_count": 1
    },
    {
      "id": "Busta Rhymes",
      "group": 1,
      "song_count": 1
    },
    {
      "id": "Calming Rainforest Sounds",
      "group": 4,
      "song_count": 4
    },
    {
      "id": "Calming Sounds",
      "group": 1,
      "song_count": 1
    },
    {
      "id": "Cameron Boyce",
      "group": 2,
      "song_count": 2
    },
    {
      "id": "Canciones De Cuna",
      "group": 1,
      "song_count": 1
    },
    {
      "id": "Carnage",
      "group": 3,
      "song_count": 3
    },
    {
      "id": "Charlie Wilson",
      "group": 1,
      "song_count": 1
    },
    {
      "id": "Chaz Bundick",
      "group": 1,
      "song_count": 1
    },
    {
      "id": "Chris Brown",
      "group": 1,
      "song_count": 1
    },
    {
      "id": "Chris Lake",
      "group": 1,
      "song_count": 1
    },
    {
      "id": "Christopher Jackson",
      "group": 8,
      "song_count": 8
    },
    {
      "id": "D. Thrash",
      "group": 1,
      "song_count": 1
    },
    {
      "id": "DJ Khaled",
      "group": 4,
      "song_count": 4
    },
    {
      "id": "Daddy Yankee",
      "group": 2,
      "song_count": 2
    },
    {
      "id": "Daniil Trifonov",
      "group": 1,
      "song_count": 1
    },
    {
      "id": "Daveed Diggs",
      "group": 10,
      "song_count": 17
    },
    {
      "id": "De La Ghetto",
      "group": 3,
      "song_count": 3
    },
    {
      "id": "Deep Sleep",
      "group": 6,
      "song_count": 6
    },
    {
      "id": "Demun Jones",
      "group": 1,
      "song_count": 1
    },
    {
      "id": "Dove Cameron",
      "group": 9,
      "song_count": 9
    },
    {
      "id": "Dumbfoundead",
      "group": 1,
      "song_count": 1
    },
    {
      "id": "Durwood Black",
      "group": 1,
      "song_count": 1
    },
    {
      "id": "Edvard Grieg",
      "group": 3,
      "song_count": 3
    },
    {
      "id": "Ephraim Sykes",
      "group": 1,
      "song_count": 1
    },
    {
      "id": "Excision",
      "group": 1,
      "song_count": 1
    },
    {
      "id": "Farruko",
      "group": 1,
      "song_count": 1
    },
    {
      "id": "Father",
      "group": 1,
      "song_count": 1
    },
    {
      "id": "Fresh Water Sounds",
      "group": 2,
      "song_count": 2
    },
    {
      "id": "Fresh Water Spa",
      "group": 1,
      "song_count": 1
    },
    {
      "id": "Future",
      "group": 4,
      "song_count": 4
    },
    {
      "id": "Hermitude",
      "group": 3,
      "song_count": 3
    },
    {
      "id": "J Balvin",
      "group": 8,
      "song_count": 8
    },
    {
      "id": "Ja Rule",
      "group": 1,
      "song_count": 1
    },
    {
      "id": "Jasmine Cephas-Jones",
      "group": 4,
      "song_count": 4
    },
    {
      "id": "Javier Perianes",
      "group": 1,
      "song_count": 1
    },
    {
      "id": "Jeff Lewis",
      "group": 1,
      "song_count": 1
    },
    {
      "id": "Jeremih",
      "group": 1,
      "song_count": 1
    },
    {
      "id": "Joe Fox",
      "group": 1,
      "song_count": 1
    },
    {
      "id": "Jon Rua",
      "group": 1,
      "song_count": 1
    },
    {
      "id": "KXNG Crooked",
      "group": 1,
      "song_count": 1
    },
    {
      "id": "Kala Balch",
      "group": 1,
      "song_count": 1
    },
    {
      "id": "Kaleena Zanders",
      "group": 1,
      "song_count": 1
    },
    {
      "id": "Kali Uchis",
      "group": 2,
      "song_count": 2
    },
    {
      "id": "Kanye West",
      "group": 3,
      "song_count": 3
    },
    {
      "id": "Keith Ape",
      "group": 4,
      "song_count": 4
    },
    {
      "id": "Kendrick Lamar",
      "group": 6,
      "song_count": 6
    },
    {
      "id": "Kid Ink",
      "group": 4,
      "song_count": 4
    },
    {
      "id": "Lenny Cooper",
      "group": 1,
      "song_count": 1
    },
    {
      "id": "Leslie Odom Jr.",
      "group": 10,
      "song_count": 27
    },
    {
      "id": "Lightning, Thunder and Rain Storm",
      "group": 3,
      "song_count": 3
    },
    {
      "id": "Lil Uzi Vert",
      "group": 1,
      "song_count": 1
    },
    {
      "id": "Lil Wayne",
      "group": 1,
      "song_count": 1
    },
    {
      "id": "Lin-Manuel Miranda",
      "group": 10,
      "song_count": 35
    },
    {
      "id": "Louis The Child",
      "group": 1,
      "song_count": 1
    },
    {
      "id": "Lullabies for Deep Meditation",
      "group": 1,
      "song_count": 1
    },
    {
      "id": "Lullaby Land",
      "group": 1,
      "song_count": 1
    },
    {
      "id": "M.I.A.",
      "group": 1,
      "song_count": 1
    },
    {
      "id": "MED",
      "group": 3,
      "song_count": 3
    },
    {
      "id": "MF DOOM",
      "group": 1,
      "song_count": 1
    },
    {
      "id": "Madlib",
      "group": 1,
      "song_count": 1
    },
    {
      "id": "Marco Marinangeli",
      "group": 1,
      "song_count": 1
    },
    {
      "id": "Mark Ronson",
      "group": 1,
      "song_count": 1
    },
    {
      "id": "Mataya",
      "group": 1,
      "song_count": 1
    },
    {
      "id": "Matoma",
      "group": 3,
      "song_count": 3
    },
    {
      "id": "Matroda",
      "group": 1,
      "song_count": 1
    },
    {
      "id": "Mayor Apeshit",
      "group": 1,
      "song_count": 1
    },
    {
      "id": "Meditation Awareness",
      "group": 1,
      "song_count": 1
    },
    {
      "id": "Meditation Music Club",
      "group": 6,
      "song_count": 6
    },
    {
      "id": "Meditation Music Masters",
      "group": 1,
      "song_count": 1
    },
    {
      "id": "Miguel",
      "group": 1,
      "song_count": 1
    },
    {
      "id": "Mike WiLL Made-It",
      "group": 3,
      "song_count": 3
    },
    {
      "id": "Mitchell Hope",
      "group": 4,
      "song_count": 4
    },
    {
      "id": "Moccasin Creek",
      "group": 1,
      "song_count": 1
    },
    {
      "id": "Moonshine Bandits",
      "group": 8,
      "song_count": 8
    },
    {
      "id": "Natural Sounds",
      "group": 1,
      "song_count": 1
    },
    {
      "id": "Nature & Sounds Backgrounds",
      "group": 1,
      "song_count": 1
    },
    {
      "id": "Nicky Jam",
      "group": 1,
      "song_count": 1
    },
    {
      "id": "Noisestorm",
      "group": 1,
      "song_count": 1
    },
    {
      "id": "Ocean Sounds",
      "group": 2,
      "song_count": 2
    },
    {
      "id": "Ocean Sounds Collection",
      "group": 1,
      "song_count": 1
    },
    {
      "id": "Ocean Waves For Sleep",
      "group": 5,
      "song_count": 5
    },
    {
      "id": "Okieriete Onaodowan",
      "group": 10,
      "song_count": 12
    },
    {
      "id": "Original Broadway Cast of Hamilton",
      "group": 10,
      "song_count": 13
    },
    {
      "id": "Outside Broadcast Recordings",
      "group": 1,
      "song_count": 1
    },
    {
      "id": "Paul McCartney",
      "group": 1,
      "song_count": 1
    },
    {
      "id": "Pegboard Nerds",
      "group": 3,
      "song_count": 3
    },
    {
      "id": "Philadelphia Orchestra",
      "group": 1,
      "song_count": 1
    },
    {
      "id": "Phillipa Soo",
      "group": 6,
      "song_count": 6
    },
    {
      "id": "Rae Sremmurd",
      "group": 1,
      "song_count": 1
    },
    {
      "id": "Rain Sounds",
      "group": 6,
      "song_count": 6
    },
    {
      "id": "Rain Sounds Nature Collection",
      "group": 1,
      "song_count": 1
    },
    {
      "id": "Rain for Deep Sleep",
      "group": 4,
      "song_count": 4
    },
    {
      "id": "Rainfall",
      "group": 2,
      "song_count": 2
    },
    {
      "id": "Ralph Tresvant",
      "group": 1,
      "song_count": 1
    },
    {
      "id": "Redneck Souljers",
      "group": 1,
      "song_count": 1
    },
    {
      "id": "Relax Meditate Sleep",
      "group": 1,
      "song_count": 1
    },
    {
      "id": "Relaxation",
      "group": 1,
      "song_count": 1
    },
    {
      "id": "Rich Homie Quan",
      "group": 1,
      "song_count": 1
    },
    {
      "id": "Rich The Kid",
      "group": 1,
      "song_count": 1
    },
    {
      "id": "Rob Bailey & The Hustle Standard",
      "group": 3,
      "song_count": 3
    },
    {
      "id": "Rod Stewart",
      "group": 1,
      "song_count": 1
    },
    {
      "id": "Roy Ayers",
      "group": 1,
      "song_count": 1
    },
    {
      "id": "SNBRN",
      "group": 3,
      "song_count": 3
    },
    {
      "id": "Sakari Oramo",
      "group": 1,
      "song_count": 1
    },
    {
      "id": "Samantha Nelson",
      "group": 1,
      "song_count": 1
    },
    {
      "id": "Sarah Jeffrey",
      "group": 1,
      "song_count": 1
    },
    {
      "id": "Sasha Hutchings",
      "group": 1,
      "song_count": 1
    },
    {
      "id": "Sergei Rachmaninoff",
      "group": 2,
      "song_count": 2
    },
    {
      "id": "Sky Rompiendo",
      "group": 1,
      "song_count": 1
    },
    {
      "id": "Sleep Baby Sleep",
      "group": 8,
      "song_count": 8
    },
    {
      "id": "Sleep Sound Library",
      "group": 1,
      "song_count": 1
    },
    {
      "id": "Snoop Dogg",
      "group": 1,
      "song_count": 1
    },
    {
      "id": "Sofia Carson",
      "group": 2,
      "song_count": 2
    },
    {
      "id": "Soothing White Noise for Infant Sleeping and Massage, Crying & Colic Relief",
      "group": 1,
      "song_count": 1
    },
    {
      "id": "Sounds Of Nature : Thunderstorm, Rain",
      "group": 1,
      "song_count": 1
    },
    {
      "id": "Sounds of Nature: Thunderstom, Rain",
      "group": 1,
      "song_count": 1
    },
    {
      "id": "Spencer Lee",
      "group": 1,
      "song_count": 1
    },
    {
      "id": "Swae Lee",
      "group": 1,
      "song_count": 1
    },
    {
      "id": "Syd",
      "group": 2,
      "song_count": 2
    },
    {
      "id": "Sydney James Harcourt",
      "group": 1,
      "song_count": 1
    },
    {
      "id": "TAPZ",
      "group": 1,
      "song_count": 1
    },
    {
      "id": "Tech N9ne",
      "group": 4,
      "song_count": 4
    },
    {
      "id": "The Lacs",
      "group": 1,
      "song_count": 1
    },
    {
      "id": "The Notorious B.I.G.",
      "group": 1,
      "song_count": 1
    },
    {
      "id": "The Weeknd",
      "group": 1,
      "song_count": 1
    },
    {
      "id": "Theophilus London",
      "group": 1,
      "song_count": 1
    },
    {
      "id": "Thunder Storm",
      "group": 3,
      "song_count": 3
    },
    {
      "id": "Thundercat",
      "group": 1,
      "song_count": 1
    },
    {
      "id": "Thunderstorm Sleep",
      "group": 4,
      "song_count": 4
    },
    {
      "id": "Thunderstorms",
      "group": 3,
      "song_count": 3
    },
    {
      "id": "Ty Dolla $ign",
      "group": 3,
      "song_count": 3
    },
    {
      "id": "Tyga",
      "group": 1,
      "song_count": 1
    },
    {
      "id": "Tyler, The Creator",
      "group": 10,
      "song_count": 10
    },
    {
      "id": "Waka Flocka Flame",
      "group": 1,
      "song_count": 1
    },
    {
      "id": "Wale",
      "group": 1,
      "song_count": 1
    },
    {
      "id": "Water Sound Natural White Noise",
      "group": 1,
      "song_count": 1
    },
    {
      "id": "White Noise Babies",
      "group": 1,
      "song_count": 1
    },
    {
      "id": "White Noise Baby Sleep",
      "group": 4,
      "song_count": 4
    },
    {
      "id": "White Noise For Baby Sleep",
      "group": 1,
      "song_count": 1
    },
    {
      "id": "White Noise Meditation",
      "group": 10,
      "song_count": 14
    },
    {
      "id": "White Noise for Babies",
      "group": 1,
      "song_count": 1
    },
    {
      "id": "YG",
      "group": 1,
      "song_count": 1
    },
    {
      "id": "Yandel",
      "group": 2,
      "song_count": 2
    },
    {
      "id": "Yo Gotti",
      "group": 1,
      "song_count": 1
    },
    {
      "id": "Zion",
      "group": 1,
      "song_count": 1
    }
  ],
  "links": [
    {
      "source": "A$AP Rocky",
      "target": "Future",
      "colab_count": 1
    },
    {
      "source": "A$AP Rocky",
      "target": "Joe Fox",
      "colab_count": 1
    },
    {
      "source": "A$AP Rocky",
      "target": "M.I.A.",
      "colab_count": 1
    },
    {
      "source": "A$AP Rocky",
      "target": "Mark Ronson",
      "colab_count": 1
    },
    {
      "source": "A$AP Rocky",
      "target": "Miguel",
      "colab_count": 1
    },
    {
      "source": "A$AP Rocky",
      "target": "Rod Stewart",
      "colab_count": 1
    },
    {
      "source": "Anthony Ramos",
      "target": "Ariana DeBose",
      "colab_count": 1
    },
    {
      "source": "Anthony Ramos",
      "target": "Daveed Diggs",
      "colab_count": 1
    },
    {
      "source": "Anthony Ramos",
      "target": "Ephraim Sykes",
      "colab_count": 1
    },
    {
      "source": "Anthony Ramos",
      "target": "Jon Rua",
      "colab_count": 1
    },
    {
      "source": "Anthony Ramos",
      "target": "Leslie Odom Jr.",
      "colab_count": 3
    },
    {
      "source": "Anthony Ramos",
      "target": "Lin-Manuel Miranda",
      "colab_count": 4
    },
    {
      "source": "Anthony Ramos",
      "target": "Okieriete Onaodowan",
      "colab_count": 1
    },
    {
      "source": "Anthony Ramos",
      "target": "Original Broadway Cast of Hamilton",
      "colab_count": 2
    },
    {
      "source": "Anthony Ramos",
      "target": "Phillipa Soo",
      "colab_count": 1
    },
    {
      "source": "Anthony Ramos",
      "target": "Sasha Hutchings",
      "colab_count": 1
    },
    {
      "source": "Calming Rainforest Sounds",
      "target": "Rain Sounds",
      "colab_count": 1
    },
    {
      "source": "Calming Rainforest Sounds",
      "target": "Rain for Deep Sleep",
      "colab_count": 1
    },
    {
      "source": "Calming Rainforest Sounds",
      "target": "Rainfall",
      "colab_count": 1
    },
    {
      "source": "Calming Rainforest Sounds",
      "target": "Thunderstorm Sleep",
      "colab_count": 1
    },
    {
      "source": "Carnage",
      "target": "A$AP Ferg",
      "colab_count": 1
    },
    {
      "source": "Carnage",
      "target": "Lil Uzi Vert",
      "colab_count": 1
    },
    {
      "source": "Carnage",
      "target": "Rich The Kid",
      "colab_count": 1
    },
    {
      "source": "Christopher Jackson",
      "target": "Daveed Diggs",
      "colab_count": 2
    },
    {
      "source": "Christopher Jackson",
      "target": "Lin-Manuel Miranda",
      "colab_count": 2
    },
    {
      "source": "Christopher Jackson",
      "target": "Okieriete Onaodowan",
      "colab_count": 2
    },
    {
      "source": "DJ Khaled",
      "target": "August Alsina",
      "colab_count": 1
    },
    {
      "source": "DJ Khaled",
      "target": "Chris Brown",
      "colab_count": 1
    },
    {
      "source": "DJ Khaled",
      "target": "Future",
      "colab_count": 1
    },
    {
      "source": "DJ Khaled",
      "target": "Jeremih",
      "colab_count": 1
    },
    {
      "source": "Daveed Diggs",
      "target": "Leslie Odom Jr.",
      "colab_count": 2
    },
    {
      "source": "Daveed Diggs",
      "target": "Lin-Manuel Miranda",
      "colab_count": 1
    },
    {
      "source": "Daveed Diggs",
      "target": "Okieriete Onaodowan",
      "colab_count": 2
    },
    {
      "source": "Daveed Diggs",
      "target": "Original Broadway Cast of Hamilton",
      "colab_count": 2
    },
    {
      "source": "De La Ghetto",
      "target": "Daddy Yankee",
      "colab_count": 1
    },
    {
      "source": "De La Ghetto",
      "target": "Yandel",
      "colab_count": 1
    },
    {
      "source": "Deep Sleep",
      "target": "Lullabies for Deep Meditation",
      "colab_count": 1
    },
    {
      "source": "Deep Sleep",
      "target": "Relax Meditate Sleep",
      "colab_count": 1
    },
    {
      "source": "Deep Sleep",
      "target": "Relaxation",
      "colab_count": 1
    },
    {
      "source": "Deep Sleep",
      "target": "Sleep Baby Sleep",
      "colab_count": 1
    },
    {
      "source": "Deep Sleep",
      "target": "Soothing White Noise for Infant Sleeping and Massage, Crying & Colic Relief",
      "colab_count": 1
    },
    {
      "source": "Dove Cameron",
      "target": "Booboo Stewart",
      "colab_count": 2
    },
    {
      "source": "Dove Cameron",
      "target": "Cameron Boyce",
      "colab_count": 2
    },
    {
      "source": "Dove Cameron",
      "target": "Jeff Lewis",
      "colab_count": 1
    },
    {
      "source": "Dove Cameron",
      "target": "Mitchell Hope",
      "colab_count": 1
    },
    {
      "source": "Dove Cameron",
      "target": "Sarah Jeffrey",
      "colab_count": 1
    },
    {
      "source": "Dove Cameron",
      "target": "Sofia Carson",
      "colab_count": 2
    },
    {
      "source": "Edvard Grieg",
      "target": "BBC Symphony Orchestra",
      "colab_count": 1
    },
    {
      "source": "Edvard Grieg",
      "target": "Javier Perianes",
      "colab_count": 1
    },
    {
      "source": "Edvard Grieg",
      "target": "Sakari Oramo",
      "colab_count": 1
    },
    {
      "source": "Hermitude",
      "target": "Big K.R.I.T.",
      "colab_count": 1
    },
    {
      "source": "Hermitude",
      "target": "Mataya",
      "colab_count": 1
    },
    {
      "source": "Hermitude",
      "target": "TAPZ",
      "colab_count": 1
    },
    {
      "source": "J Balvin",
      "target": "Arcangel",
      "colab_count": 1
    },
    {
      "source": "J Balvin",
      "target": "Daddy Yankee",
      "colab_count": 1
    },
    {
      "source": "J Balvin",
      "target": "De La Ghetto",
      "colab_count": 1
    },
    {
      "source": "J Balvin",
      "target": "Farruko",
      "colab_count": 1
    },
    {
      "source": "J Balvin",
      "target": "Nicky Jam",
      "colab_count": 1
    },
    {
      "source": "J Balvin",
      "target": "Sky Rompiendo",
      "colab_count": 1
    },
    {
      "source": "J Balvin",
      "target": "Yandel",
      "colab_count": 1
    },
    {
      "source": "J Balvin",
      "target": "Zion",
      "colab_count": 1
    },
    {
      "source": "Jasmine Cephas-Jones",
      "target": "Leslie Odom Jr.",
      "colab_count": 1
    },
    {
      "source": "Jasmine Cephas-Jones",
      "target": "Lin-Manuel Miranda",
      "colab_count": 1
    },
    {
      "source": "Jasmine Cephas-Jones",
      "target": "Original Broadway Cast of Hamilton",
      "colab_count": 1
    },
    {
      "source": "Jasmine Cephas-Jones",
      "target": "Sydney James Harcourt",
      "colab_count": 1
    },
    {
      "source": "Kanye West",
      "target": "Allan Kingdom",
      "colab_count": 1
    },
    {
      "source": "Kanye West",
      "target": "Paul McCartney",
      "colab_count": 1
    },
    {
      "source": "Kanye West",
      "target": "Theophilus London",
      "colab_count": 1
    },
    {
      "source": "Keith Ape",
      "target": "A$AP Ferg",
      "colab_count": 1
    },
    {
      "source": "Keith Ape",
      "target": "Dumbfoundead",
      "colab_count": 1
    },
    {
      "source": "Keith Ape",
      "target": "Father",
      "colab_count": 1
    },
    {
      "source": "Keith Ape",
      "target": "Waka Flocka Flame",
      "colab_count": 1
    },
    {
      "source": "Kendrick Lamar",
      "target": "Anna Wise",
      "colab_count": 2
    },
    {
      "source": "Kendrick Lamar",
      "target": "Bilal",
      "colab_count": 2
    },
    {
      "source": "Kendrick Lamar",
      "target": "Snoop Dogg",
      "colab_count": 1
    },
    {
      "source": "Kendrick Lamar",
      "target": "Thundercat",
      "colab_count": 1
    },
    {
      "source": "Kid Ink",
      "target": "Rich Homie Quan",
      "colab_count": 1
    },
    {
      "source": "Kid Ink",
      "target": "Tyga",
      "colab_count": 1
    },
    {
      "source": "Kid Ink",
      "target": "Wale",
      "colab_count": 1
    },
    {
      "source": "Kid Ink",
      "target": "YG",
      "colab_count": 1
    },
    {
      "source": "Leslie Odom Jr.",
      "target": "Anthony Ramos",
      "colab_count": 1
    },
    {
      "source": "Leslie Odom Jr.",
      "target": "Christopher Jackson",
      "colab_count": 1
    },
    {
      "source": "Leslie Odom Jr.",
      "target": "Daveed Diggs",
      "colab_count": 3
    },
    {
      "source": "Leslie Odom Jr.",
      "target": "Lin-Manuel Miranda",
      "colab_count": 3
    },
    {
      "source": "Leslie Odom Jr.",
      "target": "Okieriete Onaodowan",
      "colab_count": 3
    },
    {
      "source": "Leslie Odom Jr.",
      "target": "Original Broadway Cast of Hamilton",
      "colab_count": 4
    },
    {
      "source": "Leslie Odom Jr.",
      "target": "Phillipa Soo",
      "colab_count": 2
    },
    {
      "source": "Lin-Manuel Miranda",
      "target": "Anthony Ramos",
      "colab_count": 5
    },
    {
      "source": "Lin-Manuel Miranda",
      "target": "Christopher Jackson",
      "colab_count": 1
    },
    {
      "source": "Lin-Manuel Miranda",
      "target": "Daveed Diggs",
      "colab_count": 4
    },
    {
      "source": "Lin-Manuel Miranda",
      "target": "Leslie Odom Jr.",
      "colab_count": 4
    },
    {
      "source": "Lin-Manuel Miranda",
      "target": "Okieriete Onaodowan",
      "colab_count": 4
    },
    {
      "source": "Lin-Manuel Miranda",
      "target": "Original Broadway Cast of Hamilton",
      "colab_count": 4
    },
    {
      "source": "Lin-Manuel Miranda",
      "target": "Phillipa Soo",
      "colab_count": 1
    },
    {
      "source": "MED",
      "target": "Blu",
      "colab_count": 1
    },
    {
      "source": "MED",
      "target": "MF DOOM",
      "colab_count": 1
    },
    {
      "source": "MED",
      "target": "Madlib",
      "colab_count": 1
    },
    {
      "source": "Matoma",
      "target": "Ja Rule",
      "colab_count": 1
    },
    {
      "source": "Matoma",
      "target": "Ralph Tresvant",
      "colab_count": 1
    },
    {
      "source": "Matoma",
      "target": "The Notorious B.I.G.",
      "colab_count": 1
    },
    {
      "source": "Meditation Music Club",
      "target": "Lightning, Thunder and Rain Storm",
      "colab_count": 1
    },
    {
      "source": "Meditation Music Club",
      "target": "Meditation Music Masters",
      "colab_count": 1
    },
    {
      "source": "Meditation Music Club",
      "target": "Sounds of Nature: Thunderstom, Rain",
      "colab_count": 1
    },
    {
      "source": "Meditation Music Club",
      "target": "Thunder Storm",
      "colab_count": 1
    },
    {
      "source": "Meditation Music Club",
      "target": "Thunderstorm Sleep",
      "colab_count": 1
    },
    {
      "source": "Meditation Music Club",
      "target": "Thunderstorms",
      "colab_count": 1
    },
    {
      "source": "Mike WiLL Made-It",
      "target": "Future",
      "colab_count": 1
    },
    {
      "source": "Mike WiLL Made-It",
      "target": "Swae Lee",
      "colab_count": 1
    },
    {
      "source": "Mike WiLL Made-It",
      "target": "The Weeknd",
      "colab_count": 1
    },
    {
      "source": "Mitchell Hope",
      "target": "Kala Balch",
      "colab_count": 1
    },
    {
      "source": "Mitchell Hope",
      "target": "Marco Marinangeli",
      "colab_count": 1
    },
    {
      "source": "Mitchell Hope",
      "target": "Spencer Lee",
      "colab_count": 1
    },
    {
      "source": "Moonshine Bandits",
      "target": "Bubba Sparxxx",
      "colab_count": 1
    },
    {
      "source": "Moonshine Bandits",
      "target": "D. Thrash",
      "colab_count": 1
    },
    {
      "source": "Moonshine Bandits",
      "target": "Demun Jones",
      "colab_count": 1
    },
    {
      "source": "Moonshine Bandits",
      "target": "Durwood Black",
      "colab_count": 1
    },
    {
      "source": "Moonshine Bandits",
      "target": "Lenny Cooper",
      "colab_count": 1
    },
    {
      "source": "Moonshine Bandits",
      "target": "Moccasin Creek",
      "colab_count": 1
    },
    {
      "source": "Moonshine Bandits",
      "target": "Redneck Souljers",
      "colab_count": 1
    },
    {
      "source": "Moonshine Bandits",
      "target": "The Lacs",
      "colab_count": 1
    },
    {
      "source": "Ocean Waves For Sleep",
      "target": "Fresh Water Sounds",
      "colab_count": 1
    },
    {
      "source": "Ocean Waves For Sleep",
      "target": "Ocean Sounds",
      "colab_count": 1
    },
    {
      "source": "Ocean Waves For Sleep",
      "target": "Ocean Sounds Collection",
      "colab_count": 1
    },
    {
      "source": "Ocean Waves For Sleep",
      "target": "Water Sound Natural White Noise",
      "colab_count": 1
    },
    {
      "source": "Pegboard Nerds",
      "target": "Excision",
      "colab_count": 1
    },
    {
      "source": "Pegboard Nerds",
      "target": "Mayor Apeshit",
      "colab_count": 1
    },
    {
      "source": "Pegboard Nerds",
      "target": "Noisestorm",
      "colab_count": 1
    },
    {
      "source": "Phillipa Soo",
      "target": "Anthony Ramos",
      "colab_count": 1
    },
    {
      "source": "Phillipa Soo",
      "target": "Lin-Manuel Miranda",
      "colab_count": 1
    },
    {
      "source": "Rain Sounds",
      "target": "Fresh Water Spa",
      "colab_count": 1
    },
    {
      "source": "Rain Sounds",
      "target": "Rain Sounds Nature Collection",
      "colab_count": 1
    },
    {
      "source": "Rain Sounds",
      "target": "Rain for Deep Sleep",
      "colab_count": 1
    },
    {
      "source": "Rain Sounds",
      "target": "Rainfall",
      "colab_count": 1
    },
    {
      "source": "Rain Sounds",
      "target": "Sounds Of Nature : Thunderstorm, Rain",
      "colab_count": 1
    },
    {
      "source": "Rob Bailey & The Hustle Standard",
      "target": "Busta Rhymes",
      "colab_count": 1
    },
    {
      "source": "Rob Bailey & The Hustle Standard",
      "target": "KXNG Crooked",
      "colab_count": 1
    },
    {
      "source": "Rob Bailey & The Hustle Standard",
      "target": "Tech N9ne",
      "colab_count": 1
    },
    {
      "source": "SNBRN",
      "target": "Chris Lake",
      "colab_count": 1
    },
    {
      "source": "SNBRN",
      "target": "Kaleena Zanders",
      "colab_count": 1
    },
    {
      "source": "SNBRN",
      "target": "Matroda",
      "colab_count": 1
    },
    {
      "source": "Sergei Rachmaninoff",
      "target": "Daniil Trifonov",
      "colab_count": 1
    },
    {
      "source": "Sergei Rachmaninoff",
      "target": "Philadelphia Orchestra",
      "colab_count": 1
    },
    {
      "source": "Sleep Baby Sleep",
      "target": "Deep Sleep",
      "colab_count": 1
    },
    {
      "source": "Sleep Baby Sleep",
      "target": "Fresh Water Sounds",
      "colab_count": 1
    },
    {
      "source": "Sleep Baby Sleep",
      "target": "Meditation Awareness",
      "colab_count": 1
    },
    {
      "source": "Sleep Baby Sleep",
      "target": "Ocean Sounds",
      "colab_count": 1
    },
    {
      "source": "Sleep Baby Sleep",
      "target": "Ocean Waves For Sleep",
      "colab_count": 1
    },
    {
      "source": "Sleep Baby Sleep",
      "target": "Outside Broadcast Recordings",
      "colab_count": 1
    },
    {
      "source": "Sleep Baby Sleep",
      "target": "Sleep Sound Library",
      "colab_count": 1
    },
    {
      "source": "Tech N9ne",
      "target": "Big Scoob",
      "colab_count": 1
    },
    {
      "source": "Tech N9ne",
      "target": "Lil Wayne",
      "colab_count": 1
    },
    {
      "source": "Tech N9ne",
      "target": "Yo Gotti",
      "colab_count": 1
    },
    {
      "source": "Ty Dolla $ign",
      "target": "Future",
      "colab_count": 1
    },
    {
      "source": "Ty Dolla $ign",
      "target": "Louis The Child",
      "colab_count": 1
    },
    {
      "source": "Ty Dolla $ign",
      "target": "Rae Sremmurd",
      "colab_count": 1
    },
    {
      "source": "Tyler, The Creator",
      "target": "Aaron Shaw",
      "colab_count": 1
    },
    {
      "source": "Tyler, The Creator",
      "target": "Austin Feinstein",
      "colab_count": 1
    },
    {
      "source": "Tyler, The Creator",
      "target": "Charlie Wilson",
      "colab_count": 1
    },
    {
      "source": "Tyler, The Creator",
      "target": "Chaz Bundick",
      "colab_count": 1
    },
    {
      "source": "Tyler, The Creator",
      "target": "Kali Uchis",
      "colab_count": 2
    },
    {
      "source": "Tyler, The Creator",
      "target": "Roy Ayers",
      "colab_count": 1
    },
    {
      "source": "Tyler, The Creator",
      "target": "Samantha Nelson",
      "colab_count": 1
    },
    {
      "source": "Tyler, The Creator",
      "target": "Syd",
      "colab_count": 2
    },
    {
      "source": "White Noise Baby Sleep",
      "target": "Natural Sounds",
      "colab_count": 1
    },
    {
      "source": "White Noise Baby Sleep",
      "target": "Nature & Sounds Backgrounds",
      "colab_count": 1
    },
    {
      "source": "White Noise Baby Sleep",
      "target": "White Noise For Baby Sleep",
      "colab_count": 1
    },
    {
      "source": "White Noise Baby Sleep",
      "target": "White Noise for Babies",
      "colab_count": 1
    },
    {
      "source": "White Noise Meditation",
      "target": "Calming Sounds",
      "colab_count": 1
    },
    {
      "source": "White Noise Meditation",
      "target": "Canciones De Cuna",
      "colab_count": 1
    },
    {
      "source": "White Noise Meditation",
      "target": "Lightning, Thunder and Rain Storm",
      "colab_count": 2
    },
    {
      "source": "White Noise Meditation",
      "target": "Lullaby Land",
      "colab_count": 1
    },
    {
      "source": "White Noise Meditation",
      "target": "Rain for Deep Sleep",
      "colab_count": 2
    },
    {
      "source": "White Noise Meditation",
      "target": "Thunder Storm",
      "colab_count": 2
    },
    {
      "source": "White Noise Meditation",
      "target": "Thunderstorm Sleep",
      "colab_count": 2
    },
    {
      "source": "White Noise Meditation",
      "target": "Thunderstorms",
      "colab_count": 2
    },
    {
      "source": "White Noise Meditation",
      "target": "White Noise Babies",
      "colab_count": 1
    }
  ]
}