{
  "nodes": [
    {
      "id": "Alois Melichar",
      "group": 2,
      "song_count": 2
    },
    {
      "id": "Arthur Rother",
      "group": 1,
      "song_count": 1
    },
    {
      "id": "Bayreuth Festival Orchestra",
      "group": 2,
      "song_count": 2
    },
    {
      "id": "Carl Schuricht",
      "group": 3,
      "song_count": 3
    },
    {
      "id": "Chorale Elisabeth Brasseur",
      "group": 3,
      "song_count": 3
    },
    {
      "id": "Elisabeth Schwarzkopf",
      "group": 2,
      "song_count": 2
    },
    {
      "id": "Erna Sack",
      "group": 2,
      "song_count": 2
    },
    {
      "id": "Eva Dell'Acqua",
      "group": 3,
      "song_count": 3
    },
    {
      "id": "Giuseppe Verdi",
      "group": 3,
      "song_count": 3
    },
    {
      "id": "Gottlob Frick",
      "group": 3,
      "song_count": 3
    },
    {
      "id": "Hans Hopf",
      "group": 2,
      "song_count": 2
    },
    {
      "id": "Heinrich Schlusnus",
      "group": 1,
      "song_count": 1
    },
    {
      "id": "Heinrich Strecker",
      "group": 3,
      "song_count": 3
    },
    {
      "id": "Julius Patzak",
      "group": 1,
      "song_count": 1
    },
    {
      "id": "Ludwig van Beethoven",
      "group": 10,
      "song_count": 23
    },
    {
      "id": "Manuel Ponce",
      "group": 3,
      "song_count": 3
    },
    {
      "id": "Mitglieder der Staatskapelle Berlin",
      "group": 2,
      "song_count": 2
    },
    {
      "id": "Murray Dickie",
      "group": 3,
      "song_count": 3
    },
    {
      "id": "Orchestra",
      "group": 1,
      "song_count": 1
    },
    {
      "id": "Otto Edelmann",
      "group": 2,
      "song_count": 2
    },
    {
      "id": "Otto Nicolai",
      "group": 3,
      "song_count": 3
    },
    {
      "id": "Paula Kelly",
      "group": 1,
      "song_count": 1
    },
    {
      "id": "Ray Eberle",
      "group": 1,
      "song_count": 1
    },
    {
      "id": "Staatskapelle Berlin",
      "group": 2,
      "song_count": 2
    },
    {
      "id": "Tex Beneke",
      "group": 3,
      "song_count": 3
    },
    {
      "id": "The Modernaires",
      "group": 1,
      "song_count": 1
    },
    {
      "id": "Walter Schutze",
      "group": 1,
      "song_count": 1
    },
    {
      "id": "Willy Schneider",
      "group": 1,
      "song_count": 1
    },
    {
      "id": "Wilma Lipp",
      "group": 3,
      "song_count": 3
    },
    {
      "id": "Wolfgang Martin",
      "group": 1,
      "song_count": 1
    }
  ],
  "links": [
    {
      "source": "Eva Dell'Acqua",
      "target": "Alois Melichar",
      "colab_count": 1
    },
    {
      "source": "Eva Dell'Acqua",
      "target": "Erna Sack",
      "colab_count": 1
    },
    {
      "source": "Eva Dell'Acqua",
      "target": "Mitglieder der Staatskapelle Berlin",
      "colab_count": 1
    },
    {
      "source": "Giuseppe Verdi",
      "target": "Arthur Rother",
      "colab_count": 1
    },
    {
      "source": "Giuseppe Verdi",
      "target": "Heinrich Schlusnus",
      "colab_count": 1
    },
    {
      "source": "Giuseppe Verdi",
      "target": "Staatskapelle Berlin",
      "colab_count": 1
    },
    {
      "source": "Heinrich Strecker",
      "target": "Orchestra",
      "colab_count": 1
    },
    {
      "source": "Heinrich Strecker",
      "target": "Walter Schutze",
      "colab_count": 1
    },
    {
      "source": "Heinrich Strecker",
      "target": "Willy Schneider",
      "colab_count": 1
    },
    {
      "source": "Ludwig van Beethoven",
      "target": "Bayreuth Festival Orchestra",
      "colab_count": 2
    },
    {
      "source": "Ludwig van Beethoven",
      "target": "Carl Schuricht",
      "colab_count": 3
    },
    {
      "source": "Ludwig van Beethoven",
      "target": "Chorale Elisabeth Brasseur",
      "colab_count": 3
    },
    {
      "source": "Ludwig van Beethoven",
      "target": "Elisabeth Schwarzkopf",
      "colab_count": 2
    },
    {
      "source": "Ludwig van Beethoven",
      "target": "Gottlob Frick",
      "colab_count": 3
    },
    {
      "source": "Ludwig van Beethoven",
      "target": "Hans Hopf",
      "colab_count": 2
    },
    {
      "source": "Ludwig van Beethoven",
      "target": "Murray Dickie",
      "colab_count": 3
    },
    {
      "source": "Ludwig van Beethoven",
      "target": "Otto Edelmann",
      "colab_count": 2
    },
    {
      "source": "Ludwig van Beethoven",
      "target": "Wilma Lipp",
      "colab_count": 3
    },
    {
      "source": "Manuel Ponce",
      "target": "Alois Melichar",
      "colab_count": 1
    },
    {
      "source": "Manuel Ponce",
      "target": "Erna Sack",
      "colab_count": 1
    },
    {
      "source": "Manuel Ponce",
      "target": "Mitglieder der Staatskapelle Berlin",
      "colab_count": 1
    },
    {
      "source": "Otto Nicolai",
      "target": "Julius Patzak",
      "colab_count": 1
    },
    {
      "source": "Otto Nicolai",
      "target": "Staatskapelle Berlin",
      "colab_count": 1
    },
    {
      "source": "Otto Nicolai",
      "target": "Wolfgang Martin",
      "colab_count": 1
    },
    {
      "source": "Tex Beneke",
      "target": "Paula Kelly",
      "colab_count": 1
    },
    {
      "source": "Tex Beneke",
      "target": "Ray Eberle",
      "colab_count": 1
    },
    {
      "source": "Tex Beneke",
      "target": "The Modernaires",
      "colab_count": 1
    }
  ]
}