{
  "nodes": [
    {
      "id": "$pyda",
      "group": 1,
      "song_count": 1
    },
    {
      "id": "'Legally Blonde' Ensemble",
      "group": 4,
      "song_count": 4
    },
    {
      "id": "'Legally Blonde' Greek Chorus",
      "group": 2,
      "song_count": 2
    },
    {
      "id": "A.G.",
      "group": 1,
      "song_count": 1
    },
    {
      "id": "Agnieszka Duczmal",
      "group": 1,
      "song_count": 1
    },
    {
      "id": "Akon",
      "group": 5,
      "song_count": 5
    },
    {
      "id": "Alfonso Herrera",
      "group": 2,
      "song_count": 2
    },
    {
      "id": "Amadeus Chamber Orchestra of Polish Radio",
      "group": 1,
      "song_count": 1
    },
    {
      "id": "Amanda Bynes",
      "group": 4,
      "song_count": 4
    },
    {
      "id": "Amber Efe",
      "group": 5,
      "song_count": 5
    },
    {
      "id": "Andrew Litton",
      "group": 1,
      "song_count": 1
    },
    {
      "id": "Annaleigh Ashford",
      "group": 10,
      "song_count": 17
    },
    {
      "id": "Antonio Pappano",
      "group": 1,
      "song_count": 1
    },
    {
      "id": "Ashley Tisdale",
      "group": 2,
      "song_count": 2
    },
    {
      "id": "Big Head",
      "group": 1,
      "song_count": 1
    },
    {
      "id": "Big Krizz Kaliko",
      "group": 1,
      "song_count": 1
    },
    {
      "id": "Big L",
      "group": 1,
      "song_count": 1
    },
    {
      "id": "Bill Mobley",
      "group": 3,
      "song_count": 3
    },
    {
      "id": "Birdman",
      "group": 1,
      "song_count": 1
    },
    {
      "id": "Boosie Badazz",
      "group": 3,
      "song_count": 3
    },
    {
      "id": "Brad Arnold",
      "group": 1,
      "song_count": 1
    },
    {
      "id": "Busta Rhymes",
      "group": 1,
      "song_count": 1
    },
    {
      "id": "Chris Brown",
      "group": 1,
      "song_count": 1
    },
    {
      "id": "Chris Willis",
      "group": 1,
      "song_count": 1
    },
    {
      "id": "Christian Borle",
      "group": 3,
      "song_count": 3
    },
    {
      "id": "Christopher von Uckermann",
      "group": 2,
      "song_count": 2
    },
    {
      "id": "Corbin Bleu",
      "group": 2,
      "song_count": 2
    },
    {
      "id": "D-Loc",
      "group": 1,
      "song_count": 1
    },
    {
      "id": "DJ Drama",
      "group": 4,
      "song_count": 4
    },
    {
      "id": "DJ Felli Fel",
      "group": 8,
      "song_count": 8
    },
    {
      "id": "DJ Fresh",
      "group": 1,
      "song_count": 1
    },
    {
      "id": "DJ Khaled",
      "group": 10,
      "song_count": 10
    },
    {
      "id": "Dalima",
      "group": 1,
      "song_count": 1
    },
    {
      "id": "Dana Fuchs",
      "group": 3,
      "song_count": 3
    },
    {
      "id": "Dave Chamberlain",
      "group": 3,
      "song_count": 3
    },
    {
      "id": "David Banner",
      "group": 3,
      "song_count": 3
    },
    {
      "id": "David Guetta",
      "group": 3,
      "song_count": 3
    },
    {
      "id": "Delta Nus",
      "group": 1,
      "song_count": 1
    },
    {
      "id": "Dequina Moore",
      "group": 4,
      "song_count": 4
    },
    {
      "id": "Diamond D",
      "group": 4,
      "song_count": 4
    },
    {
      "id": "Diddy",
      "group": 2,
      "song_count": 2
    },
    {
      "id": "Dr. Dre",
      "group": 1,
      "song_count": 1
    },
    {
      "id": "Elijah Kelley",
      "group": 10,
      "song_count": 16
    },
    {
      "id": "Eric Harland",
      "group": 1,
      "song_count": 1
    },
    {
      "id": "Evan Rachel Wood",
      "group": 1,
      "song_count": 1
    },
    {
      "id": "Fabolous",
      "group": 1,
      "song_count": 1
    },
    {
      "id": "Fat Joe)",
      "group": 1,
      "song_count": 1
    },
    {
      "id": "Foxx",
      "group": 1,
      "song_count": 1
    },
    {
      "id": "Fred Riester",
      "group": 1,
      "song_count": 1
    },
    {
      "id": "Freeway",
      "group": 1,
      "song_count": 1
    },
    {
      "id": "Jacek Muzyk",
      "group": 1,
      "song_count": 1
    },
    {
      "id": "Jim Jones",
      "group": 2,
      "song_count": 2
    },
    {
      "id": "Jim Sturgess",
      "group": 1,
      "song_count": 1
    },
    {
      "id": "Jim Tomlinson",
      "group": 1,
      "song_count": 1
    },
    {
      "id": "Joachim Garraud",
      "group": 1,
      "song_count": 1
    },
    {
      "id": "John Parricelli",
      "group": 3,
      "song_count": 3
    },
    {
      "id": "John Travolta",
      "group": 2,
      "song_count": 2
    },
    {
      "id": "Justin Timberlake",
      "group": 1,
      "song_count": 1
    },
    {
      "id": "Kate Shindle",
      "group": 4,
      "song_count": 4
    },
    {
      "id": "Kate Wetherhead",
      "group": 1,
      "song_count": 1
    },
    {
      "id": "Kenny Chesney",
      "group": 1,
      "song_count": 1
    },
    {
      "id": "Laura Bell Bundy",
      "group": 7,
      "song_count": 7
    },
    {
      "id": "Leslie Kritzer",
      "group": 4,
      "song_count": 4
    },
    {
      "id": "Lil Jon",
      "group": 2,
      "song_count": 2
    },
    {
      "id": "Lil Wayne",
      "group": 4,
      "song_count": 4
    },
    {
      "id": "London Philharmonic Orchestra",
      "group": 1,
      "song_count": 1
    },
    {
      "id": "Lord Finesse,",
      "group": 1,
      "song_count": 1
    },
    {
      "id": "Lucas Grabeel",
      "group": 2,
      "song_count": 2
    },
    {
      "id": "Ludacris",
      "group": 2,
      "song_count": 2
    },
    {
      "id": "Maite Perroni",
      "group": 2,
      "song_count": 2
    },
    {
      "id": "Manuel Herrera",
      "group": 1,
      "song_count": 1
    },
    {
      "id": "Matt Skelton",
      "group": 3,
      "song_count": 3
    },
    {
      "id": "Matthew Risch",
      "group": 1,
      "song_count": 1
    },
    {
      "id": "Missy Elliott",
      "group": 1,
      "song_count": 1
    },
    {
      "id": "Monique Coleman",
      "group": 2,
      "song_count": 2
    },
    {
      "id": "Mulgrew Miller",
      "group": 1,
      "song_count": 1
    },
    {
      "id": "Murphy Lee",
      "group": 1,
      "song_count": 1
    },
    {
      "id": "Natalie Joy Johnson",
      "group": 1,
      "song_count": 1
    },
    {
      "id": "Nate Dogg",
      "group": 1,
      "song_count": 1
    },
    {
      "id": "Nelly",
      "group": 1,
      "song_count": 1
    },
    {
      "id": "Nicola Benedetti",
      "group": 1,
      "song_count": 1
    },
    {
      "id": "Niia",
      "group": 2,
      "song_count": 2
    },
    {
      "id": "Nikki Blonsky",
      "group": 4,
      "song_count": 4
    },
    {
      "id": "O.C",
      "group": 1,
      "song_count": 1
    },
    {
      "id": "Orchestra dell' Accademia Nazionale di Santa Cecilia, Roma",
      "group": 1,
      "song_count": 1
    },
    {
      "id": "Orchestra dell'Accademia Nazionale di Santa Cecilia",
      "group": 1,
      "song_count": 1
    },
    {
      "id": "Orfeh",
      "group": 1,
      "song_count": 1
    },
    {
      "id": "Ottorino Respighi",
      "group": 3,
      "song_count": 3
    },
    {
      "id": "Pendulum",
      "group": 3,
      "song_count": 3
    },
    {
      "id": "Plies",
      "group": 1,
      "song_count": 1
    },
    {
      "id": "Queen Latifah",
      "group": 2,
      "song_count": 2
    },
    {
      "id": "RBD",
      "group": 6,
      "song_count": 6
    },
    {
      "id": "Ralph Vaughan Williams",
      "group": 3,
      "song_count": 3
    },
    {
      "id": "Raymond Fein",
      "group": 1,
      "song_count": 1
    },
    {
      "id": "Rich Boy",
      "group": 4,
      "song_count": 4
    },
    {
      "id": "Rick Ross",
      "group": 2,
      "song_count": 2
    },
    {
      "id": "Robert Hurst",
      "group": 1,
      "song_count": 1
    },
    {
      "id": "Snoop Dogg",
      "group": 1,
      "song_count": 1
    },
    {
      "id": "Stacey Kent",
      "group": 10,
      "song_count": 10
    },
    {
      "id": "T-Pain",
      "group": 4,
      "song_count": 4
    },
    {
      "id": "T.I.",
      "group": 2,
      "song_count": 2
    },
    {
      "id": "T.V. Carpio",
      "group": 1,
      "song_count": 1
    },
    {
      "id": "Tech N9ne Collabos",
      "group": 3,
      "song_count": 3
    },
    {
      "id": "Teddy Penderazdoun",
      "group": 1,
      "song_count": 1
    },
    {
      "id": "Teddy Verseti",
      "group": 1,
      "song_count": 1
    },
    {
      "id": "Tenor Fly",
      "group": 1,
      "song_count": 1
    },
    {
      "id": "The Game",
      "group": 1,
      "song_count": 1
    },
    {
      "id": "The Notorious B.I.G.",
      "group": 4,
      "song_count": 4
    },
    {
      "id": "Tim McGraw",
      "group": 1,
      "song_count": 1
    },
    {
      "id": "Timbaland",
      "group": 3,
      "song_count": 3
    },
    {
      "id": "Tracy Lawrence",
      "group": 3,
      "song_count": 3
    },
    {
      "id": "Trick Daddy",
      "group": 1,
      "song_count": 1
    },
    {
      "id": "Vanessa Hudgens",
      "group": 2,
      "song_count": 2
    },
    {
      "id": "Webbie",
      "group": 1,
      "song_count": 1
    },
    {
      "id": "Willie The Kid",
      "group": 1,
      "song_count": 1
    },
    {
      "id": "Wolfgang Amadeus Mozart",
      "group": 3,
      "song_count": 3
    },
    {
      "id": "Wyclef Jean",
      "group": 6,
      "song_count": 6
    },
    {
      "id": "Yung Joc",
      "group": 1,
      "song_count": 1
    },
    {
      "id": "Zac Efron",
      "group": 10,
      "song_count": 14
    }
  ],
  "links": [
    {
      "source": "Amber Efe",
      "target": "'Legally Blonde' Ensemble",
      "colab_count": 1
    },
    {
      "source": "Amber Efe",
      "target": "Kate Shindle",
      "colab_count": 1
    },
    {
      "source": "Amber Efe",
      "target": "Laura Bell Bundy",
      "colab_count": 1
    },
    {
      "source": "Amber Efe",
      "target": "Manuel Herrera",
      "colab_count": 1
    },
    {
      "source": "Amber Efe",
      "target": "Matthew Risch",
      "colab_count": 1
    },
    {
      "source": "Annaleigh Ashford",
      "target": "'Legally Blonde' Ensemble",
      "colab_count": 1
    },
    {
      "source": "Annaleigh Ashford",
      "target": "'Legally Blonde' Greek Chorus",
      "colab_count": 1
    },
    {
      "source": "Annaleigh Ashford",
      "target": "Delta Nus",
      "colab_count": 1
    },
    {
      "source": "Annaleigh Ashford",
      "target": "Dequina Moore",
      "colab_count": 4
    },
    {
      "source": "Annaleigh Ashford",
      "target": "Kate Wetherhead",
      "colab_count": 1
    },
    {
      "source": "Annaleigh Ashford",
      "target": "Laura Bell Bundy",
      "colab_count": 4
    },
    {
      "source": "Annaleigh Ashford",
      "target": "Leslie Kritzer",
      "colab_count": 4
    },
    {
      "source": "Annaleigh Ashford",
      "target": "Orfeh",
      "colab_count": 1
    },
    {
      "source": "Bill Mobley",
      "target": "Eric Harland",
      "colab_count": 1
    },
    {
      "source": "Bill Mobley",
      "target": "Mulgrew Miller",
      "colab_count": 1
    },
    {
      "source": "Bill Mobley",
      "target": "Robert Hurst",
      "colab_count": 1
    },
    {
      "source": "Boosie Badazz",
      "target": "Big Head",
      "colab_count": 1
    },
    {
      "source": "Boosie Badazz",
      "target": "Foxx",
      "colab_count": 1
    },
    {
      "source": "Boosie Badazz",
      "target": "Webbie",
      "colab_count": 1
    },
    {
      "source": "Christian Borle",
      "target": "'Legally Blonde' Ensemble",
      "colab_count": 1
    },
    {
      "source": "Christian Borle",
      "target": "'Legally Blonde' Greek Chorus",
      "colab_count": 1
    },
    {
      "source": "Christian Borle",
      "target": "Laura Bell Bundy",
      "colab_count": 1
    },
    {
      "source": "DJ Drama",
      "target": "Freeway",
      "colab_count": 1
    },
    {
      "source": "DJ Drama",
      "target": "Lil Wayne",
      "colab_count": 1
    },
    {
      "source": "DJ Drama",
      "target": "T.I.",
      "colab_count": 1
    },
    {
      "source": "DJ Drama",
      "target": "Willie The Kid",
      "colab_count": 1
    },
    {
      "source": "DJ Felli Fel",
      "target": "Akon",
      "colab_count": 2
    },
    {
      "source": "DJ Felli Fel",
      "target": "Diddy",
      "colab_count": 2
    },
    {
      "source": "DJ Felli Fel",
      "target": "Lil Jon",
      "colab_count": 2
    },
    {
      "source": "DJ Felli Fel",
      "target": "Ludacris",
      "colab_count": 2
    },
    {
      "source": "DJ Khaled",
      "target": "Akon",
      "colab_count": 1
    },
    {
      "source": "DJ Khaled",
      "target": "Birdman",
      "colab_count": 1
    },
    {
      "source": "DJ Khaled",
      "target": "Fat Joe)",
      "colab_count": 1
    },
    {
      "source": "DJ Khaled",
      "target": "Lil Wayne",
      "colab_count": 1
    },
    {
      "source": "DJ Khaled",
      "target": "Plies",
      "colab_count": 1
    },
    {
      "source": "DJ Khaled",
      "target": "Rick Ross",
      "colab_count": 2
    },
    {
      "source": "DJ Khaled",
      "target": "T-Pain",
      "colab_count": 1
    },
    {
      "source": "DJ Khaled",
      "target": "T.I.",
      "colab_count": 1
    },
    {
      "source": "DJ Khaled",
      "target": "Trick Daddy",
      "colab_count": 1
    },
    {
      "source": "Dana Fuchs",
      "target": "Evan Rachel Wood",
      "colab_count": 1
    },
    {
      "source": "Dana Fuchs",
      "target": "Jim Sturgess",
      "colab_count": 1
    },
    {
      "source": "Dana Fuchs",
      "target": "T.V. Carpio",
      "colab_count": 1
    },
    {
      "source": "David Banner",
      "target": "Chris Brown",
      "colab_count": 1
    },
    {
      "source": "David Banner",
      "target": "Jim Jones",
      "colab_count": 1
    },
    {
      "source": "David Banner",
      "target": "Yung Joc",
      "colab_count": 1
    },
    {
      "source": "David Guetta",
      "target": "Chris Willis",
      "colab_count": 1
    },
    {
      "source": "David Guetta",
      "target": "Fred Riester",
      "colab_count": 1
    },
    {
      "source": "David Guetta",
      "target": "Joachim Garraud",
      "colab_count": 1
    },
    {
      "source": "Diamond D",
      "target": "A.G.",
      "colab_count": 1
    },
    {
      "source": "Diamond D",
      "target": "Big L",
      "colab_count": 1
    },
    {
      "source": "Diamond D",
      "target": "Lord Finesse,",
      "colab_count": 1
    },
    {
      "source": "Diamond D",
      "target": "O.C",
      "colab_count": 1
    },
    {
      "source": "Elijah Kelley",
      "target": "Amanda Bynes",
      "colab_count": 4
    },
    {
      "source": "Elijah Kelley",
      "target": "John Travolta",
      "colab_count": 2
    },
    {
      "source": "Elijah Kelley",
      "target": "Nikki Blonsky",
      "colab_count": 4
    },
    {
      "source": "Elijah Kelley",
      "target": "Queen Latifah",
      "colab_count": 2
    },
    {
      "source": "Elijah Kelley",
      "target": "Zac Efron",
      "colab_count": 4
    },
    {
      "source": "Kate Shindle",
      "target": "'Legally Blonde' Ensemble",
      "colab_count": 1
    },
    {
      "source": "Kate Shindle",
      "target": "Laura Bell Bundy",
      "colab_count": 1
    },
    {
      "source": "Kate Shindle",
      "target": "Natalie Joy Johnson",
      "colab_count": 1
    },
    {
      "source": "Ottorino Respighi",
      "target": "Antonio Pappano",
      "colab_count": 1
    },
    {
      "source": "Ottorino Respighi",
      "target": "Orchestra dell' Accademia Nazionale di Santa Cecilia, Roma",
      "colab_count": 1
    },
    {
      "source": "Ottorino Respighi",
      "target": "Orchestra dell'Accademia Nazionale di Santa Cecilia",
      "colab_count": 1
    },
    {
      "source": "Pendulum",
      "target": "$pyda",
      "colab_count": 1
    },
    {
      "source": "Pendulum",
      "target": "DJ Fresh",
      "colab_count": 1
    },
    {
      "source": "Pendulum",
      "target": "Tenor Fly",
      "colab_count": 1
    },
    {
      "source": "RBD",
      "target": "Alfonso Herrera",
      "colab_count": 2
    },
    {
      "source": "RBD",
      "target": "Christopher von Uckermann",
      "colab_count": 2
    },
    {
      "source": "RBD",
      "target": "Maite Perroni",
      "colab_count": 2
    },
    {
      "source": "Ralph Vaughan Williams",
      "target": "Andrew Litton",
      "colab_count": 1
    },
    {
      "source": "Ralph Vaughan Williams",
      "target": "London Philharmonic Orchestra",
      "colab_count": 1
    },
    {
      "source": "Ralph Vaughan Williams",
      "target": "Nicola Benedetti",
      "colab_count": 1
    },
    {
      "source": "Rich Boy",
      "target": "Jim Jones",
      "colab_count": 1
    },
    {
      "source": "Rich Boy",
      "target": "Murphy Lee",
      "colab_count": 1
    },
    {
      "source": "Rich Boy",
      "target": "Nelly",
      "colab_count": 1
    },
    {
      "source": "Rich Boy",
      "target": "The Game",
      "colab_count": 1
    },
    {
      "source": "Stacey Kent",
      "target": "Dave Chamberlain",
      "colab_count": 3
    },
    {
      "source": "Stacey Kent",
      "target": "Jim Tomlinson",
      "colab_count": 1
    },
    {
      "source": "Stacey Kent",
      "target": "John Parricelli",
      "colab_count": 3
    },
    {
      "source": "Stacey Kent",
      "target": "Matt Skelton",
      "colab_count": 3
    },
    {
      "source": "T-Pain",
      "target": "Raymond Fein",
      "colab_count": 1
    },
    {
      "source": "T-Pain",
      "target": "Teddy Penderazdoun",
      "colab_count": 1
    },
    {
      "source": "T-Pain",
      "target": "Teddy Verseti",
      "colab_count": 1
    },
    {
      "source": "Tech N9ne Collabos",
      "target": "Big Krizz Kaliko",
      "colab_count": 1
    },
    {
      "source": "Tech N9ne Collabos",
      "target": "D-Loc",
      "colab_count": 1
    },
    {
      "source": "Tech N9ne Collabos",
      "target": "Dalima",
      "colab_count": 1
    },
    {
      "source": "The Notorious B.I.G.",
      "target": "Busta Rhymes",
      "colab_count": 1
    },
    {
      "source": "The Notorious B.I.G.",
      "target": "Fabolous",
      "colab_count": 1
    },
    {
      "source": "The Notorious B.I.G.",
      "target": "Nate Dogg",
      "colab_count": 1
    },
    {
      "source": "The Notorious B.I.G.",
      "target": "Snoop Dogg",
      "colab_count": 1
    },
    {
      "source": "Timbaland",
      "target": "Dr. Dre",
      "colab_count": 1
    },
    {
      "source": "Timbaland",
      "target": "Justin Timberlake",
      "colab_count": 1
    },
    {
      "source": "Timbaland",
      "target": "Missy Elliott",
      "colab_count": 1
    },
    {
      "source": "Tracy Lawrence",
      "target": "Brad Arnold",
      "colab_count": 1
    },
    {
      "source": "Tracy Lawrence",
      "target": "Kenny Chesney",
      "colab_count": 1
    },
    {
      "source": "Tracy Lawrence",
      "target": "Tim McGraw",
      "colab_count": 1
    },
    {
      "source": "Wolfgang Amadeus Mozart",
      "target": "Agnieszka Duczmal",
      "colab_count": 1
    },
    {
      "source": "Wolfgang Amadeus Mozart",
      "target": "Amadeus Chamber Orchestra of Polish Radio",
      "colab_count": 1
    },
    {
      "source": "Wolfgang Amadeus Mozart",
      "target": "Jacek Muzyk",
      "colab_count": 1
    },
    {
      "source": "Wyclef Jean",
      "target": "Akon",
      "colab_count": 2
    },
    {
      "source": "Wyclef Jean",
      "target": "Lil Wayne",
      "colab_count": 2
    },
    {
      "source": "Wyclef Jean",
      "target": "Niia",
      "colab_count": 2
    },
    {
      "source": "Zac Efron",
      "target": "Ashley Tisdale",
      "colab_count": 2
    },
    {
      "source": "Zac Efron",
      "target": "Corbin Bleu",
      "colab_count": 2
    },
    {
      "source": "Zac Efron",
      "target": "Lucas Grabeel",
      "colab_count": 2
    },
    {
      "source": "Zac Efron",
      "target": "Monique Coleman",
      "colab_count": 2
    },
    {
      "source": "Zac Efron",
      "target": "Vanessa Hudgens",
      "colab_count": 2
    }
  ]
}