{
  "nodes": [
    {
      "id": "Bert Lahr",
      "group": 10,
      "song_count": 27
    },
    {
      "id": "Bobby Watson",
      "group": 2,
      "song_count": 2
    },
    {
      "id": "Buddy Ebsen",
      "group": 9,
      "song_count": 9
    },
    {
      "id": "Burt Lahr",
      "group": 1,
      "song_count": 1
    },
    {
      "id": "Charles Irwin",
      "group": 2,
      "song_count": 2
    },
    {
      "id": "Columbia Symphony Orchestra",
      "group": 2,
      "song_count": 2
    },
    {
      "id": "Dalton Rizzotto & Orchestra",
      "group": 1,
      "song_count": 1
    },
    {
      "id": "Dick Haymes",
      "group": 1,
      "song_count": 1
    },
    {
      "id": "Dona Massin",
      "group": 3,
      "song_count": 3
    },
    {
      "id": "Donald Voorhees",
      "group": 2,
      "song_count": 2
    },
    {
      "id": "Elivda Rizzo",
      "group": 2,
      "song_count": 2
    },
    {
      "id": "Frank Morgan",
      "group": 10,
      "song_count": 26
    },
    {
      "id": "Georgia Stark",
      "group": 1,
      "song_count": 1
    },
    {
      "id": "Harry James",
      "group": 3,
      "song_count": 3
    },
    {
      "id": "Helen Forrest",
      "group": 1,
      "song_count": 1
    },
    {
      "id": "Jack Haley",
      "group": 8,
      "song_count": 8
    },
    {
      "id": "Jason Aquila",
      "group": 2,
      "song_count": 2
    },
    {
      "id": "Joan Ellison",
      "group": 6,
      "song_count": 6
    },
    {
      "id": "Jodie Ricci",
      "group": 2,
      "song_count": 2
    },
    {
      "id": "Judy Garland",
      "group": 10,
      "song_count": 22
    },
    {
      "id": "Lois January",
      "group": 2,
      "song_count": 2
    },
    {
      "id": "Lorraine Bridges",
      "group": 2,
      "song_count": 2
    },
    {
      "id": "MGM Studio Chorus",
      "group": 2,
      "song_count": 2
    },
    {
      "id": "Mark Flanders",
      "group": 2,
      "song_count": 2
    },
    {
      "id": "Michael Rabin",
      "group": 2,
      "song_count": 2
    },
    {
      "id": "Oliver Smith",
      "group": 2,
      "song_count": 2
    },
    {
      "id": "Ottokar Novacek",
      "group": 3,
      "song_count": 3
    },
    {
      "id": "Pablo de Sarasate",
      "group": 3,
      "song_count": 3
    },
    {
      "id": "Ralph Sudam",
      "group": 2,
      "song_count": 2
    },
    {
      "id": "Ray Bolger",
      "group": 10,
      "song_count": 13
    },
    {
      "id": "Tyler Brook",
      "group": 2,
      "song_count": 2
    }
  ],
  "links": [
    {
      "source": "Bert Lahr",
      "target": "Buddy Ebsen",
      "colab_count": 4
    },
    {
      "source": "Bert Lahr",
      "target": "Georgia Stark",
      "colab_count": 1
    },
    {
      "source": "Bert Lahr",
      "target": "Jack Haley",
      "colab_count": 4
    },
    {
      "source": "Bert Lahr",
      "target": "Judy Garland",
      "colab_count": 6
    },
    {
      "source": "Bert Lahr",
      "target": "Ray Bolger",
      "colab_count": 6
    },
    {
      "source": "Dona Massin",
      "target": "Bert Lahr",
      "colab_count": 1
    },
    {
      "source": "Dona Massin",
      "target": "Buddy Ebsen",
      "colab_count": 1
    },
    {
      "source": "Dona Massin",
      "target": "Ray Bolger",
      "colab_count": 1
    },
    {
      "source": "Frank Morgan",
      "target": "Bert Lahr",
      "colab_count": 2
    },
    {
      "source": "Frank Morgan",
      "target": "Bobby Watson",
      "colab_count": 2
    },
    {
      "source": "Frank Morgan",
      "target": "Charles Irwin",
      "colab_count": 2
    },
    {
      "source": "Frank Morgan",
      "target": "Elivda Rizzo",
      "colab_count": 2
    },
    {
      "source": "Frank Morgan",
      "target": "Jack Haley",
      "colab_count": 2
    },
    {
      "source": "Frank Morgan",
      "target": "Judy Garland",
      "colab_count": 2
    },
    {
      "source": "Frank Morgan",
      "target": "Lois January",
      "colab_count": 2
    },
    {
      "source": "Frank Morgan",
      "target": "Lorraine Bridges",
      "colab_count": 2
    },
    {
      "source": "Frank Morgan",
      "target": "MGM Studio Chorus",
      "colab_count": 2
    },
    {
      "source": "Frank Morgan",
      "target": "Oliver Smith",
      "colab_count": 2
    },
    {
      "source": "Frank Morgan",
      "target": "Ralph Sudam",
      "colab_count": 2
    },
    {
      "source": "Frank Morgan",
      "target": "Ray Bolger",
      "colab_count": 2
    },
    {
      "source": "Frank Morgan",
      "target": "Tyler Brook",
      "colab_count": 2
    },
    {
      "source": "Harry James",
      "target": "Dalton Rizzotto & Orchestra",
      "colab_count": 1
    },
    {
      "source": "Harry James",
      "target": "Dick Haymes",
      "colab_count": 1
    },
    {
      "source": "Harry James",
      "target": "Helen Forrest",
      "colab_count": 1
    },
    {
      "source": "Joan Ellison",
      "target": "Jason Aquila",
      "colab_count": 2
    },
    {
      "source": "Joan Ellison",
      "target": "Jodie Ricci",
      "colab_count": 2
    },
    {
      "source": "Joan Ellison",
      "target": "Mark Flanders",
      "colab_count": 2
    },
    {
      "source": "Judy Garland",
      "target": "Bert Lahr",
      "colab_count": 3
    },
    {
      "source": "Judy Garland",
      "target": "Buddy Ebsen",
      "colab_count": 4
    },
    {
      "source": "Judy Garland",
      "target": "Burt Lahr",
      "colab_count": 1
    },
    {
      "source": "Judy Garland",
      "target": "Jack Haley",
      "colab_count": 2
    },
    {
      "source": "Judy Garland",
      "target": "Ray Bolger",
      "colab_count": 4
    },
    {
      "source": "Ottokar Novacek",
      "target": "Columbia Symphony Orchestra",
      "colab_count": 1
    },
    {
      "source": "Ottokar Novacek",
      "target": "Donald Voorhees",
      "colab_count": 1
    },
    {
      "source": "Ottokar Novacek",
      "target": "Michael Rabin",
      "colab_count": 1
    },
    {
      "source": "Pablo de Sarasate",
      "target": "Columbia Symphony Orchestra",
      "colab_count": 1
    },
    {
      "source": "Pablo de Sarasate",
      "target": "Donald Voorhees",
      "colab_count": 1
    },
    {
      "source": "Pablo de Sarasate",
      "target": "Michael Rabin",
      "colab_count": 1
    }
  ]
}