{
  "nodes": [
    {
      "id": "Aldo Marin",
      "group": 1,
      "song_count": 1
    },
    {
      "id": "Andreas Vollenweider",
      "group": 10,
      "song_count": 20
    },
    {
      "id": "Antonio Vivaldi",
      "group": 8,
      "song_count": 8
    },
    {
      "id": "Arianna",
      "group": 1,
      "song_count": 1
    },
    {
      "id": "Bill Frisell",
      "group": 1,
      "song_count": 1
    },
    {
      "id": "Bill Lanphier",
      "group": 1,
      "song_count": 1
    },
    {
      "id": "Bill Mitchell",
      "group": 3,
      "song_count": 3
    },
    {
      "id": "Bob Ezrin",
      "group": 2,
      "song_count": 2
    },
    {
      "id": "Bob Loftus",
      "group": 2,
      "song_count": 2
    },
    {
      "id": "Brandon Fields",
      "group": 1,
      "song_count": 1
    },
    {
      "id": "Carlos Rodgers",
      "group": 1,
      "song_count": 1
    },
    {
      "id": "Christoph Ziegler",
      "group": 4,
      "song_count": 4
    },
    {
      "id": "Claude Debussy",
      "group": 3,
      "song_count": 3
    },
    {
      "id": "Craig Engel",
      "group": 2,
      "song_count": 2
    },
    {
      "id": "Daniela Romo",
      "group": 1,
      "song_count": 1
    },
    {
      "id": "David Ahlert",
      "group": 2,
      "song_count": 2
    },
    {
      "id": "David Benoit",
      "group": 3,
      "song_count": 3
    },
    {
      "id": "David Koz",
      "group": 2,
      "song_count": 2
    },
    {
      "id": "David Ling Jr",
      "group": 1,
      "song_count": 1
    },
    {
      "id": "David TIckle",
      "group": 2,
      "song_count": 2
    },
    {
      "id": "Denise De Kalafe",
      "group": 1,
      "song_count": 1
    },
    {
      "id": "Ellen Greene",
      "group": 2,
      "song_count": 2
    },
    {
      "id": "English Chamber Orchestra",
      "group": 1,
      "song_count": 1
    },
    {
      "id": "Eric Chen",
      "group": 1,
      "song_count": 1
    },
    {
      "id": "George Lam",
      "group": 1,
      "song_count": 1
    },
    {
      "id": "Gregg Karukas",
      "group": 4,
      "song_count": 4
    },
    {
      "id": "Henry Purcell",
      "group": 3,
      "song_count": 3
    },
    {
      "id": "Hernaldo Zuniga",
      "group": 1,
      "song_count": 1
    },
    {
      "id": "James Tyler",
      "group": 2,
      "song_count": 2
    },
    {
      "id": "Jessye Norman",
      "group": 1,
      "song_count": 1
    },
    {
      "id": "Jim Dineen",
      "group": 2,
      "song_count": 2
    },
    {
      "id": "Jimmy Johnson",
      "group": 3,
      "song_count": 3
    },
    {
      "id": "John Scofield",
      "group": 1,
      "song_count": 1
    },
    {
      "id": "Jon Otis",
      "group": 4,
      "song_count": 4
    },
    {
      "id": "Julian Lloyd Webber",
      "group": 1,
      "song_count": 1
    },
    {
      "id": "Levi Stubbs",
      "group": 7,
      "song_count": 7
    },
    {
      "id": "Marc Johnson",
      "group": 3,
      "song_count": 3
    },
    {
      "id": "Matthias Ziegler",
      "group": 4,
      "song_count": 4
    },
    {
      "id": "Michelle Weeks",
      "group": 10,
      "song_count": 12
    },
    {
      "id": "Mijares",
      "group": 1,
      "song_count": 1
    },
    {
      "id": "Nicholas Cleobury",
      "group": 1,
      "song_count": 1
    },
    {
      "id": "Omar Santana",
      "group": 1,
      "song_count": 1
    },
    {
      "id": "Oscar Athie",
      "group": 1,
      "song_count": 1
    },
    {
      "id": "Pandora",
      "group": 1,
      "song_count": 1
    },
    {
      "id": "Pedro Haldemann",
      "group": 4,
      "song_count": 4
    },
    {
      "id": "Peter Erskine",
      "group": 1,
      "song_count": 1
    },
    {
      "id": "Philip Kok",
      "group": 1,
      "song_count": 1
    },
    {
      "id": "Raymond Leppard",
      "group": 1,
      "song_count": 1
    },
    {
      "id": "Rick Moranis",
      "group": 10,
      "song_count": 16
    },
    {
      "id": "Robin Jeffrey",
      "group": 2,
      "song_count": 2
    },
    {
      "id": "Rod Stewart",
      "group": 10,
      "song_count": 14
    },
    {
      "id": "Royal Philharmonic Orchestra",
      "group": 1,
      "song_count": 1
    },
    {
      "id": "Russ Freeman",
      "group": 4,
      "song_count": 4
    },
    {
      "id": "Safire",
      "group": 3,
      "song_count": 3
    },
    {
      "id": "Sally Yeh",
      "group": 6,
      "song_count": 6
    },
    {
      "id": "Stan Katayama",
      "group": 2,
      "song_count": 2
    },
    {
      "id": "Steve Martin",
      "group": 3,
      "song_count": 3
    },
    {
      "id": "Steve Reid",
      "group": 4,
      "song_count": 4
    },
    {
      "id": "Tatiana",
      "group": 1,
      "song_count": 1
    },
    {
      "id": "The Do Wops",
      "group": 1,
      "song_count": 1
    },
    {
      "id": "The English Concert",
      "group": 2,
      "song_count": 2
    },
    {
      "id": "The Rippingtons",
      "group": 10,
      "song_count": 26
    },
    {
      "id": "Tichina Arnold",
      "group": 9,
      "song_count": 9
    },
    {
      "id": "Tisha Campbell",
      "group": 9,
      "song_count": 9
    },
    {
      "id": "Tom Brown",
      "group": 1,
      "song_count": 1
    },
    {
      "id": "Tony Morales",
      "group": 4,
      "song_count": 4
    },
    {
      "id": "Trevor Pinnock",
      "group": 2,
      "song_count": 2
    },
    {
      "id": "Walter Keiser",
      "group": 4,
      "song_count": 4
    },
    {
      "id": "Yuri",
      "group": 8,
      "song_count": 8
    },
    {
      "id": "Zhang Yong Fu",
      "group": 1,
      "song_count": 1
    }
  ],
  "links": [
    {
      "source": "Andreas Vollenweider",
      "target": "Christoph Ziegler",
      "colab_count": 4
    },
    {
      "source": "Andreas Vollenweider",
      "target": "Jon Otis",
      "colab_count": 4
    },
    {
      "source": "Andreas Vollenweider",
      "target": "Matthias Ziegler",
      "colab_count": 4
    },
    {
      "source": "Andreas Vollenweider",
      "target": "Pedro Haldemann",
      "colab_count": 4
    },
    {
      "source": "Andreas Vollenweider",
      "target": "Walter Keiser",
      "colab_count": 4
    },
    {
      "source": "Antonio Vivaldi",
      "target": "James Tyler",
      "colab_count": 2
    },
    {
      "source": "Antonio Vivaldi",
      "target": "Robin Jeffrey",
      "colab_count": 2
    },
    {
      "source": "Antonio Vivaldi",
      "target": "The English Concert",
      "colab_count": 2
    },
    {
      "source": "Antonio Vivaldi",
      "target": "Trevor Pinnock",
      "colab_count": 2
    },
    {
      "source": "Bill Mitchell",
      "target": "Michelle Weeks",
      "colab_count": 1
    },
    {
      "source": "Bill Mitchell",
      "target": "Tichina Arnold",
      "colab_count": 1
    },
    {
      "source": "Bill Mitchell",
      "target": "Tisha Campbell",
      "colab_count": 1
    },
    {
      "source": "Claude Debussy",
      "target": "Julian Lloyd Webber",
      "colab_count": 1
    },
    {
      "source": "Claude Debussy",
      "target": "Nicholas Cleobury",
      "colab_count": 1
    },
    {
      "source": "Claude Debussy",
      "target": "Royal Philharmonic Orchestra",
      "colab_count": 1
    },
    {
      "source": "Henry Purcell",
      "target": "English Chamber Orchestra",
      "colab_count": 1
    },
    {
      "source": "Henry Purcell",
      "target": "Jessye Norman",
      "colab_count": 1
    },
    {
      "source": "Henry Purcell",
      "target": "Raymond Leppard",
      "colab_count": 1
    },
    {
      "source": "Levi Stubbs",
      "target": "Michelle Weeks",
      "colab_count": 2
    },
    {
      "source": "Levi Stubbs",
      "target": "Rick Moranis",
      "colab_count": 1
    },
    {
      "source": "Levi Stubbs",
      "target": "Tichina Arnold",
      "colab_count": 2
    },
    {
      "source": "Levi Stubbs",
      "target": "Tisha Campbell",
      "colab_count": 2
    },
    {
      "source": "Marc Johnson",
      "target": "Bill Frisell",
      "colab_count": 1
    },
    {
      "source": "Marc Johnson",
      "target": "John Scofield",
      "colab_count": 1
    },
    {
      "source": "Marc Johnson",
      "target": "Peter Erskine",
      "colab_count": 1
    },
    {
      "source": "Michelle Weeks",
      "target": "Ellen Greene",
      "colab_count": 1
    },
    {
      "source": "Michelle Weeks",
      "target": "Rick Moranis",
      "colab_count": 1
    },
    {
      "source": "Michelle Weeks",
      "target": "Tichina Arnold",
      "colab_count": 1
    },
    {
      "source": "Michelle Weeks",
      "target": "Tisha Campbell",
      "colab_count": 1
    },
    {
      "source": "Rick Moranis",
      "target": "Ellen Greene",
      "colab_count": 1
    },
    {
      "source": "Rick Moranis",
      "target": "Michelle Weeks",
      "colab_count": 4
    },
    {
      "source": "Rick Moranis",
      "target": "The Do Wops",
      "colab_count": 1
    },
    {
      "source": "Rick Moranis",
      "target": "Tichina Arnold",
      "colab_count": 4
    },
    {
      "source": "Rick Moranis",
      "target": "Tisha Campbell",
      "colab_count": 4
    },
    {
      "source": "Rod Stewart",
      "target": "Bob Ezrin",
      "colab_count": 2
    },
    {
      "source": "Rod Stewart",
      "target": "Bob Loftus",
      "colab_count": 2
    },
    {
      "source": "Rod Stewart",
      "target": "Craig Engel",
      "colab_count": 2
    },
    {
      "source": "Rod Stewart",
      "target": "David Ahlert",
      "colab_count": 2
    },
    {
      "source": "Rod Stewart",
      "target": "David TIckle",
      "colab_count": 2
    },
    {
      "source": "Rod Stewart",
      "target": "Jim Dineen",
      "colab_count": 2
    },
    {
      "source": "Rod Stewart",
      "target": "Stan Katayama",
      "colab_count": 2
    },
    {
      "source": "Safire",
      "target": "Aldo Marin",
      "colab_count": 1
    },
    {
      "source": "Safire",
      "target": "Carlos Rodgers",
      "colab_count": 1
    },
    {
      "source": "Safire",
      "target": "Omar Santana",
      "colab_count": 1
    },
    {
      "source": "Sally Yeh",
      "target": "David Ling Jr",
      "colab_count": 1
    },
    {
      "source": "Sally Yeh",
      "target": "Eric Chen",
      "colab_count": 1
    },
    {
      "source": "Sally Yeh",
      "target": "George Lam",
      "colab_count": 1
    },
    {
      "source": "Sally Yeh",
      "target": "Philip Kok",
      "colab_count": 1
    },
    {
      "source": "Sally Yeh",
      "target": "Tom Brown",
      "colab_count": 1
    },
    {
      "source": "Sally Yeh",
      "target": "Zhang Yong Fu",
      "colab_count": 1
    },
    {
      "source": "Steve Martin",
      "target": "Michelle Weeks",
      "colab_count": 1
    },
    {
      "source": "Steve Martin",
      "target": "Tichina Arnold",
      "colab_count": 1
    },
    {
      "source": "Steve Martin",
      "target": "Tisha Campbell",
      "colab_count": 1
    },
    {
      "source": "The Rippingtons",
      "target": "Bill Lanphier",
      "colab_count": 1
    },
    {
      "source": "The Rippingtons",
      "target": "Brandon Fields",
      "colab_count": 1
    },
    {
      "source": "The Rippingtons",
      "target": "David Benoit",
      "colab_count": 3
    },
    {
      "source": "The Rippingtons",
      "target": "David Koz",
      "colab_count": 2
    },
    {
      "source": "The Rippingtons",
      "target": "Gregg Karukas",
      "colab_count": 4
    },
    {
      "source": "The Rippingtons",
      "target": "Jimmy Johnson",
      "colab_count": 3
    },
    {
      "source": "The Rippingtons",
      "target": "Russ Freeman",
      "colab_count": 4
    },
    {
      "source": "The Rippingtons",
      "target": "Steve Reid",
      "colab_count": 4
    },
    {
      "source": "The Rippingtons",
      "target": "Tony Morales",
      "colab_count": 4
    },
    {
      "source": "Yuri",
      "target": "Arianna",
      "colab_count": 1
    },
    {
      "source": "Yuri",
      "target": "Daniela Romo",
      "colab_count": 1
    },
    {
      "source": "Yuri",
      "target": "Denise De Kalafe",
      "colab_count": 1
    },
    {
      "source": "Yuri",
      "target": "Hernaldo Zuniga",
      "colab_count": 1
    },
    {
      "source": "Yuri",
      "target": "Mijares",
      "colab_count": 1
    },
    {
      "source": "Yuri",
      "target": "Oscar Athie",
      "colab_count": 1
    },
    {
      "source": "Yuri",
      "target": "Pandora",
      "colab_count": 1
    },
    {
      "source": "Yuri",
      "target": "Tatiana",
      "colab_count": 1
    }
  ]
}