{
  "nodes": [
    {
      "id": "2Pac a.k.a. Makaveli",
      "group": 1,
      "song_count": 1
    },
    {
      "id": "8Ball",
      "group": 3,
      "song_count": 3
    },
    {
      "id": "A.R. Rahman",
      "group": 4,
      "song_count": 4
    },
    {
      "id": "Aadesh Shrivastava",
      "group": 5,
      "song_count": 5
    },
    {
      "id": "Adrianne Pieczonka",
      "group": 1,
      "song_count": 1
    },
    {
      "id": "Alberto \"Beto\" Zapata",
      "group": 1,
      "song_count": 1
    },
    {
      "id": "Alejandro Sanz",
      "group": 1,
      "song_count": 1
    },
    {
      "id": "Alicia Villarreal",
      "group": 1,
      "song_count": 1
    },
    {
      "id": "Alka Yagnik",
      "group": 3,
      "song_count": 3
    },
    {
      "id": "Amit Kumar",
      "group": 1,
      "song_count": 1
    },
    {
      "id": "Amitabh Bachchan",
      "group": 1,
      "song_count": 1
    },
    {
      "id": "Ana Gabriel",
      "group": 1,
      "song_count": 1
    },
    {
      "id": "Ann Farina",
      "group": 3,
      "song_count": 3
    },
    {
      "id": "Antonio Vivaldi",
      "group": 4,
      "song_count": 4
    },
    {
      "id": "Big Kap",
      "group": 1,
      "song_count": 1
    },
    {
      "id": "Big T",
      "group": 1,
      "song_count": 1
    },
    {
      "id": "Bo Skovhus",
      "group": 1,
      "song_count": 1
    },
    {
      "id": "Boaz Daniel",
      "group": 1,
      "song_count": 1
    },
    {
      "id": "Bobby Driscoll",
      "group": 4,
      "song_count": 4
    },
    {
      "id": "Budapest Failoni Chamber Orchestra",
      "group": 1,
      "song_count": 1
    },
    {
      "id": "Bun B",
      "group": 1,
      "song_count": 1
    },
    {
      "id": "Butch Cassidy",
      "group": 1,
      "song_count": 1
    },
    {
      "id": "Capleton",
      "group": 1,
      "song_count": 1
    },
    {
      "id": "Carl Feaster",
      "group": 1,
      "song_count": 1
    },
    {
      "id": "Carlos Ponce",
      "group": 1,
      "song_count": 1
    },
    {
      "id": "Carlos Vives",
      "group": 1,
      "song_count": 1
    },
    {
      "id": "Caroline O'Connor",
      "group": 1,
      "song_count": 1
    },
    {
      "id": "Celia Cruz",
      "group": 1,
      "song_count": 1
    },
    {
      "id": "Chayanne",
      "group": 1,
      "song_count": 1
    },
    {
      "id": "Cheryl Freeman",
      "group": 1,
      "song_count": 1
    },
    {
      "id": "Christina Aguilera",
      "group": 3,
      "song_count": 3
    },
    {
      "id": "Chyna Whyte",
      "group": 4,
      "song_count": 4
    },
    {
      "id": "Claude Walter Feaster",
      "group": 1,
      "song_count": 1
    },
    {
      "id": "Cypress Hill",
      "group": 1,
      "song_count": 1
    },
    {
      "id": "DJ Screw",
      "group": 10,
      "song_count": 12
    },
    {
      "id": "Da Brat",
      "group": 1,
      "song_count": 1
    },
    {
      "id": "Damian Marley",
      "group": 3,
      "song_count": 3
    },
    {
      "id": "Daz Dillinger",
      "group": 3,
      "song_count": 3
    },
    {
      "id": "Dick Van Dyke",
      "group": 3,
      "song_count": 3
    },
    {
      "id": "Diddy",
      "group": 1,
      "song_count": 1
    },
    {
      "id": "Disturbing Tha Peace",
      "group": 3,
      "song_count": 3
    },
    {
      "id": "Drag-On",
      "group": 1,
      "song_count": 1
    },
    {
      "id": "E-40",
      "group": 1,
      "song_count": 1
    },
    {
      "id": "Edward Elgar",
      "group": 3,
      "song_count": 3
    },
    {
      "id": "Emmanuele",
      "group": 1,
      "song_count": 1
    },
    {
      "id": "English Chamber Orchestra",
      "group": 1,
      "song_count": 1
    },
    {
      "id": "Ernie Sabella",
      "group": 1,
      "song_count": 1
    },
    {
      "id": "Faith Evans",
      "group": 1,
      "song_count": 1
    },
    {
      "id": "Fate Wilson",
      "group": 1,
      "song_count": 1
    },
    {
      "id": "Floyd F. McRay",
      "group": 5,
      "song_count": 5
    },
    {
      "id": "Gary Beach",
      "group": 7,
      "song_count": 7
    },
    {
      "id": "Geoffrey Thomas",
      "group": 1,
      "song_count": 1
    },
    {
      "id": "Gian Marco",
      "group": 1,
      "song_count": 1
    },
    {
      "id": "Gilberto Santa Rosa",
      "group": 1,
      "song_count": 1
    },
    {
      "id": "Giselle",
      "group": 1,
      "song_count": 1
    },
    {
      "id": "Gloria Estefan",
      "group": 1,
      "song_count": 1
    },
    {
      "id": "Hungarian Radio Chorus",
      "group": 1,
      "song_count": 1
    },
    {
      "id": "I-20",
      "group": 2,
      "song_count": 2
    },
    {
      "id": "Ice Cube",
      "group": 1,
      "song_count": 1
    },
    {
      "id": "Ildiko Raimondi",
      "group": 1,
      "song_count": 1
    },
    {
      "id": "Infamous 2-0",
      "group": 1,
      "song_count": 1
    },
    {
      "id": "Jaci Velasquez",
      "group": 1,
      "song_count": 1
    },
    {
      "id": "James Keyes",
      "group": 1,
      "song_count": 1
    },
    {
      "id": "Janusz Monarcha",
      "group": 1,
      "song_count": 1
    },
    {
      "id": "Jason Weaver",
      "group": 1,
      "song_count": 1
    },
    {
      "id": "Jatin-Lalit",
      "group": 5,
      "song_count": 5
    },
    {
      "id": "Jeffry Denman",
      "group": 1,
      "song_count": 1
    },
    {
      "id": "Jennifer Lopez",
      "group": 1,
      "song_count": 1
    },
    {
      "id": "Jim Broadbent",
      "group": 1,
      "song_count": 1
    },
    {
      "id": "John S. Farina",
      "group": 1,
      "song_count": 1
    },
    {
      "id": "Jon Secada",
      "group": 1,
      "song_count": 1
    },
    {
      "id": "Joseph Williams",
      "group": 1,
      "song_count": 1
    },
    {
      "id": "Juan Luis Guerra 4.40",
      "group": 1,
      "song_count": 1
    },
    {
      "id": "Judit Kiss-Domonkos",
      "group": 1,
      "song_count": 1
    },
    {
      "id": "Julie Andrews",
      "group": 1,
      "song_count": 1
    },
    {
      "id": "Karen Dotrice",
      "group": 1,
      "song_count": 1
    },
    {
      "id": "Kathryn Beaumont",
      "group": 1,
      "song_count": 1
    },
    {
      "id": "Kathy Fitzgerald",
      "group": 1,
      "song_count": 1
    },
    {
      "id": "Kavita Krishnamurthy",
      "group": 1,
      "song_count": 1
    },
    {
      "id": "Kokane",
      "group": 3,
      "song_count": 3
    },
    {
      "id": "Kurupt Tha Kingpin",
      "group": 1,
      "song_count": 1
    },
    {
      "id": "La Ley",
      "group": 1,
      "song_count": 1
    },
    {
      "id": "LaChanze",
      "group": 1,
      "song_count": 1
    },
    {
      "id": "Lara Mulcahy",
      "group": 1,
      "song_count": 1
    },
    {
      "id": "Lil Fate",
      "group": 1,
      "song_count": 1
    },
    {
      "id": "Lil Jon & The East Side Boyz",
      "group": 1,
      "song_count": 1
    },
    {
      "id": "Lil' Flea",
      "group": 1,
      "song_count": 1
    },
    {
      "id": "Lil' Flex",
      "group": 1,
      "song_count": 1
    },
    {
      "id": "Lil' Kim",
      "group": 1,
      "song_count": 1
    },
    {
      "id": "Lillias White",
      "group": 1,
      "song_count": 1
    },
    {
      "id": "Limi-T 21",
      "group": 1,
      "song_count": 1
    },
    {
      "id": "Los Tigres Del Norte",
      "group": 1,
      "song_count": 1
    },
    {
      "id": "Ludacris",
      "group": 9,
      "song_count": 9
    },
    {
      "id": "Luis Fonsi",
      "group": 1,
      "song_count": 1
    },
    {
      "id": "Luniz",
      "group": 1,
      "song_count": 1
    },
    {
      "id": "MJG",
      "group": 1,
      "song_count": 1
    },
    {
      "id": "Mack 10",
      "group": 3,
      "song_count": 3
    },
    {
      "id": "Mariah Carey",
      "group": 4,
      "song_count": 4
    },
    {
      "id": "Matthew Broderick",
      "group": 1,
      "song_count": 1
    },
    {
      "id": "Matthew Garber",
      "group": 1,
      "song_count": 1
    },
    {
      "id": "Melina Leon",
      "group": 1,
      "song_count": 1
    },
    {
      "id": "Method Man",
      "group": 1,
      "song_count": 1
    },
    {
      "id": "Michael Halasz",
      "group": 1,
      "song_count": 1
    },
    {
      "id": "Mike Marshall",
      "group": 1,
      "song_count": 1
    },
    {
      "id": "Mystikal",
      "group": 1,
      "song_count": 1
    },
    {
      "id": "Natalie Mendoza",
      "group": 1,
      "song_count": 1
    },
    {
      "id": "Nathan Lane",
      "group": 4,
      "song_count": 4
    },
    {
      "id": "Nicolaus Esterhazy Sinfonia",
      "group": 1,
      "song_count": 1
    },
    {
      "id": "Nicole Kidman",
      "group": 4,
      "song_count": 4
    },
    {
      "id": "Osian Ellis",
      "group": 1,
      "song_count": 1
    },
    {
      "id": "Outlawz",
      "group": 1,
      "song_count": 1
    },
    {
      "id": "P!nk",
      "group": 1,
      "song_count": 1
    },
    {
      "id": "PSK-13",
      "group": 2,
      "song_count": 2
    },
    {
      "id": "Paul Collins",
      "group": 1,
      "song_count": 1
    },
    {
      "id": "Paul Goodwin",
      "group": 1,
      "song_count": 1
    },
    {
      "id": "Paulina Rubio",
      "group": 1,
      "song_count": 1
    },
    {
      "id": "Peter Marinos",
      "group": 1,
      "song_count": 1
    },
    {
      "id": "Pimp C",
      "group": 1,
      "song_count": 1
    },
    {
      "id": "Point Blank",
      "group": 1,
      "song_count": 1
    },
    {
      "id": "Ray Wills",
      "group": 1,
      "song_count": 1
    },
    {
      "id": "Redman",
      "group": 3,
      "song_count": 3
    },
    {
      "id": "Regina Schorg",
      "group": 1,
      "song_count": 1
    },
    {
      "id": "Renato Girolami",
      "group": 1,
      "song_count": 1
    },
    {
      "id": "Ricardo Montaner",
      "group": 1,
      "song_count": 1
    },
    {
      "id": "Ricky Martin",
      "group": 10,
      "song_count": 29
    },
    {
      "id": "Roger Bart",
      "group": 1,
      "song_count": 1
    },
    {
      "id": "Santo & Johnny",
      "group": 1,
      "song_count": 1
    },
    {
      "id": "Santo A. Farina",
      "group": 1,
      "song_count": 1
    },
    {
      "id": "Shakira",
      "group": 1,
      "song_count": 1
    },
    {
      "id": "Shawnna",
      "group": 2,
      "song_count": 2
    },
    {
      "id": "Shock G",
      "group": 1,
      "song_count": 1
    },
    {
      "id": "Sir Dogg",
      "group": 1,
      "song_count": 1
    },
    {
      "id": "Snoopy Collins",
      "group": 1,
      "song_count": 1
    },
    {
      "id": "Sonu Nigam",
      "group": 1,
      "song_count": 1
    },
    {
      "id": "South Park Mexican",
      "group": 1,
      "song_count": 1
    },
    {
      "id": "Spice 1",
      "group": 4,
      "song_count": 4
    },
    {
      "id": "Srinivas",
      "group": 1,
      "song_count": 1
    },
    {
      "id": "Stefan Schilli",
      "group": 1,
      "song_count": 1
    },
    {
      "id": "Stephen Marley",
      "group": 1,
      "song_count": 1
    },
    {
      "id": "Sudesh Bhosle",
      "group": 1,
      "song_count": 1
    },
    {
      "id": "Sukhwinder Singh",
      "group": 1,
      "song_count": 1
    },
    {
      "id": "Sunidhi Chauhan",
      "group": 1,
      "song_count": 1
    },
    {
      "id": "Susan Egan",
      "group": 4,
      "song_count": 4
    },
    {
      "id": "Tha Eastsidaz",
      "group": 1,
      "song_count": 1
    },
    {
      "id": "Thalia",
      "group": 1,
      "song_count": 1
    },
    {
      "id": "The Crew Cuts",
      "group": 1,
      "song_count": 1
    },
    {
      "id": "The Jud Conlon Chorus",
      "group": 1,
      "song_count": 1
    },
    {
      "id": "Three 6 Mafia",
      "group": 1,
      "song_count": 1
    },
    {
      "id": "Tommy Luske",
      "group": 1,
      "song_count": 1
    },
    {
      "id": "Too $hort",
      "group": 1,
      "song_count": 1
    },
    {
      "id": "Torsten Kerl",
      "group": 1,
      "song_count": 1
    },
    {
      "id": "Twenty II",
      "group": 1,
      "song_count": 1
    },
    {
      "id": "UGK",
      "group": 1,
      "song_count": 1
    },
    {
      "id": "Udit Narayan",
      "group": 3,
      "song_count": 3
    },
    {
      "id": "Vaneese Thomas",
      "group": 1,
      "song_count": 1
    },
    {
      "id": "WC",
      "group": 1,
      "song_count": 1
    },
    {
      "id": "War",
      "group": 1,
      "song_count": 1
    },
    {
      "id": "Wilkins",
      "group": 1,
      "song_count": 1
    },
    {
      "id": "William Edwards",
      "group": 1,
      "song_count": 1
    },
    {
      "id": "Wolfgang Amadeus Mozart",
      "group": 10,
      "song_count": 11
    },
    {
      "id": "Yuri",
      "group": 1,
      "song_count": 1
    },
    {
      "id": "Z-Ro",
      "group": 1,
      "song_count": 1
    },
    {
      "id": "Zhayne",
      "group": 1,
      "song_count": 1
    }
  ],
  "links": [
    {
      "source": "8Ball",
      "target": "Diddy",
      "colab_count": 1
    },
    {
      "source": "8Ball",
      "target": "Faith Evans",
      "colab_count": 1
    },
    {
      "source": "8Ball",
      "target": "MJG",
      "colab_count": 1
    },
    {
      "source": "A.R. Rahman",
      "target": "Alka Yagnik",
      "colab_count": 1
    },
    {
      "source": "A.R. Rahman",
      "target": "Srinivas",
      "colab_count": 1
    },
    {
      "source": "A.R. Rahman",
      "target": "Sukhwinder Singh",
      "colab_count": 1
    },
    {
      "source": "A.R. Rahman",
      "target": "Udit Narayan",
      "colab_count": 1
    },
    {
      "source": "Aadesh Shrivastava",
      "target": "Alka Yagnik",
      "colab_count": 1
    },
    {
      "source": "Aadesh Shrivastava",
      "target": "Amitabh Bachchan",
      "colab_count": 1
    },
    {
      "source": "Aadesh Shrivastava",
      "target": "Sudesh Bhosle",
      "colab_count": 1
    },
    {
      "source": "Aadesh Shrivastava",
      "target": "Sunidhi Chauhan",
      "colab_count": 1
    },
    {
      "source": "Aadesh Shrivastava",
      "target": "Udit Narayan",
      "colab_count": 1
    },
    {
      "source": "Ann Farina",
      "target": "John S. Farina",
      "colab_count": 1
    },
    {
      "source": "Ann Farina",
      "target": "Santo & Johnny",
      "colab_count": 1
    },
    {
      "source": "Ann Farina",
      "target": "Santo A. Farina",
      "colab_count": 1
    },
    {
      "source": "Antonio Vivaldi",
      "target": "Budapest Failoni Chamber Orchestra",
      "colab_count": 1
    },
    {
      "source": "Antonio Vivaldi",
      "target": "Geoffrey Thomas",
      "colab_count": 1
    },
    {
      "source": "Antonio Vivaldi",
      "target": "Judit Kiss-Domonkos",
      "colab_count": 1
    },
    {
      "source": "Antonio Vivaldi",
      "target": "Stefan Schilli",
      "colab_count": 1
    },
    {
      "source": "Bobby Driscoll",
      "target": "Kathryn Beaumont",
      "colab_count": 1
    },
    {
      "source": "Bobby Driscoll",
      "target": "Paul Collins",
      "colab_count": 1
    },
    {
      "source": "Bobby Driscoll",
      "target": "The Jud Conlon Chorus",
      "colab_count": 1
    },
    {
      "source": "Bobby Driscoll",
      "target": "Tommy Luske",
      "colab_count": 1
    },
    {
      "source": "Christina Aguilera",
      "target": "Lil' Kim",
      "colab_count": 1
    },
    {
      "source": "Christina Aguilera",
      "target": "P!nk",
      "colab_count": 1
    },
    {
      "source": "Chyna Whyte",
      "target": "Big Kap",
      "colab_count": 1
    },
    {
      "source": "Chyna Whyte",
      "target": "Lil Jon & The East Side Boyz",
      "colab_count": 1
    },
    {
      "source": "Chyna Whyte",
      "target": "Ludacris",
      "colab_count": 1
    },
    {
      "source": "Chyna Whyte",
      "target": "Too $hort",
      "colab_count": 1
    },
    {
      "source": "DJ Screw",
      "target": "Big T",
      "colab_count": 1
    },
    {
      "source": "DJ Screw",
      "target": "Bun B",
      "colab_count": 1
    },
    {
      "source": "DJ Screw",
      "target": "Lil' Flea",
      "colab_count": 1
    },
    {
      "source": "DJ Screw",
      "target": "Lil' Flex",
      "colab_count": 1
    },
    {
      "source": "DJ Screw",
      "target": "PSK-13",
      "colab_count": 2
    },
    {
      "source": "DJ Screw",
      "target": "Pimp C",
      "colab_count": 1
    },
    {
      "source": "DJ Screw",
      "target": "Point Blank",
      "colab_count": 1
    },
    {
      "source": "DJ Screw",
      "target": "South Park Mexican",
      "colab_count": 1
    },
    {
      "source": "DJ Screw",
      "target": "UGK",
      "colab_count": 1
    },
    {
      "source": "DJ Screw",
      "target": "Z-Ro",
      "colab_count": 1
    },
    {
      "source": "DJ Screw",
      "target": "Zhayne",
      "colab_count": 1
    },
    {
      "source": "Damian Marley",
      "target": "Capleton",
      "colab_count": 1
    },
    {
      "source": "Damian Marley",
      "target": "Drag-On",
      "colab_count": 1
    },
    {
      "source": "Damian Marley",
      "target": "Stephen Marley",
      "colab_count": 1
    },
    {
      "source": "Daz Dillinger",
      "target": "2Pac a.k.a. Makaveli",
      "colab_count": 1
    },
    {
      "source": "Daz Dillinger",
      "target": "Kurupt Tha Kingpin",
      "colab_count": 1
    },
    {
      "source": "Daz Dillinger",
      "target": "Outlawz",
      "colab_count": 1
    },
    {
      "source": "Dick Van Dyke",
      "target": "Julie Andrews",
      "colab_count": 1
    },
    {
      "source": "Dick Van Dyke",
      "target": "Karen Dotrice",
      "colab_count": 1
    },
    {
      "source": "Dick Van Dyke",
      "target": "Matthew Garber",
      "colab_count": 1
    },
    {
      "source": "Disturbing Tha Peace",
      "target": "I-20",
      "colab_count": 1
    },
    {
      "source": "Disturbing Tha Peace",
      "target": "Ludacris",
      "colab_count": 1
    },
    {
      "source": "Disturbing Tha Peace",
      "target": "Mystikal",
      "colab_count": 1
    },
    {
      "source": "Edward Elgar",
      "target": "English Chamber Orchestra",
      "colab_count": 1
    },
    {
      "source": "Edward Elgar",
      "target": "Osian Ellis",
      "colab_count": 1
    },
    {
      "source": "Edward Elgar",
      "target": "Paul Goodwin",
      "colab_count": 1
    },
    {
      "source": "Floyd F. McRay",
      "target": "Carl Feaster",
      "colab_count": 1
    },
    {
      "source": "Floyd F. McRay",
      "target": "Claude Walter Feaster",
      "colab_count": 1
    },
    {
      "source": "Floyd F. McRay",
      "target": "James Keyes",
      "colab_count": 1
    },
    {
      "source": "Floyd F. McRay",
      "target": "The Crew Cuts",
      "colab_count": 1
    },
    {
      "source": "Floyd F. McRay",
      "target": "William Edwards",
      "colab_count": 1
    },
    {
      "source": "Gary Beach",
      "target": "Jeffry Denman",
      "colab_count": 1
    },
    {
      "source": "Gary Beach",
      "target": "Kathy Fitzgerald",
      "colab_count": 1
    },
    {
      "source": "Gary Beach",
      "target": "Matthew Broderick",
      "colab_count": 1
    },
    {
      "source": "Gary Beach",
      "target": "Nathan Lane",
      "colab_count": 1
    },
    {
      "source": "Gary Beach",
      "target": "Peter Marinos",
      "colab_count": 1
    },
    {
      "source": "Gary Beach",
      "target": "Ray Wills",
      "colab_count": 1
    },
    {
      "source": "Gary Beach",
      "target": "Roger Bart",
      "colab_count": 1
    },
    {
      "source": "Jatin-Lalit",
      "target": "Alka Yagnik",
      "colab_count": 1
    },
    {
      "source": "Jatin-Lalit",
      "target": "Amit Kumar",
      "colab_count": 1
    },
    {
      "source": "Jatin-Lalit",
      "target": "Kavita Krishnamurthy",
      "colab_count": 1
    },
    {
      "source": "Jatin-Lalit",
      "target": "Sonu Nigam",
      "colab_count": 1
    },
    {
      "source": "Jatin-Lalit",
      "target": "Udit Narayan",
      "colab_count": 1
    },
    {
      "source": "Kokane",
      "target": "Sir Dogg",
      "colab_count": 1
    },
    {
      "source": "Kokane",
      "target": "Snoopy Collins",
      "colab_count": 1
    },
    {
      "source": "Kokane",
      "target": "Tha Eastsidaz",
      "colab_count": 1
    },
    {
      "source": "Ludacris",
      "target": "Fate Wilson",
      "colab_count": 1
    },
    {
      "source": "Ludacris",
      "target": "I-20",
      "colab_count": 1
    },
    {
      "source": "Ludacris",
      "target": "Infamous 2-0",
      "colab_count": 1
    },
    {
      "source": "Ludacris",
      "target": "Lil Fate",
      "colab_count": 1
    },
    {
      "source": "Ludacris",
      "target": "Shawnna",
      "colab_count": 1
    },
    {
      "source": "Ludacris",
      "target": "Three 6 Mafia",
      "colab_count": 1
    },
    {
      "source": "Mack 10",
      "target": "Butch Cassidy",
      "colab_count": 1
    },
    {
      "source": "Mack 10",
      "target": "Ice Cube",
      "colab_count": 1
    },
    {
      "source": "Mack 10",
      "target": "WC",
      "colab_count": 1
    },
    {
      "source": "Mariah Carey",
      "target": "Da Brat",
      "colab_count": 1
    },
    {
      "source": "Mariah Carey",
      "target": "Ludacris",
      "colab_count": 1
    },
    {
      "source": "Mariah Carey",
      "target": "Shawnna",
      "colab_count": 1
    },
    {
      "source": "Mariah Carey",
      "target": "Twenty II",
      "colab_count": 1
    },
    {
      "source": "Nathan Lane",
      "target": "Ernie Sabella",
      "colab_count": 1
    },
    {
      "source": "Nathan Lane",
      "target": "Jason Weaver",
      "colab_count": 1
    },
    {
      "source": "Nathan Lane",
      "target": "Joseph Williams",
      "colab_count": 1
    },
    {
      "source": "Nicole Kidman",
      "target": "Caroline O'Connor",
      "colab_count": 1
    },
    {
      "source": "Nicole Kidman",
      "target": "Jim Broadbent",
      "colab_count": 1
    },
    {
      "source": "Nicole Kidman",
      "target": "Lara Mulcahy",
      "colab_count": 1
    },
    {
      "source": "Nicole Kidman",
      "target": "Natalie Mendoza",
      "colab_count": 1
    },
    {
      "source": "Redman",
      "target": "Cypress Hill",
      "colab_count": 1
    },
    {
      "source": "Redman",
      "target": "Method Man",
      "colab_count": 1
    },
    {
      "source": "Redman",
      "target": "War",
      "colab_count": 1
    },
    {
      "source": "Ricky Martin",
      "target": "Alberto \"Beto\" Zapata",
      "colab_count": 1
    },
    {
      "source": "Ricky Martin",
      "target": "Alejandro Sanz",
      "colab_count": 1
    },
    {
      "source": "Ricky Martin",
      "target": "Alicia Villarreal",
      "colab_count": 1
    },
    {
      "source": "Ricky Martin",
      "target": "Ana Gabriel",
      "colab_count": 1
    },
    {
      "source": "Ricky Martin",
      "target": "Carlos Ponce",
      "colab_count": 1
    },
    {
      "source": "Ricky Martin",
      "target": "Carlos Vives",
      "colab_count": 1
    },
    {
      "source": "Ricky Martin",
      "target": "Celia Cruz",
      "colab_count": 1
    },
    {
      "source": "Ricky Martin",
      "target": "Chayanne",
      "colab_count": 1
    },
    {
      "source": "Ricky Martin",
      "target": "Christina Aguilera",
      "colab_count": 1
    },
    {
      "source": "Ricky Martin",
      "target": "Emmanuele",
      "colab_count": 1
    },
    {
      "source": "Ricky Martin",
      "target": "Gian Marco",
      "colab_count": 1
    },
    {
      "source": "Ricky Martin",
      "target": "Gilberto Santa Rosa",
      "colab_count": 1
    },
    {
      "source": "Ricky Martin",
      "target": "Giselle",
      "colab_count": 1
    },
    {
      "source": "Ricky Martin",
      "target": "Gloria Estefan",
      "colab_count": 1
    },
    {
      "source": "Ricky Martin",
      "target": "Jaci Velasquez",
      "colab_count": 1
    },
    {
      "source": "Ricky Martin",
      "target": "Jennifer Lopez",
      "colab_count": 1
    },
    {
      "source": "Ricky Martin",
      "target": "Jon Secada",
      "colab_count": 1
    },
    {
      "source": "Ricky Martin",
      "target": "Juan Luis Guerra 4.40",
      "colab_count": 1
    },
    {
      "source": "Ricky Martin",
      "target": "La Ley",
      "colab_count": 1
    },
    {
      "source": "Ricky Martin",
      "target": "Limi-T 21",
      "colab_count": 1
    },
    {
      "source": "Ricky Martin",
      "target": "Los Tigres Del Norte",
      "colab_count": 1
    },
    {
      "source": "Ricky Martin",
      "target": "Luis Fonsi",
      "colab_count": 1
    },
    {
      "source": "Ricky Martin",
      "target": "Melina Leon",
      "colab_count": 1
    },
    {
      "source": "Ricky Martin",
      "target": "Paulina Rubio",
      "colab_count": 1
    },
    {
      "source": "Ricky Martin",
      "target": "Ricardo Montaner",
      "colab_count": 1
    },
    {
      "source": "Ricky Martin",
      "target": "Shakira",
      "colab_count": 1
    },
    {
      "source": "Ricky Martin",
      "target": "Thalia",
      "colab_count": 1
    },
    {
      "source": "Ricky Martin",
      "target": "Wilkins",
      "colab_count": 1
    },
    {
      "source": "Ricky Martin",
      "target": "Yuri",
      "colab_count": 1
    },
    {
      "source": "Spice 1",
      "target": "E-40",
      "colab_count": 1
    },
    {
      "source": "Spice 1",
      "target": "Luniz",
      "colab_count": 1
    },
    {
      "source": "Spice 1",
      "target": "Mike Marshall",
      "colab_count": 1
    },
    {
      "source": "Spice 1",
      "target": "Shock G",
      "colab_count": 1
    },
    {
      "source": "Susan Egan",
      "target": "Cheryl Freeman",
      "colab_count": 1
    },
    {
      "source": "Susan Egan",
      "target": "LaChanze",
      "colab_count": 1
    },
    {
      "source": "Susan Egan",
      "target": "Lillias White",
      "colab_count": 1
    },
    {
      "source": "Susan Egan",
      "target": "Vaneese Thomas",
      "colab_count": 1
    },
    {
      "source": "Wolfgang Amadeus Mozart",
      "target": "Adrianne Pieczonka",
      "colab_count": 1
    },
    {
      "source": "Wolfgang Amadeus Mozart",
      "target": "Bo Skovhus",
      "colab_count": 1
    },
    {
      "source": "Wolfgang Amadeus Mozart",
      "target": "Boaz Daniel",
      "colab_count": 1
    },
    {
      "source": "Wolfgang Amadeus Mozart",
      "target": "Hungarian Radio Chorus",
      "colab_count": 1
    },
    {
      "source": "Wolfgang Amadeus Mozart",
      "target": "Ildiko Raimondi",
      "colab_count": 1
    },
    {
      "source": "Wolfgang Amadeus Mozart",
      "target": "Janusz Monarcha",
      "colab_count": 1
    },
    {
      "source": "Wolfgang Amadeus Mozart",
      "target": "Michael Halasz",
      "colab_count": 1
    },
    {
      "source": "Wolfgang Amadeus Mozart",
      "target": "Nicolaus Esterhazy Sinfonia",
      "colab_count": 1
    },
    {
      "source": "Wolfgang Amadeus Mozart",
      "target": "Regina Schorg",
      "colab_count": 1
    },
    {
      "source": "Wolfgang Amadeus Mozart",
      "target": "Renato Girolami",
      "colab_count": 1
    },
    {
      "source": "Wolfgang Amadeus Mozart",
      "target": "Torsten Kerl",
      "colab_count": 1
    }
  ]
}