{
  "nodes": [
    {
      "id": "Angela Cartwright",
      "group": 8,
      "song_count": 8
    },
    {
      "id": "Annalee",
      "group": 4,
      "song_count": 4
    },
    {
      "id": "Astrud Gilberto",
      "group": 2,
      "song_count": 2
    },
    {
      "id": "Berliner Philharmoniker",
      "group": 3,
      "song_count": 3
    },
    {
      "id": "Bill Lee",
      "group": 4,
      "song_count": 4
    },
    {
      "id": "Carol Channing",
      "group": 1,
      "song_count": 1
    },
    {
      "id": "Charles Nelson Reilly",
      "group": 4,
      "song_count": 4
    },
    {
      "id": "Charmian Carr",
      "group": 10,
      "song_count": 19
    },
    {
      "id": "Choeurs D'Enfants Jean Pesneaud",
      "group": 1,
      "song_count": 1
    },
    {
      "id": "Choeurs Rene Duclos",
      "group": 1,
      "song_count": 1
    },
    {
      "id": "Debbie Turner",
      "group": 8,
      "song_count": 8
    },
    {
      "id": "Dietrich Fischer-Dieskau",
      "group": 1,
      "song_count": 1
    },
    {
      "id": "Duane Chase",
      "group": 8,
      "song_count": 8
    },
    {
      "id": "Eugene Ormandy",
      "group": 1,
      "song_count": 1
    },
    {
      "id": "Evadne Baker",
      "group": 10,
      "song_count": 10
    },
    {
      "id": "Fritz Wunderlich",
      "group": 1,
      "song_count": 1
    },
    {
      "id": "Georges Bizet",
      "group": 10,
      "song_count": 24
    },
    {
      "id": "Giacomo Puccini",
      "group": 3,
      "song_count": 3
    },
    {
      "id": "Heather Menzies",
      "group": 8,
      "song_count": 8
    },
    {
      "id": "Hello, Dolly! Ensemble",
      "group": 1,
      "song_count": 1
    },
    {
      "id": "Igors Gavon",
      "group": 1,
      "song_count": 1
    },
    {
      "id": "Irwin Kostal",
      "group": 4,
      "song_count": 4
    },
    {
      "id": "Jerry Dodge",
      "group": 1,
      "song_count": 1
    },
    {
      "id": "Julie Andrews",
      "group": 10,
      "song_count": 45
    },
    {
      "id": "Kym Karath",
      "group": 8,
      "song_count": 8
    },
    {
      "id": "Larry Walsh",
      "group": 1,
      "song_count": 1
    },
    {
      "id": "Maria Callas",
      "group": 6,
      "song_count": 6
    },
    {
      "id": "Mark Linett",
      "group": 1,
      "song_count": 1
    },
    {
      "id": "Marni Nixon",
      "group": 4,
      "song_count": 4
    },
    {
      "id": "Maurice Ravel",
      "group": 3,
      "song_count": 3
    },
    {
      "id": "Nicholas Hammond",
      "group": 8,
      "song_count": 8
    },
    {
      "id": "Nicolai Gedda",
      "group": 7,
      "song_count": 7
    },
    {
      "id": "Orchestra Del Teatro Dell'Opera Di Roma",
      "group": 1,
      "song_count": 1
    },
    {
      "id": "Paris Opera Orchestra",
      "group": 10,
      "song_count": 10
    },
    {
      "id": "Philadelphia Orchestra",
      "group": 1,
      "song_count": 1
    },
    {
      "id": "Philippe Entremont",
      "group": 1,
      "song_count": 1
    },
    {
      "id": "Portia Nelson",
      "group": 4,
      "song_count": 4
    },
    {
      "id": "Roberta Peters",
      "group": 1,
      "song_count": 1
    },
    {
      "id": "Stan Getz",
      "group": 2,
      "song_count": 2
    },
    {
      "id": "Sweet",
      "group": 1,
      "song_count": 1
    },
    {
      "id": "The Beach Boys",
      "group": 3,
      "song_count": 3
    },
    {
      "id": "Thomas Schippers",
      "group": 1,
      "song_count": 1
    },
    {
      "id": "Wolfgang Amadeus Mozart",
      "group": 6,
      "song_count": 6
    }
  ],
  "links": [
    {
      "source": "Charles Nelson Reilly",
      "target": "Carol Channing",
      "colab_count": 1
    },
    {
      "source": "Charles Nelson Reilly",
      "target": "Hello, Dolly! Ensemble",
      "colab_count": 1
    },
    {
      "source": "Charles Nelson Reilly",
      "target": "Igors Gavon",
      "colab_count": 1
    },
    {
      "source": "Charles Nelson Reilly",
      "target": "Jerry Dodge",
      "colab_count": 1
    },
    {
      "source": "Charmian Carr",
      "target": "Angela Cartwright",
      "colab_count": 2
    },
    {
      "source": "Charmian Carr",
      "target": "Bill Lee",
      "colab_count": 1
    },
    {
      "source": "Charmian Carr",
      "target": "Debbie Turner",
      "colab_count": 2
    },
    {
      "source": "Charmian Carr",
      "target": "Duane Chase",
      "colab_count": 2
    },
    {
      "source": "Charmian Carr",
      "target": "Heather Menzies",
      "colab_count": 2
    },
    {
      "source": "Charmian Carr",
      "target": "Kym Karath",
      "colab_count": 2
    },
    {
      "source": "Charmian Carr",
      "target": "Nicholas Hammond",
      "colab_count": 2
    },
    {
      "source": "Evadne Baker",
      "target": "Annalee",
      "colab_count": 3
    },
    {
      "source": "Evadne Baker",
      "target": "Marni Nixon",
      "colab_count": 3
    },
    {
      "source": "Evadne Baker",
      "target": "Portia Nelson",
      "colab_count": 3
    },
    {
      "source": "Georges Bizet",
      "target": "Choeurs D'Enfants Jean Pesneaud",
      "colab_count": 1
    },
    {
      "source": "Georges Bizet",
      "target": "Choeurs Rene Duclos",
      "colab_count": 1
    },
    {
      "source": "Georges Bizet",
      "target": "Maria Callas",
      "colab_count": 6
    },
    {
      "source": "Georges Bizet",
      "target": "Nicolai Gedda",
      "colab_count": 6
    },
    {
      "source": "Georges Bizet",
      "target": "Paris Opera Orchestra",
      "colab_count": 10
    },
    {
      "source": "Giacomo Puccini",
      "target": "Nicolai Gedda",
      "colab_count": 1
    },
    {
      "source": "Giacomo Puccini",
      "target": "Orchestra Del Teatro Dell'Opera Di Roma",
      "colab_count": 1
    },
    {
      "source": "Giacomo Puccini",
      "target": "Thomas Schippers",
      "colab_count": 1
    },
    {
      "source": "Irwin Kostal",
      "target": "Annalee",
      "colab_count": 1
    },
    {
      "source": "Irwin Kostal",
      "target": "Evadne Baker",
      "colab_count": 1
    },
    {
      "source": "Irwin Kostal",
      "target": "Marni Nixon",
      "colab_count": 1
    },
    {
      "source": "Irwin Kostal",
      "target": "Portia Nelson",
      "colab_count": 1
    },
    {
      "source": "Julie Andrews",
      "target": "Angela Cartwright",
      "colab_count": 6
    },
    {
      "source": "Julie Andrews",
      "target": "Bill Lee",
      "colab_count": 3
    },
    {
      "source": "Julie Andrews",
      "target": "Charmian Carr",
      "colab_count": 6
    },
    {
      "source": "Julie Andrews",
      "target": "Debbie Turner",
      "colab_count": 6
    },
    {
      "source": "Julie Andrews",
      "target": "Duane Chase",
      "colab_count": 6
    },
    {
      "source": "Julie Andrews",
      "target": "Heather Menzies",
      "colab_count": 6
    },
    {
      "source": "Julie Andrews",
      "target": "Kym Karath",
      "colab_count": 6
    },
    {
      "source": "Julie Andrews",
      "target": "Nicholas Hammond",
      "colab_count": 6
    },
    {
      "source": "Maurice Ravel",
      "target": "Eugene Ormandy",
      "colab_count": 1
    },
    {
      "source": "Maurice Ravel",
      "target": "Philadelphia Orchestra",
      "colab_count": 1
    },
    {
      "source": "Maurice Ravel",
      "target": "Philippe Entremont",
      "colab_count": 1
    },
    {
      "source": "Stan Getz",
      "target": "Astrud Gilberto",
      "colab_count": 2
    },
    {
      "source": "The Beach Boys",
      "target": "Larry Walsh",
      "colab_count": 1
    },
    {
      "source": "The Beach Boys",
      "target": "Mark Linett",
      "colab_count": 1
    },
    {
      "source": "The Beach Boys",
      "target": "Sweet",
      "colab_count": 1
    },
    {
      "source": "Wolfgang Amadeus Mozart",
      "target": "Berliner Philharmoniker",
      "colab_count": 3
    },
    {
      "source": "Wolfgang Amadeus Mozart",
      "target": "Dietrich Fischer-Dieskau",
      "colab_count": 1
    },
    {
      "source": "Wolfgang Amadeus Mozart",
      "target": "Fritz Wunderlich",
      "colab_count": 1
    },
    {
      "source": "Wolfgang Amadeus Mozart",
      "target": "Roberta Peters",
      "colab_count": 1
    }
  ]
}