{
  "nodes": [
    {
      "id": "2 Chainz",
      "group": 6,
      "song_count": 6
    },
    {
      "id": "9th Wonder",
      "group": 1,
      "song_count": 1
    },
    {
      "id": "Alan Menken",
      "group": 6,
      "song_count": 6
    },
    {
      "id": "Alex Norton",
      "group": 1,
      "song_count": 1
    },
    {
      "id": "Alexander Melnikov",
      "group": 1,
      "song_count": 1
    },
    {
      "id": "Anthony Santos",
      "group": 1,
      "song_count": 1
    },
    {
      "id": "Arcangel",
      "group": 1,
      "song_count": 1
    },
    {
      "id": "Aurora Orchestra",
      "group": 1,
      "song_count": 1
    },
    {
      "id": "Axwell",
      "group": 1,
      "song_count": 1
    },
    {
      "id": "Baby Rasta & Gringo",
      "group": 1,
      "song_count": 1
    },
    {
      "id": "BadAss",
      "group": 1,
      "song_count": 1
    },
    {
      "id": "Ben Fankhauser",
      "group": 4,
      "song_count": 4
    },
    {
      "id": "Benjamin Grosvenor",
      "group": 1,
      "song_count": 1
    },
    {
      "id": "Betty Taylor",
      "group": 1,
      "song_count": 1
    },
    {
      "id": "Betty White",
      "group": 1,
      "song_count": 1
    },
    {
      "id": "Big Sean",
      "group": 5,
      "song_count": 5
    },
    {
      "id": "Bill Lee",
      "group": 1,
      "song_count": 1
    },
    {
      "id": "Billy Connolly",
      "group": 1,
      "song_count": 1
    },
    {
      "id": "Blaqthoven",
      "group": 1,
      "song_count": 1
    },
    {
      "id": "CJ Fly",
      "group": 1,
      "song_count": 1
    },
    {
      "id": "Capital Steez",
      "group": 1,
      "song_count": 1
    },
    {
      "id": "Carey Wilson",
      "group": 1,
      "song_count": 1
    },
    {
      "id": "Chief Keef",
      "group": 2,
      "song_count": 2
    },
    {
      "id": "Chris Brown",
      "group": 2,
      "song_count": 2
    },
    {
      "id": "Chuck Strangers",
      "group": 1,
      "song_count": 1
    },
    {
      "id": "Common",
      "group": 1,
      "song_count": 1
    },
    {
      "id": "CyHi The Prynce",
      "group": 1,
      "song_count": 1
    },
    {
      "id": "D'banj",
      "group": 1,
      "song_count": 1
    },
    {
      "id": "DJ Drama",
      "group": 3,
      "song_count": 3
    },
    {
      "id": "DJ Khaled",
      "group": 4,
      "song_count": 4
    },
    {
      "id": "Daddy Yankee",
      "group": 6,
      "song_count": 6
    },
    {
      "id": "Daniil Trifonov",
      "group": 1,
      "song_count": 1
    },
    {
      "id": "Daz Dillinger",
      "group": 1,
      "song_count": 1
    },
    {
      "id": "De La Ghetto",
      "group": 1,
      "song_count": 1
    },
    {
      "id": "Dessy Hinds",
      "group": 1,
      "song_count": 1
    },
    {
      "id": "Dmitri Shostakovich",
      "group": 3,
      "song_count": 3
    },
    {
      "id": "Domo Genesis",
      "group": 1,
      "song_count": 1
    },
    {
      "id": "Dyemond Lewis",
      "group": 1,
      "song_count": 1
    },
    {
      "id": "E-40",
      "group": 3,
      "song_count": 3
    },
    {
      "id": "Erykah Badu",
      "group": 1,
      "song_count": 1
    },
    {
      "id": "Farruko",
      "group": 1,
      "song_count": 1
    },
    {
      "id": "Feenixpawl",
      "group": 1,
      "song_count": 1
    },
    {
      "id": "Frank Ocean",
      "group": 1,
      "song_count": 1
    },
    {
      "id": "French Montana",
      "group": 1,
      "song_count": 1
    },
    {
      "id": "George Gershwin",
      "group": 3,
      "song_count": 3
    },
    {
      "id": "Georgi Kay",
      "group": 1,
      "song_count": 1
    },
    {
      "id": "Gordon Neville",
      "group": 1,
      "song_count": 1
    },
    {
      "id": "Hodgy",
      "group": 1,
      "song_count": 1
    },
    {
      "id": "Iamsu!",
      "group": 1,
      "song_count": 1
    },
    {
      "id": "Ivan Gough",
      "group": 3,
      "song_count": 3
    },
    {
      "id": "Jack Feldman",
      "group": 1,
      "song_count": 1
    },
    {
      "id": "Jadakiss",
      "group": 2,
      "song_count": 2
    },
    {
      "id": "James Judd",
      "group": 1,
      "song_count": 1
    },
    {
      "id": "Jamey Johnson",
      "group": 1,
      "song_count": 1
    },
    {
      "id": "Jenny Slate",
      "group": 1,
      "song_count": 1
    },
    {
      "id": "Jeremih",
      "group": 1,
      "song_count": 1
    },
    {
      "id": "Jeremy Jordan",
      "group": 1,
      "song_count": 1
    },
    {
      "id": "Joey Bada$$",
      "group": 10,
      "song_count": 10
    },
    {
      "id": "John Rutter",
      "group": 1,
      "song_count": 1
    },
    {
      "id": "Kanye West",
      "group": 10,
      "song_count": 17
    },
    {
      "id": "Kara Lindsay",
      "group": 2,
      "song_count": 2
    },
    {
      "id": "Kendo",
      "group": 1,
      "song_count": 1
    },
    {
      "id": "Kid Cudi",
      "group": 4,
      "song_count": 4
    },
    {
      "id": "Kirk Knight",
      "group": 1,
      "song_count": 1
    },
    {
      "id": "Kris Kristofferson",
      "group": 1,
      "song_count": 1
    },
    {
      "id": "Kurupt",
      "group": 3,
      "song_count": 3
    },
    {
      "id": "Kyza",
      "group": 1,
      "song_count": 1
    },
    {
      "id": "Lewis Grosso",
      "group": 1,
      "song_count": 1
    },
    {
      "id": "Lil Wayne",
      "group": 2,
      "song_count": 2
    },
    {
      "id": "London Symphony Orchestra",
      "group": 1,
      "song_count": 1
    },
    {
      "id": "Luis Vargas",
      "group": 1,
      "song_count": 1
    },
    {
      "id": "MGMT",
      "group": 1,
      "song_count": 1
    },
    {
      "id": "Machine Gun Kelly",
      "group": 6,
      "song_count": 6
    },
    {
      "id": "Mahler Chamber Orchestra",
      "group": 1,
      "song_count": 1
    },
    {
      "id": "Mariinsky Orchestra",
      "group": 1,
      "song_count": 1
    },
    {
      "id": "Meek Mill",
      "group": 3,
      "song_count": 3
    },
    {
      "id": "Michael Francis",
      "group": 1,
      "song_count": 1
    },
    {
      "id": "Mystikal",
      "group": 1,
      "song_count": 1
    },
    {
      "id": "Neeti Mohan",
      "group": 1,
      "song_count": 1
    },
    {
      "id": "Newsies Original Broadway Cast",
      "group": 2,
      "song_count": 2
    },
    {
      "id": "Nicki Minaj",
      "group": 1,
      "song_count": 1
    },
    {
      "id": "Nyck Caution",
      "group": 1,
      "song_count": 1
    },
    {
      "id": "Odd Future",
      "group": 6,
      "song_count": 6
    },
    {
      "id": "PRO ERA",
      "group": 1,
      "song_count": 1
    },
    {
      "id": "Patrick Doyle",
      "group": 5,
      "song_count": 5
    },
    {
      "id": "Paul Frees",
      "group": 1,
      "song_count": 1
    },
    {
      "id": "Phonte",
      "group": 1,
      "song_count": 1
    },
    {
      "id": "Problem",
      "group": 1,
      "song_count": 1
    },
    {
      "id": "Pusha T",
      "group": 6,
      "song_count": 6
    },
    {
      "id": "Pyotr Ilyich Tchaikovsky",
      "group": 3,
      "song_count": 3
    },
    {
      "id": "Raekwon",
      "group": 6,
      "song_count": 6
    },
    {
      "id": "Ratatat",
      "group": 1,
      "song_count": 1
    },
    {
      "id": "Raulin Rodriguez",
      "group": 1,
      "song_count": 1
    },
    {
      "id": "Rick Ross",
      "group": 2,
      "song_count": 2
    },
    {
      "id": "Rob Riggle",
      "group": 1,
      "song_count": 1
    },
    {
      "id": "Robert Glasper",
      "group": 3,
      "song_count": 3
    },
    {
      "id": "Rokamouth",
      "group": 1,
      "song_count": 1
    },
    {
      "id": "Romeo Santos",
      "group": 3,
      "song_count": 3
    },
    {
      "id": "Royal Liverpool Philharmonic Orchestra",
      "group": 1,
      "song_count": 1
    },
    {
      "id": "Ryan Breslin",
      "group": 1,
      "song_count": 1
    },
    {
      "id": "Salim Merchant",
      "group": 1,
      "song_count": 1
    },
    {
      "id": "Scott Davies",
      "group": 1,
      "song_count": 1
    },
    {
      "id": "Sergei Rachmaninoff",
      "group": 3,
      "song_count": 3
    },
    {
      "id": "Shekhar Ravjiani",
      "group": 1,
      "song_count": 1
    },
    {
      "id": "Snoop Dogg",
      "group": 1,
      "song_count": 1
    },
    {
      "id": "Steve Aoki",
      "group": 1,
      "song_count": 1
    },
    {
      "id": "Steve O",
      "group": 1,
      "song_count": 1
    },
    {
      "id": "Syd",
      "group": 1,
      "song_count": 1
    },
    {
      "id": "T'nah Apex",
      "group": 1,
      "song_count": 1
    },
    {
      "id": "T-Pain",
      "group": 1,
      "song_count": 1
    },
    {
      "id": "Teodor Currentzis",
      "group": 1,
      "song_count": 1
    },
    {
      "id": "The Cambridge Singers",
      "group": 1,
      "song_count": 1
    },
    {
      "id": "The Game",
      "group": 4,
      "song_count": 4
    },
    {
      "id": "The Lorax Singers",
      "group": 3,
      "song_count": 3
    },
    {
      "id": "The Melomen",
      "group": 4,
      "song_count": 4
    },
    {
      "id": "Thurl Ravenscroft",
      "group": 1,
      "song_count": 1
    },
    {
      "id": "Tyga",
      "group": 1,
      "song_count": 1
    },
    {
      "id": "Tyler, The Creator",
      "group": 2,
      "song_count": 2
    },
    {
      "id": "Valentina Lisitsa",
      "group": 1,
      "song_count": 1
    },
    {
      "id": "Valery Gergiev",
      "group": 1,
      "song_count": 1
    },
    {
      "id": "Vishal-Shekhar",
      "group": 3,
      "song_count": 3
    },
    {
      "id": "Wale",
      "group": 3,
      "song_count": 3
    },
    {
      "id": "William Walton",
      "group": 3,
      "song_count": 3
    },
    {
      "id": "Willie Nelson",
      "group": 3,
      "song_count": 3
    },
    {
      "id": "Wiz Khalifa",
      "group": 1,
      "song_count": 1
    },
    {
      "id": "YG",
      "group": 1,
      "song_count": 1
    },
    {
      "id": "Yo Gotti",
      "group": 1,
      "song_count": 1
    }
  ],
  "links": [
    {
      "source": "Alan Menken",
      "target": "Ben Fankhauser",
      "colab_count": 1
    },
    {
      "source": "Alan Menken",
      "target": "Jack Feldman",
      "colab_count": 1
    },
    {
      "source": "Alan Menken",
      "target": "Jeremy Jordan",
      "colab_count": 1
    },
    {
      "source": "Alan Menken",
      "target": "Kara Lindsay",
      "colab_count": 1
    },
    {
      "source": "Alan Menken",
      "target": "Newsies Original Broadway Cast",
      "colab_count": 1
    },
    {
      "source": "Alan Menken",
      "target": "Ryan Breslin",
      "colab_count": 1
    },
    {
      "source": "Ben Fankhauser",
      "target": "Kara Lindsay",
      "colab_count": 1
    },
    {
      "source": "Ben Fankhauser",
      "target": "Lewis Grosso",
      "colab_count": 1
    },
    {
      "source": "Ben Fankhauser",
      "target": "Newsies Original Broadway Cast",
      "colab_count": 1
    },
    {
      "source": "DJ Drama",
      "target": "2 Chainz",
      "colab_count": 1
    },
    {
      "source": "DJ Drama",
      "target": "Jeremih",
      "colab_count": 1
    },
    {
      "source": "DJ Drama",
      "target": "Meek Mill",
      "colab_count": 1
    },
    {
      "source": "DJ Khaled",
      "target": "Chris Brown",
      "colab_count": 1
    },
    {
      "source": "DJ Khaled",
      "target": "Lil Wayne",
      "colab_count": 1
    },
    {
      "source": "DJ Khaled",
      "target": "Nicki Minaj",
      "colab_count": 1
    },
    {
      "source": "DJ Khaled",
      "target": "Rick Ross",
      "colab_count": 1
    },
    {
      "source": "Daddy Yankee",
      "target": "Arcangel",
      "colab_count": 1
    },
    {
      "source": "Daddy Yankee",
      "target": "Baby Rasta & Gringo",
      "colab_count": 1
    },
    {
      "source": "Daddy Yankee",
      "target": "De La Ghetto",
      "colab_count": 1
    },
    {
      "source": "Daddy Yankee",
      "target": "Farruko",
      "colab_count": 1
    },
    {
      "source": "Daddy Yankee",
      "target": "Kendo",
      "colab_count": 1
    },
    {
      "source": "Daddy Yankee",
      "target": "Kyza",
      "colab_count": 1
    },
    {
      "source": "Dmitri Shostakovich",
      "target": "Alexander Melnikov",
      "colab_count": 1
    },
    {
      "source": "Dmitri Shostakovich",
      "target": "Mahler Chamber Orchestra",
      "colab_count": 1
    },
    {
      "source": "Dmitri Shostakovich",
      "target": "Teodor Currentzis",
      "colab_count": 1
    },
    {
      "source": "E-40",
      "target": "Iamsu!",
      "colab_count": 1
    },
    {
      "source": "E-40",
      "target": "Problem",
      "colab_count": 1
    },
    {
      "source": "E-40",
      "target": "YG",
      "colab_count": 1
    },
    {
      "source": "George Gershwin",
      "target": "Benjamin Grosvenor",
      "colab_count": 1
    },
    {
      "source": "George Gershwin",
      "target": "James Judd",
      "colab_count": 1
    },
    {
      "source": "George Gershwin",
      "target": "Royal Liverpool Philharmonic Orchestra",
      "colab_count": 1
    },
    {
      "source": "Ivan Gough",
      "target": "Axwell",
      "colab_count": 1
    },
    {
      "source": "Ivan Gough",
      "target": "Feenixpawl",
      "colab_count": 1
    },
    {
      "source": "Ivan Gough",
      "target": "Georgi Kay",
      "colab_count": 1
    },
    {
      "source": "Joey Bada$$",
      "target": "CJ Fly",
      "colab_count": 1
    },
    {
      "source": "Joey Bada$$",
      "target": "Capital Steez",
      "colab_count": 1
    },
    {
      "source": "Joey Bada$$",
      "target": "Chuck Strangers",
      "colab_count": 1
    },
    {
      "source": "Joey Bada$$",
      "target": "Dessy Hinds",
      "colab_count": 1
    },
    {
      "source": "Joey Bada$$",
      "target": "Dyemond Lewis",
      "colab_count": 1
    },
    {
      "source": "Joey Bada$$",
      "target": "Kirk Knight",
      "colab_count": 1
    },
    {
      "source": "Joey Bada$$",
      "target": "Nyck Caution",
      "colab_count": 1
    },
    {
      "source": "Joey Bada$$",
      "target": "PRO ERA",
      "colab_count": 1
    },
    {
      "source": "Joey Bada$$",
      "target": "Rokamouth",
      "colab_count": 1
    },
    {
      "source": "Joey Bada$$",
      "target": "T'nah Apex",
      "colab_count": 1
    },
    {
      "source": "Kanye West",
      "target": "2 Chainz",
      "colab_count": 3
    },
    {
      "source": "Kanye West",
      "target": "Big Sean",
      "colab_count": 5
    },
    {
      "source": "Kanye West",
      "target": "Chief Keef",
      "colab_count": 2
    },
    {
      "source": "Kanye West",
      "target": "Jadakiss",
      "colab_count": 2
    },
    {
      "source": "Kanye West",
      "target": "Pusha T",
      "colab_count": 5
    },
    {
      "source": "Kid Cudi",
      "target": "MGMT",
      "colab_count": 1
    },
    {
      "source": "Kid Cudi",
      "target": "Ratatat",
      "colab_count": 1
    },
    {
      "source": "Kid Cudi",
      "target": "Steve Aoki",
      "colab_count": 1
    },
    {
      "source": "Kurupt",
      "target": "BadAss",
      "colab_count": 1
    },
    {
      "source": "Kurupt",
      "target": "Blaqthoven",
      "colab_count": 1
    },
    {
      "source": "Kurupt",
      "target": "Daz Dillinger",
      "colab_count": 1
    },
    {
      "source": "Machine Gun Kelly",
      "target": "2 Chainz",
      "colab_count": 1
    },
    {
      "source": "Machine Gun Kelly",
      "target": "French Montana",
      "colab_count": 1
    },
    {
      "source": "Machine Gun Kelly",
      "target": "Meek Mill",
      "colab_count": 1
    },
    {
      "source": "Machine Gun Kelly",
      "target": "Mystikal",
      "colab_count": 1
    },
    {
      "source": "Machine Gun Kelly",
      "target": "Steve O",
      "colab_count": 1
    },
    {
      "source": "Machine Gun Kelly",
      "target": "Yo Gotti",
      "colab_count": 1
    },
    {
      "source": "Odd Future",
      "target": "Domo Genesis",
      "colab_count": 1
    },
    {
      "source": "Odd Future",
      "target": "Frank Ocean",
      "colab_count": 1
    },
    {
      "source": "Odd Future",
      "target": "Hodgy",
      "colab_count": 1
    },
    {
      "source": "Odd Future",
      "target": "Syd",
      "colab_count": 1
    },
    {
      "source": "Odd Future",
      "target": "Tyler, The Creator",
      "colab_count": 2
    },
    {
      "source": "Patrick Doyle",
      "target": "Alex Norton",
      "colab_count": 1
    },
    {
      "source": "Patrick Doyle",
      "target": "Billy Connolly",
      "colab_count": 1
    },
    {
      "source": "Patrick Doyle",
      "target": "Carey Wilson",
      "colab_count": 1
    },
    {
      "source": "Patrick Doyle",
      "target": "Gordon Neville",
      "colab_count": 1
    },
    {
      "source": "Patrick Doyle",
      "target": "Scott Davies",
      "colab_count": 1
    },
    {
      "source": "Pyotr Ilyich Tchaikovsky",
      "target": "Daniil Trifonov",
      "colab_count": 1
    },
    {
      "source": "Pyotr Ilyich Tchaikovsky",
      "target": "Mariinsky Orchestra",
      "colab_count": 1
    },
    {
      "source": "Pyotr Ilyich Tchaikovsky",
      "target": "Valery Gergiev",
      "colab_count": 1
    },
    {
      "source": "Raekwon",
      "target": "2 Chainz",
      "colab_count": 1
    },
    {
      "source": "Raekwon",
      "target": "Common",
      "colab_count": 1
    },
    {
      "source": "Raekwon",
      "target": "CyHi The Prynce",
      "colab_count": 1
    },
    {
      "source": "Raekwon",
      "target": "D'banj",
      "colab_count": 1
    },
    {
      "source": "Raekwon",
      "target": "Kid Cudi",
      "colab_count": 1
    },
    {
      "source": "Raekwon",
      "target": "Pusha T",
      "colab_count": 1
    },
    {
      "source": "Robert Glasper",
      "target": "9th Wonder",
      "colab_count": 1
    },
    {
      "source": "Robert Glasper",
      "target": "Erykah Badu",
      "colab_count": 1
    },
    {
      "source": "Robert Glasper",
      "target": "Phonte",
      "colab_count": 1
    },
    {
      "source": "Romeo Santos",
      "target": "Anthony Santos",
      "colab_count": 1
    },
    {
      "source": "Romeo Santos",
      "target": "Luis Vargas",
      "colab_count": 1
    },
    {
      "source": "Romeo Santos",
      "target": "Raulin Rodriguez",
      "colab_count": 1
    },
    {
      "source": "Sergei Rachmaninoff",
      "target": "London Symphony Orchestra",
      "colab_count": 1
    },
    {
      "source": "Sergei Rachmaninoff",
      "target": "Michael Francis",
      "colab_count": 1
    },
    {
      "source": "Sergei Rachmaninoff",
      "target": "Valentina Lisitsa",
      "colab_count": 1
    },
    {
      "source": "The Game",
      "target": "Chris Brown",
      "colab_count": 1
    },
    {
      "source": "The Game",
      "target": "Lil Wayne",
      "colab_count": 1
    },
    {
      "source": "The Game",
      "target": "Tyga",
      "colab_count": 1
    },
    {
      "source": "The Game",
      "target": "Wiz Khalifa",
      "colab_count": 1
    },
    {
      "source": "The Lorax Singers",
      "target": "Betty White",
      "colab_count": 1
    },
    {
      "source": "The Lorax Singers",
      "target": "Jenny Slate",
      "colab_count": 1
    },
    {
      "source": "The Lorax Singers",
      "target": "Rob Riggle",
      "colab_count": 1
    },
    {
      "source": "The Melomen",
      "target": "Betty Taylor",
      "colab_count": 1
    },
    {
      "source": "The Melomen",
      "target": "Bill Lee",
      "colab_count": 1
    },
    {
      "source": "The Melomen",
      "target": "Paul Frees",
      "colab_count": 1
    },
    {
      "source": "The Melomen",
      "target": "Thurl Ravenscroft",
      "colab_count": 1
    },
    {
      "source": "Vishal-Shekhar",
      "target": "Neeti Mohan",
      "colab_count": 1
    },
    {
      "source": "Vishal-Shekhar",
      "target": "Salim Merchant",
      "colab_count": 1
    },
    {
      "source": "Vishal-Shekhar",
      "target": "Shekhar Ravjiani",
      "colab_count": 1
    },
    {
      "source": "Wale",
      "target": "Meek Mill",
      "colab_count": 1
    },
    {
      "source": "Wale",
      "target": "Rick Ross",
      "colab_count": 1
    },
    {
      "source": "Wale",
      "target": "T-Pain",
      "colab_count": 1
    },
    {
      "source": "William Walton",
      "target": "Aurora Orchestra",
      "colab_count": 1
    },
    {
      "source": "William Walton",
      "target": "John Rutter",
      "colab_count": 1
    },
    {
      "source": "William Walton",
      "target": "The Cambridge Singers",
      "colab_count": 1
    },
    {
      "source": "Willie Nelson",
      "target": "Jamey Johnson",
      "colab_count": 1
    },
    {
      "source": "Willie Nelson",
      "target": "Kris Kristofferson",
      "colab_count": 1
    },
    {
      "source": "Willie Nelson",
      "target": "Snoop Dogg",
      "colab_count": 1
    }
  ]
}