{
  "nodes": [
    {
      "id": "2Pac",
      "group": 3,
      "song_count": 3
    },
    {
      "id": "50 Cent",
      "group": 1,
      "song_count": 1
    },
    {
      "id": "A.R. Rahman",
      "group": 3,
      "song_count": 3
    },
    {
      "id": "Alexi",
      "group": 1,
      "song_count": 1
    },
    {
      "id": "Alfonso Herrera",
      "group": 5,
      "song_count": 5
    },
    {
      "id": "Annie Lennox",
      "group": 1,
      "song_count": 1
    },
    {
      "id": "Anthony Inglis",
      "group": 1,
      "song_count": 1
    },
    {
      "id": "Apathy",
      "group": 1,
      "song_count": 1
    },
    {
      "id": "Arcangel",
      "group": 1,
      "song_count": 1
    },
    {
      "id": "Army Of The Pharaohs",
      "group": 1,
      "song_count": 1
    },
    {
      "id": "Big Ali",
      "group": 1,
      "song_count": 1
    },
    {
      "id": "Big Mato",
      "group": 2,
      "song_count": 2
    },
    {
      "id": "Bob Sinclar",
      "group": 4,
      "song_count": 4
    },
    {
      "id": "Bobby Creekwater",
      "group": 1,
      "song_count": 1
    },
    {
      "id": "Bournemouth Symphony Orchestra",
      "group": 1,
      "song_count": 1
    },
    {
      "id": "Bow Wow",
      "group": 1,
      "song_count": 1
    },
    {
      "id": "Brian Johnson",
      "group": 10,
      "song_count": 12
    },
    {
      "id": "Bushman",
      "group": 1,
      "song_count": 1
    },
    {
      "id": "Ca$his",
      "group": 1,
      "song_count": 1
    },
    {
      "id": "Capleton",
      "group": 1,
      "song_count": 1
    },
    {
      "id": "Caralisa Monteiro",
      "group": 1,
      "song_count": 1
    },
    {
      "id": "Carl Thomas",
      "group": 1,
      "song_count": 1
    },
    {
      "id": "Case",
      "group": 1,
      "song_count": 1
    },
    {
      "id": "Cat McCarthy",
      "group": 1,
      "song_count": 1
    },
    {
      "id": "Celph Titled",
      "group": 1,
      "song_count": 1
    },
    {
      "id": "Chief Kamachi",
      "group": 1,
      "song_count": 1
    },
    {
      "id": "Chingo Bling",
      "group": 1,
      "song_count": 1
    },
    {
      "id": "Chinmayi",
      "group": 1,
      "song_count": 1
    },
    {
      "id": "Christopher von Uckermann",
      "group": 5,
      "song_count": 5
    },
    {
      "id": "Crypt The Warchild",
      "group": 1,
      "song_count": 1
    },
    {
      "id": "Cutee B.",
      "group": 1,
      "song_count": 1
    },
    {
      "id": "Da Brat",
      "group": 1,
      "song_count": 1
    },
    {
      "id": "Daddy Yankee",
      "group": 10,
      "song_count": 14
    },
    {
      "id": "Dave Stewart",
      "group": 1,
      "song_count": 1
    },
    {
      "id": "Daz",
      "group": 1,
      "song_count": 1
    },
    {
      "id": "Dem Franchize Boyz",
      "group": 4,
      "song_count": 4
    },
    {
      "id": "Des Devious",
      "group": 1,
      "song_count": 1
    },
    {
      "id": "DollarMan",
      "group": 1,
      "song_count": 1
    },
    {
      "id": "Don Omar",
      "group": 1,
      "song_count": 1
    },
    {
      "id": "E-40",
      "group": 2,
      "song_count": 2
    },
    {
      "id": "Eminem",
      "group": 4,
      "song_count": 4
    },
    {
      "id": "Eurythmics",
      "group": 3,
      "song_count": 3
    },
    {
      "id": "Fat Joe",
      "group": 1,
      "song_count": 1
    },
    {
      "id": "Franco",
      "group": 1,
      "song_count": 1
    },
    {
      "id": "Gabriella Montez",
      "group": 1,
      "song_count": 1
    },
    {
      "id": "Gemstar",
      "group": 1,
      "song_count": 1
    },
    {
      "id": "George Frideric Handel",
      "group": 2,
      "song_count": 2
    },
    {
      "id": "Gideon Glick",
      "group": 3,
      "song_count": 3
    },
    {
      "id": "Ginuwine",
      "group": 3,
      "song_count": 3
    },
    {
      "id": "Goldie Loc",
      "group": 1,
      "song_count": 1
    },
    {
      "id": "Hector",
      "group": 2,
      "song_count": 2
    },
    {
      "id": "Hussein Fatal",
      "group": 1,
      "song_count": 1
    },
    {
      "id": "Jah Cure",
      "group": 1,
      "song_count": 1
    },
    {
      "id": "James Hoskins",
      "group": 1,
      "song_count": 1
    },
    {
      "id": "Janaki Kagel",
      "group": 1,
      "song_count": 1
    },
    {
      "id": "Jedi Mind Tricks",
      "group": 10,
      "song_count": 10
    },
    {
      "id": "Jermaine Dupri",
      "group": 1,
      "song_count": 1
    },
    {
      "id": "John Gallagher, Jr.",
      "group": 7,
      "song_count": 7
    },
    {
      "id": "Johnny Cash",
      "group": 1,
      "song_count": 1
    },
    {
      "id": "Jonathan B. Wright",
      "group": 3,
      "song_count": 3
    },
    {
      "id": "Jonathan Groff",
      "group": 10,
      "song_count": 12
    },
    {
      "id": "Katherine Jenkins",
      "group": 3,
      "song_count": 3
    },
    {
      "id": "King Syze",
      "group": 1,
      "song_count": 1
    },
    {
      "id": "Kiri Te Kanawa",
      "group": 1,
      "song_count": 1
    },
    {
      "id": "Kris Kristofferson",
      "group": 1,
      "song_count": 1
    },
    {
      "id": "Kurupt",
      "group": 1,
      "song_count": 1
    },
    {
      "id": "L.M.S",
      "group": 1,
      "song_count": 1
    },
    {
      "id": "Lauren Pritchard",
      "group": 3,
      "song_count": 3
    },
    {
      "id": "Lea Michele",
      "group": 6,
      "song_count": 6
    },
    {
      "id": "Leopold Stokowski",
      "group": 1,
      "song_count": 1
    },
    {
      "id": "Lil Jon",
      "group": 1,
      "song_count": 1
    },
    {
      "id": "Lil Rob",
      "group": 1,
      "song_count": 1
    },
    {
      "id": "Lilli Cooper",
      "group": 3,
      "song_count": 3
    },
    {
      "id": "Lloyd Banks",
      "group": 1,
      "song_count": 1
    },
    {
      "id": "Lumidee",
      "group": 1,
      "song_count": 1
    },
    {
      "id": "MC Eiht",
      "group": 1,
      "song_count": 1
    },
    {
      "id": "Maite Perroni",
      "group": 5,
      "song_count": 5
    },
    {
      "id": "Makedah",
      "group": 1,
      "song_count": 1
    },
    {
      "id": "Manorama",
      "group": 1,
      "song_count": 1
    },
    {
      "id": "Morgan Heritage",
      "group": 5,
      "song_count": 5
    },
    {
      "id": "Murtuza Khan",
      "group": 1,
      "song_count": 1
    },
    {
      "id": "N.O.R.E.",
      "group": 10,
      "song_count": 11
    },
    {
      "id": "Nate Dogg",
      "group": 3,
      "song_count": 3
    },
    {
      "id": "Negra",
      "group": 1,
      "song_count": 1
    },
    {
      "id": "Nina Sky",
      "group": 2,
      "song_count": 2
    },
    {
      "id": "Obie Trice",
      "group": 1,
      "song_count": 1
    },
    {
      "id": "Papoose",
      "group": 1,
      "song_count": 1
    },
    {
      "id": "Philharmonia Orchestra",
      "group": 1,
      "song_count": 1
    },
    {
      "id": "Phoebe Strole",
      "group": 3,
      "song_count": 3
    },
    {
      "id": "Planetary",
      "group": 1,
      "song_count": 1
    },
    {
      "id": "Qadir Khan",
      "group": 1,
      "song_count": 1
    },
    {
      "id": "R.L.",
      "group": 1,
      "song_count": 1
    },
    {
      "id": "RBD",
      "group": 10,
      "song_count": 15
    },
    {
      "id": "Ras Shiloh",
      "group": 1,
      "song_count": 1
    },
    {
      "id": "Remy Zaken",
      "group": 3,
      "song_count": 3
    },
    {
      "id": "Ryan",
      "group": 1,
      "song_count": 1
    },
    {
      "id": "Sean Paul",
      "group": 1,
      "song_count": 1
    },
    {
      "id": "Shafqat Amanat Ali",
      "group": 1,
      "song_count": 1
    },
    {
      "id": "Shankar Mahadevan",
      "group": 1,
      "song_count": 1
    },
    {
      "id": "Shankar-Ehsaan-Loy",
      "group": 3,
      "song_count": 3
    },
    {
      "id": "Sharpay Evans",
      "group": 1,
      "song_count": 1
    },
    {
      "id": "Skylar Astin",
      "group": 3,
      "song_count": 3
    },
    {
      "id": "Snoop Dogg",
      "group": 5,
      "song_count": 5
    },
    {
      "id": "Steve Angello",
      "group": 1,
      "song_count": 1
    },
    {
      "id": "The Esoteric",
      "group": 1,
      "song_count": 1
    },
    {
      "id": "The Kid Slim",
      "group": 1,
      "song_count": 1
    },
    {
      "id": "Tonny Tun Tun",
      "group": 1,
      "song_count": 1
    },
    {
      "id": "Troy",
      "group": 3,
      "song_count": 3
    },
    {
      "id": "Ty Burhoe",
      "group": 4,
      "song_count": 4
    },
    {
      "id": "Tyrese",
      "group": 1,
      "song_count": 1
    },
    {
      "id": "Vinnie Paz",
      "group": 1,
      "song_count": 1
    },
    {
      "id": "Waylon Jennings",
      "group": 1,
      "song_count": 1
    },
    {
      "id": "Willie Nelson",
      "group": 3,
      "song_count": 3
    },
    {
      "id": "Wise",
      "group": 1,
      "song_count": 1
    },
    {
      "id": "Wisin",
      "group": 1,
      "song_count": 1
    },
    {
      "id": "Wisin & Yandel",
      "group": 1,
      "song_count": 1
    },
    {
      "id": "Yomo",
      "group": 1,
      "song_count": 1
    },
    {
      "id": "Youngbloodz",
      "group": 3,
      "song_count": 3
    },
    {
      "id": "Zion",
      "group": 2,
      "song_count": 2
    }
  ],
  "links": [
    {
      "source": "2Pac",
      "target": "Carl Thomas",
      "colab_count": 1
    },
    {
      "source": "2Pac",
      "target": "Hussein Fatal",
      "colab_count": 1
    },
    {
      "source": "2Pac",
      "target": "Papoose",
      "colab_count": 1
    },
    {
      "source": "A.R. Rahman",
      "target": "Chinmayi",
      "colab_count": 1
    },
    {
      "source": "A.R. Rahman",
      "target": "Murtuza Khan",
      "colab_count": 1
    },
    {
      "source": "A.R. Rahman",
      "target": "Qadir Khan",
      "colab_count": 1
    },
    {
      "source": "Bob Sinclar",
      "target": "Big Ali",
      "colab_count": 1
    },
    {
      "source": "Bob Sinclar",
      "target": "Cutee B.",
      "colab_count": 1
    },
    {
      "source": "Bob Sinclar",
      "target": "DollarMan",
      "colab_count": 1
    },
    {
      "source": "Bob Sinclar",
      "target": "Makedah",
      "colab_count": 1
    },
    {
      "source": "Brian Johnson",
      "target": "Gideon Glick",
      "colab_count": 1
    },
    {
      "source": "Brian Johnson",
      "target": "John Gallagher, Jr.",
      "colab_count": 1
    },
    {
      "source": "Brian Johnson",
      "target": "Jonathan B. Wright",
      "colab_count": 1
    },
    {
      "source": "Brian Johnson",
      "target": "Jonathan Groff",
      "colab_count": 1
    },
    {
      "source": "Brian Johnson",
      "target": "Lauren Pritchard",
      "colab_count": 1
    },
    {
      "source": "Brian Johnson",
      "target": "Lea Michele",
      "colab_count": 1
    },
    {
      "source": "Brian Johnson",
      "target": "Lilli Cooper",
      "colab_count": 1
    },
    {
      "source": "Brian Johnson",
      "target": "Phoebe Strole",
      "colab_count": 1
    },
    {
      "source": "Brian Johnson",
      "target": "Remy Zaken",
      "colab_count": 1
    },
    {
      "source": "Brian Johnson",
      "target": "Skylar Astin",
      "colab_count": 1
    },
    {
      "source": "Daddy Yankee",
      "target": "Alexi",
      "colab_count": 1
    },
    {
      "source": "Daddy Yankee",
      "target": "Arcangel",
      "colab_count": 1
    },
    {
      "source": "Daddy Yankee",
      "target": "Don Omar",
      "colab_count": 1
    },
    {
      "source": "Daddy Yankee",
      "target": "Franco",
      "colab_count": 1
    },
    {
      "source": "Daddy Yankee",
      "target": "Hector",
      "colab_count": 2
    },
    {
      "source": "Daddy Yankee",
      "target": "Tonny Tun Tun",
      "colab_count": 1
    },
    {
      "source": "Daddy Yankee",
      "target": "Wise",
      "colab_count": 1
    },
    {
      "source": "Daddy Yankee",
      "target": "Wisin",
      "colab_count": 1
    },
    {
      "source": "Daddy Yankee",
      "target": "Wisin & Yandel",
      "colab_count": 1
    },
    {
      "source": "Daddy Yankee",
      "target": "Yomo",
      "colab_count": 1
    },
    {
      "source": "Daddy Yankee",
      "target": "Zion",
      "colab_count": 2
    },
    {
      "source": "Dem Franchize Boyz",
      "target": "Bow Wow",
      "colab_count": 1
    },
    {
      "source": "Dem Franchize Boyz",
      "target": "Da Brat",
      "colab_count": 1
    },
    {
      "source": "Dem Franchize Boyz",
      "target": "Jermaine Dupri",
      "colab_count": 1
    },
    {
      "source": "Dem Franchize Boyz",
      "target": "The Kid Slim",
      "colab_count": 1
    },
    {
      "source": "Eminem",
      "target": "50 Cent",
      "colab_count": 1
    },
    {
      "source": "Eminem",
      "target": "Ca$his",
      "colab_count": 1
    },
    {
      "source": "Eminem",
      "target": "Lloyd Banks",
      "colab_count": 1
    },
    {
      "source": "Eurythmics",
      "target": "Annie Lennox",
      "colab_count": 1
    },
    {
      "source": "Eurythmics",
      "target": "Dave Stewart",
      "colab_count": 1
    },
    {
      "source": "Eurythmics",
      "target": "Steve Angello",
      "colab_count": 1
    },
    {
      "source": "George Frideric Handel",
      "target": "Bournemouth Symphony Orchestra",
      "colab_count": 1
    },
    {
      "source": "George Frideric Handel",
      "target": "Leopold Stokowski",
      "colab_count": 1
    },
    {
      "source": "Ginuwine",
      "target": "Case",
      "colab_count": 1
    },
    {
      "source": "Ginuwine",
      "target": "R.L.",
      "colab_count": 1
    },
    {
      "source": "Ginuwine",
      "target": "Tyrese",
      "colab_count": 1
    },
    {
      "source": "Jedi Mind Tricks",
      "target": "Apathy",
      "colab_count": 1
    },
    {
      "source": "Jedi Mind Tricks",
      "target": "Army Of The Pharaohs",
      "colab_count": 1
    },
    {
      "source": "Jedi Mind Tricks",
      "target": "Celph Titled",
      "colab_count": 1
    },
    {
      "source": "Jedi Mind Tricks",
      "target": "Chief Kamachi",
      "colab_count": 1
    },
    {
      "source": "Jedi Mind Tricks",
      "target": "Crypt The Warchild",
      "colab_count": 1
    },
    {
      "source": "Jedi Mind Tricks",
      "target": "Des Devious",
      "colab_count": 1
    },
    {
      "source": "Jedi Mind Tricks",
      "target": "King Syze",
      "colab_count": 1
    },
    {
      "source": "Jedi Mind Tricks",
      "target": "Planetary",
      "colab_count": 1
    },
    {
      "source": "Jedi Mind Tricks",
      "target": "The Esoteric",
      "colab_count": 1
    },
    {
      "source": "Jedi Mind Tricks",
      "target": "Vinnie Paz",
      "colab_count": 1
    },
    {
      "source": "John Gallagher, Jr.",
      "target": "Brian Johnson",
      "colab_count": 1
    },
    {
      "source": "John Gallagher, Jr.",
      "target": "Gideon Glick",
      "colab_count": 1
    },
    {
      "source": "John Gallagher, Jr.",
      "target": "Jonathan B. Wright",
      "colab_count": 1
    },
    {
      "source": "John Gallagher, Jr.",
      "target": "Jonathan Groff",
      "colab_count": 1
    },
    {
      "source": "John Gallagher, Jr.",
      "target": "Skylar Astin",
      "colab_count": 1
    },
    {
      "source": "Jonathan Groff",
      "target": "Brian Johnson",
      "colab_count": 1
    },
    {
      "source": "Jonathan Groff",
      "target": "Gideon Glick",
      "colab_count": 1
    },
    {
      "source": "Jonathan Groff",
      "target": "John Gallagher, Jr.",
      "colab_count": 1
    },
    {
      "source": "Jonathan Groff",
      "target": "Jonathan B. Wright",
      "colab_count": 1
    },
    {
      "source": "Jonathan Groff",
      "target": "Lauren Pritchard",
      "colab_count": 1
    },
    {
      "source": "Jonathan Groff",
      "target": "Lea Michele",
      "colab_count": 1
    },
    {
      "source": "Jonathan Groff",
      "target": "Lilli Cooper",
      "colab_count": 1
    },
    {
      "source": "Jonathan Groff",
      "target": "Phoebe Strole",
      "colab_count": 1
    },
    {
      "source": "Jonathan Groff",
      "target": "Remy Zaken",
      "colab_count": 1
    },
    {
      "source": "Jonathan Groff",
      "target": "Skylar Astin",
      "colab_count": 1
    },
    {
      "source": "Katherine Jenkins",
      "target": "Anthony Inglis",
      "colab_count": 1
    },
    {
      "source": "Katherine Jenkins",
      "target": "Kiri Te Kanawa",
      "colab_count": 1
    },
    {
      "source": "Katherine Jenkins",
      "target": "Philharmonia Orchestra",
      "colab_count": 1
    },
    {
      "source": "Lea Michele",
      "target": "Lauren Pritchard",
      "colab_count": 1
    },
    {
      "source": "Lea Michele",
      "target": "Lilli Cooper",
      "colab_count": 1
    },
    {
      "source": "Lea Michele",
      "target": "Phoebe Strole",
      "colab_count": 1
    },
    {
      "source": "Lea Michele",
      "target": "Remy Zaken",
      "colab_count": 1
    },
    {
      "source": "Morgan Heritage",
      "target": "Bushman",
      "colab_count": 1
    },
    {
      "source": "Morgan Heritage",
      "target": "Capleton",
      "colab_count": 1
    },
    {
      "source": "Morgan Heritage",
      "target": "Jah Cure",
      "colab_count": 1
    },
    {
      "source": "Morgan Heritage",
      "target": "L.M.S",
      "colab_count": 1
    },
    {
      "source": "Morgan Heritage",
      "target": "Ras Shiloh",
      "colab_count": 1
    },
    {
      "source": "N.O.R.E.",
      "target": "Big Mato",
      "colab_count": 2
    },
    {
      "source": "N.O.R.E.",
      "target": "Chingo Bling",
      "colab_count": 1
    },
    {
      "source": "N.O.R.E.",
      "target": "Daddy Yankee",
      "colab_count": 1
    },
    {
      "source": "N.O.R.E.",
      "target": "Fat Joe",
      "colab_count": 1
    },
    {
      "source": "N.O.R.E.",
      "target": "Gemstar",
      "colab_count": 1
    },
    {
      "source": "N.O.R.E.",
      "target": "Lil Rob",
      "colab_count": 1
    },
    {
      "source": "N.O.R.E.",
      "target": "Lumidee",
      "colab_count": 1
    },
    {
      "source": "N.O.R.E.",
      "target": "Negra",
      "colab_count": 1
    },
    {
      "source": "N.O.R.E.",
      "target": "Nina Sky",
      "colab_count": 2
    },
    {
      "source": "Nate Dogg",
      "target": "Bobby Creekwater",
      "colab_count": 1
    },
    {
      "source": "Nate Dogg",
      "target": "Eminem",
      "colab_count": 1
    },
    {
      "source": "Nate Dogg",
      "target": "Obie Trice",
      "colab_count": 1
    },
    {
      "source": "RBD",
      "target": "Alfonso Herrera",
      "colab_count": 5
    },
    {
      "source": "RBD",
      "target": "Christopher von Uckermann",
      "colab_count": 5
    },
    {
      "source": "RBD",
      "target": "Maite Perroni",
      "colab_count": 5
    },
    {
      "source": "Shankar-Ehsaan-Loy",
      "target": "Caralisa Monteiro",
      "colab_count": 1
    },
    {
      "source": "Shankar-Ehsaan-Loy",
      "target": "Shafqat Amanat Ali",
      "colab_count": 1
    },
    {
      "source": "Shankar-Ehsaan-Loy",
      "target": "Shankar Mahadevan",
      "colab_count": 1
    },
    {
      "source": "Snoop Dogg",
      "target": "Daz",
      "colab_count": 1
    },
    {
      "source": "Snoop Dogg",
      "target": "E-40",
      "colab_count": 1
    },
    {
      "source": "Snoop Dogg",
      "target": "Goldie Loc",
      "colab_count": 1
    },
    {
      "source": "Snoop Dogg",
      "target": "Kurupt",
      "colab_count": 1
    },
    {
      "source": "Snoop Dogg",
      "target": "MC Eiht",
      "colab_count": 1
    },
    {
      "source": "Troy",
      "target": "Gabriella Montez",
      "colab_count": 1
    },
    {
      "source": "Troy",
      "target": "Ryan",
      "colab_count": 1
    },
    {
      "source": "Troy",
      "target": "Sharpay Evans",
      "colab_count": 1
    },
    {
      "source": "Ty Burhoe",
      "target": "Cat McCarthy",
      "colab_count": 1
    },
    {
      "source": "Ty Burhoe",
      "target": "James Hoskins",
      "colab_count": 1
    },
    {
      "source": "Ty Burhoe",
      "target": "Janaki Kagel",
      "colab_count": 1
    },
    {
      "source": "Ty Burhoe",
      "target": "Manorama",
      "colab_count": 1
    },
    {
      "source": "Willie Nelson",
      "target": "Johnny Cash",
      "colab_count": 1
    },
    {
      "source": "Willie Nelson",
      "target": "Kris Kristofferson",
      "colab_count": 1
    },
    {
      "source": "Willie Nelson",
      "target": "Waylon Jennings",
      "colab_count": 1
    },
    {
      "source": "Youngbloodz",
      "target": "E-40",
      "colab_count": 1
    },
    {
      "source": "Youngbloodz",
      "target": "Lil Jon",
      "colab_count": 1
    },
    {
      "source": "Youngbloodz",
      "target": "Sean Paul",
      "colab_count": 1
    }
  ]
}