{
  "nodes": [
    {
      "id": "Ada Moore",
      "group": 1,
      "song_count": 1
    },
    {
      "id": "Albert Linville",
      "group": 1,
      "song_count": 1
    },
    {
      "id": "Alexander Borodin",
      "group": 3,
      "song_count": 3
    },
    {
      "id": "Alfredo Catalani",
      "group": 3,
      "song_count": 3
    },
    {
      "id": "Anny Felbermayer",
      "group": 1,
      "song_count": 1
    },
    {
      "id": "Anton Dermota",
      "group": 4,
      "song_count": 4
    },
    {
      "id": "Arrigo Boito",
      "group": 3,
      "song_count": 3
    },
    {
      "id": "Arthur Sullivan",
      "group": 5,
      "song_count": 5
    },
    {
      "id": "B. Davis",
      "group": 3,
      "song_count": 3
    },
    {
      "id": "Belgrade National Opera Chorus",
      "group": 1,
      "song_count": 1
    },
    {
      "id": "Belgrade National Opera Orchestra",
      "group": 1,
      "song_count": 1
    },
    {
      "id": "Berlin Motet Choir",
      "group": 1,
      "song_count": 1
    },
    {
      "id": "Bob Enevoldsen",
      "group": 1,
      "song_count": 1
    },
    {
      "id": "Buddy Collette",
      "group": 2,
      "song_count": 2
    },
    {
      "id": "Cesare Siepi",
      "group": 6,
      "song_count": 6
    },
    {
      "id": "Cherry Davis",
      "group": 1,
      "song_count": 1
    },
    {
      "id": "Clyde Dunn",
      "group": 2,
      "song_count": 2
    },
    {
      "id": "Conte Candoli",
      "group": 10,
      "song_count": 14
    },
    {
      "id": "Coro Del Teatro Alla Scala Di Milano",
      "group": 10,
      "song_count": 11
    },
    {
      "id": "Coro Del Teatro Alla Scala Di Milano, Orchestra Del Teatro Alla Scala Di Milano, Herbert Von Karajan",
      "group": 2,
      "song_count": 2
    },
    {
      "id": "Curtis Counce",
      "group": 2,
      "song_count": 2
    },
    {
      "id": "D. Robertson",
      "group": 1,
      "song_count": 1
    },
    {
      "id": "Daniel McCoshan",
      "group": 3,
      "song_count": 3
    },
    {
      "id": "Diahann Carroll",
      "group": 3,
      "song_count": 3
    },
    {
      "id": "Diana Eustrati",
      "group": 1,
      "song_count": 1
    },
    {
      "id": "Dolores Harper",
      "group": 1,
      "song_count": 1
    },
    {
      "id": "Douglas Fletcher Rodgers",
      "group": 1,
      "song_count": 1
    },
    {
      "id": "Elaine Lynn",
      "group": 1,
      "song_count": 1
    },
    {
      "id": "Enid Mosier",
      "group": 1,
      "song_count": 1
    },
    {
      "id": "Enrico Campi",
      "group": 1,
      "song_count": 1
    },
    {
      "id": "Erich Kleiber",
      "group": 3,
      "song_count": 3
    },
    {
      "id": "Ernest Macmillan",
      "group": 3,
      "song_count": 3
    },
    {
      "id": "Ernst Haefliger",
      "group": 2,
      "song_count": 2
    },
    {
      "id": "Ferenc Fricsay",
      "group": 3,
      "song_count": 3
    },
    {
      "id": "Fernando Corena",
      "group": 3,
      "song_count": 3
    },
    {
      "id": "Francesco Cilea",
      "group": 6,
      "song_count": 6
    },
    {
      "id": "Francesco Molinari-Pradelli",
      "group": 1,
      "song_count": 1
    },
    {
      "id": "Franco Calabrese",
      "group": 10,
      "song_count": 28
    },
    {
      "id": "Gaetano Donizetti",
      "group": 4,
      "song_count": 4
    },
    {
      "id": "Gerald Wiggins",
      "group": 2,
      "song_count": 2
    },
    {
      "id": "Giacomo Puccini",
      "group": 10,
      "song_count": 188
    },
    {
      "id": "Gioachino Rossini",
      "group": 3,
      "song_count": 3
    },
    {
      "id": "Giuseppe Di Stefano",
      "group": 1,
      "song_count": 1
    },
    {
      "id": "Giuseppe Verdi",
      "group": 7,
      "song_count": 7
    },
    {
      "id": "Glenn Gould",
      "group": 3,
      "song_count": 3
    },
    {
      "id": "Glyndebourne Chorus",
      "group": 5,
      "song_count": 5
    },
    {
      "id": "Glyndebourne Festival Orchestra",
      "group": 10,
      "song_count": 57
    },
    {
      "id": "Graziella Sciutti",
      "group": 10,
      "song_count": 39
    },
    {
      "id": "Gwyn Griffiths",
      "group": 3,
      "song_count": 3
    },
    {
      "id": "Harry \"Sweets\" Edison",
      "group": 5,
      "song_count": 5
    },
    {
      "id": "Herb Geller",
      "group": 1,
      "song_count": 1
    },
    {
      "id": "Herbert von Karajan",
      "group": 10,
      "song_count": 39
    },
    {
      "id": "Hilde Gueden",
      "group": 4,
      "song_count": 4
    },
    {
      "id": "Howard Roberts",
      "group": 2,
      "song_count": 2
    },
    {
      "id": "Howard Vandenburg",
      "group": 1,
      "song_count": 1
    },
    {
      "id": "Ian Wallace",
      "group": 7,
      "song_count": 7
    },
    {
      "id": "J.A. Burke",
      "group": 1,
      "song_count": 1
    },
    {
      "id": "Jackie Scholle",
      "group": 1,
      "song_count": 1
    },
    {
      "id": "Jascha Heifetz",
      "group": 2,
      "song_count": 2
    },
    {
      "id": "Jean Stapleton",
      "group": 1,
      "song_count": 1
    },
    {
      "id": "Jeannette Sinclair",
      "group": 3,
      "song_count": 3
    },
    {
      "id": "Jimmie Komack",
      "group": 1,
      "song_count": 1
    },
    {
      "id": "Jimmy Giuffre",
      "group": 2,
      "song_count": 2
    },
    {
      "id": "Joe Mondragon",
      "group": 1,
      "song_count": 1
    },
    {
      "id": "Johann Sebastian Bach",
      "group": 9,
      "song_count": 9
    },
    {
      "id": "Josef Krips",
      "group": 6,
      "song_count": 6
    },
    {
      "id": "Kim Borg",
      "group": 1,
      "song_count": 1
    },
    {
      "id": "Kurt Boehme",
      "group": 1,
      "song_count": 1
    },
    {
      "id": "Larry Bunker",
      "group": 1,
      "song_count": 1
    },
    {
      "id": "Lisa della Casa",
      "group": 2,
      "song_count": 2
    },
    {
      "id": "Lorraine Geller",
      "group": 1,
      "song_count": 1
    },
    {
      "id": "Lucia Danieli/Nicolai Gedda/Mario Borriello/Orchestra del Teatro alla Scala, Milano/Herbert von Karajan",
      "group": 1,
      "song_count": 1
    },
    {
      "id": "Lucia Danieli/Nicolai Gedda/Mario Borriello/Renato Ercolani/Orchestra del Teatro alla Scala, Milano/Herbert von Karajan",
      "group": 1,
      "song_count": 1
    },
    {
      "id": "Lucie Danieli",
      "group": 10,
      "song_count": 13
    },
    {
      "id": "Luisa Villa",
      "group": 2,
      "song_count": 2
    },
    {
      "id": "M.A. Fisher",
      "group": 1,
      "song_count": 1
    },
    {
      "id": "Margot Guilleaume",
      "group": 1,
      "song_count": 1
    },
    {
      "id": "Maria Callas",
      "group": 10,
      "song_count": 37
    },
    {
      "id": "Maria Reith",
      "group": 1,
      "song_count": 1
    },
    {
      "id": "Mario Borriello",
      "group": 10,
      "song_count": 17
    },
    {
      "id": "Mario Carlin",
      "group": 2,
      "song_count": 2
    },
    {
      "id": "Max Bruch",
      "group": 6,
      "song_count": 6
    },
    {
      "id": "Monica Sinclair",
      "group": 9,
      "song_count": 9
    },
    {
      "id": "N. Cogane",
      "group": 1,
      "song_count": 1
    },
    {
      "id": "Nancy Andrews",
      "group": 3,
      "song_count": 3
    },
    {
      "id": "Nathaniel Frey",
      "group": 1,
      "song_count": 1
    },
    {
      "id": "Nicolai Gedda",
      "group": 10,
      "song_count": 17
    },
    {
      "id": "Orchestra Del Teatro Alla Scala Di Milan",
      "group": 1,
      "song_count": 1
    },
    {
      "id": "Orchestra Del Teatro Alla Scala, Milano",
      "group": 10,
      "song_count": 40
    },
    {
      "id": "Orchestra del Maggio Musicale Fiorentino",
      "group": 1,
      "song_count": 1
    },
    {
      "id": "Original Broadway Cast 'Plain And Fancy'",
      "group": 1,
      "song_count": 1
    },
    {
      "id": "Oskar Danon",
      "group": 1,
      "song_count": 1
    },
    {
      "id": "Pauline Wales",
      "group": 1,
      "song_count": 1
    },
    {
      "id": "Peggy Ann Jones",
      "group": 1,
      "song_count": 1
    },
    {
      "id": "Philharmonia Orchestra",
      "group": 7,
      "song_count": 7
    },
    {
      "id": "Plinio Clabassi",
      "group": 1,
      "song_count": 1
    },
    {
      "id": "RIAS Kammerchor",
      "group": 1,
      "song_count": 1
    },
    {
      "id": "RIAS-Symphonie-Orchester",
      "group": 3,
      "song_count": 3
    },
    {
      "id": "Renato Ercolani",
      "group": 10,
      "song_count": 13
    },
    {
      "id": "Rise Stevens",
      "group": 10,
      "song_count": 13
    },
    {
      "id": "Rita Streich",
      "group": 1,
      "song_count": 1
    },
    {
      "id": "Ronn Cummins",
      "group": 3,
      "song_count": 3
    },
    {
      "id": "Royal Philharmonic Orchestra",
      "group": 1,
      "song_count": 1
    },
    {
      "id": "Russ Brown",
      "group": 3,
      "song_count": 3
    },
    {
      "id": "S. Mysels",
      "group": 3,
      "song_count": 3
    },
    {
      "id": "Sena Jurinac",
      "group": 10,
      "song_count": 24
    },
    {
      "id": "Sesto Bruscantini",
      "group": 10,
      "song_count": 27
    },
    {
      "id": "Siegmar Schneider",
      "group": 1,
      "song_count": 1
    },
    {
      "id": "Sir Malcolm Sargent",
      "group": 3,
      "song_count": 3
    },
    {
      "id": "Stan Levey",
      "group": 2,
      "song_count": 2
    },
    {
      "id": "Suzanne Danco",
      "group": 4,
      "song_count": 4
    },
    {
      "id": "The Chordettes",
      "group": 2,
      "song_count": 2
    },
    {
      "id": "The New Symphony Orchestra Of London",
      "group": 2,
      "song_count": 2
    },
    {
      "id": "Toronto Symphony Orchestra",
      "group": 3,
      "song_count": 3
    },
    {
      "id": "Tullio Serafin",
      "group": 8,
      "song_count": 8
    },
    {
      "id": "Umberto Giordano",
      "group": 3,
      "song_count": 3
    },
    {
      "id": "Valerie Masterson",
      "group": 1,
      "song_count": 1
    },
    {
      "id": "Vienna State Opera Chorus",
      "group": 1,
      "song_count": 1
    },
    {
      "id": "Vittorio Gui",
      "group": 10,
      "song_count": 58
    },
    {
      "id": "Walter Berry",
      "group": 1,
      "song_count": 1
    },
    {
      "id": "Wiener Philharmoniker",
      "group": 9,
      "song_count": 9
    },
    {
      "id": "Wilhelm Borchert",
      "group": 1,
      "song_count": 1
    },
    {
      "id": "Wolfgang Amadeus Mozart",
      "group": 10,
      "song_count": 338
    }
  ],
  "links": [
    {
      "source": "Alexander Borodin",
      "target": "Belgrade National Opera Chorus",
      "colab_count": 1
    },
    {
      "source": "Alexander Borodin",
      "target": "Belgrade National Opera Orchestra",
      "colab_count": 1
    },
    {
      "source": "Alexander Borodin",
      "target": "Oskar Danon",
      "colab_count": 1
    },
    {
      "source": "Alfredo Catalani",
      "target": "Maria Callas",
      "colab_count": 1
    },
    {
      "source": "Alfredo Catalani",
      "target": "Philharmonia Orchestra",
      "colab_count": 1
    },
    {
      "source": "Alfredo Catalani",
      "target": "Tullio Serafin",
      "colab_count": 1
    },
    {
      "source": "Arrigo Boito",
      "target": "Maria Callas",
      "colab_count": 1
    },
    {
      "source": "Arrigo Boito",
      "target": "Philharmonia Orchestra",
      "colab_count": 1
    },
    {
      "source": "Arrigo Boito",
      "target": "Tullio Serafin",
      "colab_count": 1
    },
    {
      "source": "Arthur Sullivan",
      "target": "Pauline Wales",
      "colab_count": 1
    },
    {
      "source": "Arthur Sullivan",
      "target": "Peggy Ann Jones",
      "colab_count": 1
    },
    {
      "source": "Arthur Sullivan",
      "target": "Royal Philharmonic Orchestra",
      "colab_count": 1
    },
    {
      "source": "Arthur Sullivan",
      "target": "Sir Malcolm Sargent",
      "colab_count": 1
    },
    {
      "source": "Arthur Sullivan",
      "target": "Valerie Masterson",
      "colab_count": 1
    },
    {
      "source": "B. Davis",
      "target": "J.A. Burke",
      "colab_count": 1
    },
    {
      "source": "B. Davis",
      "target": "M.A. Fisher",
      "colab_count": 1
    },
    {
      "source": "B. Davis",
      "target": "The Chordettes",
      "colab_count": 1
    },
    {
      "source": "Conte Candoli",
      "target": "Buddy Collette",
      "colab_count": 2
    },
    {
      "source": "Conte Candoli",
      "target": "Clyde Dunn",
      "colab_count": 2
    },
    {
      "source": "Conte Candoli",
      "target": "Curtis Counce",
      "colab_count": 2
    },
    {
      "source": "Conte Candoli",
      "target": "Gerald Wiggins",
      "colab_count": 2
    },
    {
      "source": "Conte Candoli",
      "target": "Howard Roberts",
      "colab_count": 2
    },
    {
      "source": "Conte Candoli",
      "target": "Jimmy Giuffre",
      "colab_count": 2
    },
    {
      "source": "Conte Candoli",
      "target": "Stan Levey",
      "colab_count": 2
    },
    {
      "source": "Diahann Carroll",
      "target": "Ada Moore",
      "colab_count": 1
    },
    {
      "source": "Diahann Carroll",
      "target": "Dolores Harper",
      "colab_count": 1
    },
    {
      "source": "Diahann Carroll",
      "target": "Enid Mosier",
      "colab_count": 1
    },
    {
      "source": "Francesco Cilea",
      "target": "Maria Callas",
      "colab_count": 2
    },
    {
      "source": "Francesco Cilea",
      "target": "Philharmonia Orchestra",
      "colab_count": 2
    },
    {
      "source": "Francesco Cilea",
      "target": "Tullio Serafin",
      "colab_count": 2
    },
    {
      "source": "Gaetano Donizetti",
      "target": "Francesco Molinari-Pradelli",
      "colab_count": 1
    },
    {
      "source": "Gaetano Donizetti",
      "target": "Giuseppe Di Stefano",
      "colab_count": 1
    },
    {
      "source": "Gaetano Donizetti",
      "target": "Hilde Gueden",
      "colab_count": 1
    },
    {
      "source": "Gaetano Donizetti",
      "target": "Orchestra del Maggio Musicale Fiorentino",
      "colab_count": 1
    },
    {
      "source": "Giacomo Puccini",
      "target": "Coro Del Teatro Alla Scala Di Milano",
      "colab_count": 11
    },
    {
      "source": "Giacomo Puccini",
      "target": "Coro Del Teatro Alla Scala Di Milano, Orchestra Del Teatro Alla Scala Di Milano, Herbert Von Karajan",
      "colab_count": 2
    },
    {
      "source": "Giacomo Puccini",
      "target": "Enrico Campi",
      "colab_count": 1
    },
    {
      "source": "Giacomo Puccini",
      "target": "Herbert von Karajan",
      "colab_count": 39
    },
    {
      "source": "Giacomo Puccini",
      "target": "Lucia Danieli/Nicolai Gedda/Mario Borriello/Orchestra del Teatro alla Scala, Milano/Herbert von Karajan",
      "colab_count": 1
    },
    {
      "source": "Giacomo Puccini",
      "target": "Lucia Danieli/Nicolai Gedda/Mario Borriello/Renato Ercolani/Orchestra del Teatro alla Scala, Milano/Herbert von Karajan",
      "colab_count": 1
    },
    {
      "source": "Giacomo Puccini",
      "target": "Lucie Danieli",
      "colab_count": 13
    },
    {
      "source": "Giacomo Puccini",
      "target": "Luisa Villa",
      "colab_count": 2
    },
    {
      "source": "Giacomo Puccini",
      "target": "Maria Callas",
      "colab_count": 29
    },
    {
      "source": "Giacomo Puccini",
      "target": "Mario Borriello",
      "colab_count": 17
    },
    {
      "source": "Giacomo Puccini",
      "target": "Mario Carlin",
      "colab_count": 2
    },
    {
      "source": "Giacomo Puccini",
      "target": "Nicolai Gedda",
      "colab_count": 17
    },
    {
      "source": "Giacomo Puccini",
      "target": "Orchestra Del Teatro Alla Scala, Milano",
      "colab_count": 39
    },
    {
      "source": "Giacomo Puccini",
      "target": "Plinio Clabassi",
      "colab_count": 1
    },
    {
      "source": "Giacomo Puccini",
      "target": "Renato Ercolani",
      "colab_count": 13
    },
    {
      "source": "Gioachino Rossini",
      "target": "Maria Callas",
      "colab_count": 1
    },
    {
      "source": "Gioachino Rossini",
      "target": "Philharmonia Orchestra",
      "colab_count": 1
    },
    {
      "source": "Gioachino Rossini",
      "target": "Tullio Serafin",
      "colab_count": 1
    },
    {
      "source": "Giuseppe Verdi",
      "target": "Maria Callas",
      "colab_count": 2
    },
    {
      "source": "Giuseppe Verdi",
      "target": "Orchestra Del Teatro Alla Scala Di Milan",
      "colab_count": 1
    },
    {
      "source": "Giuseppe Verdi",
      "target": "Orchestra Del Teatro Alla Scala, Milano",
      "colab_count": 1
    },
    {
      "source": "Giuseppe Verdi",
      "target": "Philharmonia Orchestra",
      "colab_count": 1
    },
    {
      "source": "Giuseppe Verdi",
      "target": "Tullio Serafin",
      "colab_count": 2
    },
    {
      "source": "Harry \"Sweets\" Edison",
      "target": "Bob Enevoldsen",
      "colab_count": 1
    },
    {
      "source": "Harry \"Sweets\" Edison",
      "target": "Herb Geller",
      "colab_count": 1
    },
    {
      "source": "Harry \"Sweets\" Edison",
      "target": "Joe Mondragon",
      "colab_count": 1
    },
    {
      "source": "Harry \"Sweets\" Edison",
      "target": "Larry Bunker",
      "colab_count": 1
    },
    {
      "source": "Harry \"Sweets\" Edison",
      "target": "Lorraine Geller",
      "colab_count": 1
    },
    {
      "source": "Johann Sebastian Bach",
      "target": "Ernest Macmillan",
      "colab_count": 3
    },
    {
      "source": "Johann Sebastian Bach",
      "target": "Glenn Gould",
      "colab_count": 3
    },
    {
      "source": "Johann Sebastian Bach",
      "target": "Toronto Symphony Orchestra",
      "colab_count": 3
    },
    {
      "source": "Max Bruch",
      "target": "Jascha Heifetz",
      "colab_count": 2
    },
    {
      "source": "Max Bruch",
      "target": "Sir Malcolm Sargent",
      "colab_count": 2
    },
    {
      "source": "Max Bruch",
      "target": "The New Symphony Orchestra Of London",
      "colab_count": 2
    },
    {
      "source": "Nancy Andrews",
      "target": "Douglas Fletcher Rodgers",
      "colab_count": 1
    },
    {
      "source": "Nancy Andrews",
      "target": "Elaine Lynn",
      "colab_count": 1
    },
    {
      "source": "Nancy Andrews",
      "target": "Original Broadway Cast 'Plain And Fancy'",
      "colab_count": 1
    },
    {
      "source": "Ronn Cummins",
      "target": "Cherry Davis",
      "colab_count": 1
    },
    {
      "source": "Ronn Cummins",
      "target": "Jackie Scholle",
      "colab_count": 1
    },
    {
      "source": "Ronn Cummins",
      "target": "Jean Stapleton",
      "colab_count": 1
    },
    {
      "source": "Russ Brown",
      "target": "Albert Linville",
      "colab_count": 1
    },
    {
      "source": "Russ Brown",
      "target": "Jimmie Komack",
      "colab_count": 1
    },
    {
      "source": "Russ Brown",
      "target": "Nathaniel Frey",
      "colab_count": 1
    },
    {
      "source": "S. Mysels",
      "target": "D. Robertson",
      "colab_count": 1
    },
    {
      "source": "S. Mysels",
      "target": "N. Cogane",
      "colab_count": 1
    },
    {
      "source": "S. Mysels",
      "target": "The Chordettes",
      "colab_count": 1
    },
    {
      "source": "Umberto Giordano",
      "target": "Maria Callas",
      "colab_count": 1
    },
    {
      "source": "Umberto Giordano",
      "target": "Philharmonia Orchestra",
      "colab_count": 1
    },
    {
      "source": "Umberto Giordano",
      "target": "Tullio Serafin",
      "colab_count": 1
    },
    {
      "source": "Wolfgang Amadeus Mozart",
      "target": "Anny Felbermayer",
      "colab_count": 1
    },
    {
      "source": "Wolfgang Amadeus Mozart",
      "target": "Anton Dermota",
      "colab_count": 4
    },
    {
      "source": "Wolfgang Amadeus Mozart",
      "target": "Berlin Motet Choir",
      "colab_count": 1
    },
    {
      "source": "Wolfgang Amadeus Mozart",
      "target": "Cesare Siepi",
      "colab_count": 6
    },
    {
      "source": "Wolfgang Amadeus Mozart",
      "target": "Daniel McCoshan",
      "colab_count": 3
    },
    {
      "source": "Wolfgang Amadeus Mozart",
      "target": "Diana Eustrati",
      "colab_count": 1
    },
    {
      "source": "Wolfgang Amadeus Mozart",
      "target": "Erich Kleiber",
      "colab_count": 3
    },
    {
      "source": "Wolfgang Amadeus Mozart",
      "target": "Ernst Haefliger",
      "colab_count": 2
    },
    {
      "source": "Wolfgang Amadeus Mozart",
      "target": "Ferenc Fricsay",
      "colab_count": 3
    },
    {
      "source": "Wolfgang Amadeus Mozart",
      "target": "Fernando Corena",
      "colab_count": 3
    },
    {
      "source": "Wolfgang Amadeus Mozart",
      "target": "Franco Calabrese",
      "colab_count": 28
    },
    {
      "source": "Wolfgang Amadeus Mozart",
      "target": "Glyndebourne Chorus",
      "colab_count": 5
    },
    {
      "source": "Wolfgang Amadeus Mozart",
      "target": "Glyndebourne Festival Orchestra",
      "colab_count": 57
    },
    {
      "source": "Wolfgang Amadeus Mozart",
      "target": "Graziella Sciutti",
      "colab_count": 39
    },
    {
      "source": "Wolfgang Amadeus Mozart",
      "target": "Gwyn Griffiths",
      "colab_count": 3
    },
    {
      "source": "Wolfgang Amadeus Mozart",
      "target": "Hilde Gueden",
      "colab_count": 3
    },
    {
      "source": "Wolfgang Amadeus Mozart",
      "target": "Howard Vandenburg",
      "colab_count": 1
    },
    {
      "source": "Wolfgang Amadeus Mozart",
      "target": "Ian Wallace",
      "colab_count": 7
    },
    {
      "source": "Wolfgang Amadeus Mozart",
      "target": "Jeannette Sinclair",
      "colab_count": 3
    },
    {
      "source": "Wolfgang Amadeus Mozart",
      "target": "Josef Krips",
      "colab_count": 6
    },
    {
      "source": "Wolfgang Amadeus Mozart",
      "target": "Kim Borg",
      "colab_count": 1
    },
    {
      "source": "Wolfgang Amadeus Mozart",
      "target": "Kurt Boehme",
      "colab_count": 1
    },
    {
      "source": "Wolfgang Amadeus Mozart",
      "target": "Lisa della Casa",
      "colab_count": 2
    },
    {
      "source": "Wolfgang Amadeus Mozart",
      "target": "Margot Guilleaume",
      "colab_count": 1
    },
    {
      "source": "Wolfgang Amadeus Mozart",
      "target": "Maria Reith",
      "colab_count": 1
    },
    {
      "source": "Wolfgang Amadeus Mozart",
      "target": "Monica Sinclair",
      "colab_count": 9
    },
    {
      "source": "Wolfgang Amadeus Mozart",
      "target": "RIAS Kammerchor",
      "colab_count": 1
    },
    {
      "source": "Wolfgang Amadeus Mozart",
      "target": "RIAS-Symphonie-Orchester",
      "colab_count": 3
    },
    {
      "source": "Wolfgang Amadeus Mozart",
      "target": "Rise Stevens",
      "colab_count": 13
    },
    {
      "source": "Wolfgang Amadeus Mozart",
      "target": "Rita Streich",
      "colab_count": 1
    },
    {
      "source": "Wolfgang Amadeus Mozart",
      "target": "Sena Jurinac",
      "colab_count": 24
    },
    {
      "source": "Wolfgang Amadeus Mozart",
      "target": "Sesto Bruscantini",
      "colab_count": 27
    },
    {
      "source": "Wolfgang Amadeus Mozart",
      "target": "Siegmar Schneider",
      "colab_count": 1
    },
    {
      "source": "Wolfgang Amadeus Mozart",
      "target": "Suzanne Danco",
      "colab_count": 4
    },
    {
      "source": "Wolfgang Amadeus Mozart",
      "target": "Vienna State Opera Chorus",
      "colab_count": 1
    },
    {
      "source": "Wolfgang Amadeus Mozart",
      "target": "Vittorio Gui",
      "colab_count": 58
    },
    {
      "source": "Wolfgang Amadeus Mozart",
      "target": "Walter Berry",
      "colab_count": 1
    },
    {
      "source": "Wolfgang Amadeus Mozart",
      "target": "Wiener Philharmoniker",
      "colab_count": 9
    },
    {
      "source": "Wolfgang Amadeus Mozart",
      "target": "Wilhelm Borchert",
      "colab_count": 1
    }
  ]
}