{
  "nodes": [
    {
      "id": "Ace Hood",
      "group": 2,
      "song_count": 2
    },
    {
      "id": "Adalberto Santiago",
      "group": 1,
      "song_count": 1
    },
    {
      "id": "Akon",
      "group": 3,
      "song_count": 3
    },
    {
      "id": "Aleks Syntek",
      "group": 1,
      "song_count": 1
    },
    {
      "id": "Amanda Seyfried",
      "group": 1,
      "song_count": 1
    },
    {
      "id": "Andrea Burns",
      "group": 4,
      "song_count": 4
    },
    {
      "id": "Ashley Tisdale",
      "group": 1,
      "song_count": 1
    },
    {
      "id": "Baby Bash",
      "group": 1,
      "song_count": 1
    },
    {
      "id": "Boosie Badazz",
      "group": 2,
      "song_count": 2
    },
    {
      "id": "Carolyn Rodriguez",
      "group": 1,
      "song_count": 1
    },
    {
      "id": "Cast Of Mamma Mia The Movie",
      "group": 3,
      "song_count": 3
    },
    {
      "id": "Christine Baranski",
      "group": 1,
      "song_count": 1
    },
    {
      "id": "Christopher Jackson",
      "group": 1,
      "song_count": 1
    },
    {
      "id": "Colin Firth",
      "group": 3,
      "song_count": 3
    },
    {
      "id": "DJ Felli Fel",
      "group": 4,
      "song_count": 4
    },
    {
      "id": "DJ Khaled",
      "group": 10,
      "song_count": 12
    },
    {
      "id": "David Banner",
      "group": 3,
      "song_count": 3
    },
    {
      "id": "David Bisbal",
      "group": 1,
      "song_count": 1
    },
    {
      "id": "Fabolous",
      "group": 1,
      "song_count": 1
    },
    {
      "id": "Fania All Stars",
      "group": 4,
      "song_count": 4
    },
    {
      "id": "High School Musical Cast",
      "group": 10,
      "song_count": 11
    },
    {
      "id": "Ismael Miranda",
      "group": 1,
      "song_count": 1
    },
    {
      "id": "JAY-Z",
      "group": 3,
      "song_count": 3
    },
    {
      "id": "Janet Dacal",
      "group": 2,
      "song_count": 2
    },
    {
      "id": "Jemma McKenzie-Brown",
      "group": 1,
      "song_count": 1
    },
    {
      "id": "Jermaine Dupri",
      "group": 1,
      "song_count": 1
    },
    {
      "id": "Johnny Pacheco",
      "group": 1,
      "song_count": 1
    },
    {
      "id": "Juan Gotti",
      "group": 1,
      "song_count": 1
    },
    {
      "id": "Julie Walters",
      "group": 1,
      "song_count": 1
    },
    {
      "id": "Kanye West",
      "group": 2,
      "song_count": 2
    },
    {
      "id": "Karen Olivo",
      "group": 1,
      "song_count": 1
    },
    {
      "id": "Lil Wayne",
      "group": 2,
      "song_count": 2
    },
    {
      "id": "Lin-Manuel Miranda",
      "group": 5,
      "song_count": 5
    },
    {
      "id": "Low G",
      "group": 1,
      "song_count": 1
    },
    {
      "id": "Lucas Grabeel",
      "group": 2,
      "song_count": 2
    },
    {
      "id": "Lucky Luciano",
      "group": 1,
      "song_count": 1
    },
    {
      "id": "Luis Fonsi",
      "group": 3,
      "song_count": 3
    },
    {
      "id": "Mandy Gonzalez",
      "group": 1,
      "song_count": 1
    },
    {
      "id": "Matt Prokop",
      "group": 1,
      "song_count": 1
    },
    {
      "id": "Meryl Streep",
      "group": 1,
      "song_count": 1
    },
    {
      "id": "Ne-Yo",
      "group": 1,
      "song_count": 1
    },
    {
      "id": "Nelly",
      "group": 1,
      "song_count": 1
    },
    {
      "id": "Noel Schajris",
      "group": 1,
      "song_count": 1
    },
    {
      "id": "Olesya Rulin",
      "group": 2,
      "song_count": 2
    },
    {
      "id": "Pete \"El Conde\" Rodriguez",
      "group": 1,
      "song_count": 1
    },
    {
      "id": "Philip Michael",
      "group": 1,
      "song_count": 1
    },
    {
      "id": "Pierce Brosnan",
      "group": 1,
      "song_count": 1
    },
    {
      "id": "Plies",
      "group": 2,
      "song_count": 2
    },
    {
      "id": "Project Pat",
      "group": 1,
      "song_count": 1
    },
    {
      "id": "Rasheed",
      "group": 1,
      "song_count": 1
    },
    {
      "id": "Rick Ross",
      "group": 2,
      "song_count": 2
    },
    {
      "id": "Robin de Jesus",
      "group": 1,
      "song_count": 1
    },
    {
      "id": "Seth Stewart",
      "group": 1,
      "song_count": 1
    },
    {
      "id": "Shankar Mahadevan",
      "group": 1,
      "song_count": 1
    },
    {
      "id": "Snoop Dogg",
      "group": 1,
      "song_count": 1
    },
    {
      "id": "South Park Mexican",
      "group": 7,
      "song_count": 7
    },
    {
      "id": "Sunidhi Chauhan",
      "group": 1,
      "song_count": 1
    },
    {
      "id": "Superpower",
      "group": 1,
      "song_count": 1
    },
    {
      "id": "T.I.",
      "group": 1,
      "song_count": 1
    },
    {
      "id": "Three 6 Mafia",
      "group": 3,
      "song_count": 3
    },
    {
      "id": "Trick Daddy",
      "group": 2,
      "song_count": 2
    },
    {
      "id": "Vanessa Hudgens",
      "group": 2,
      "song_count": 2
    },
    {
      "id": "Vishal Dadlani",
      "group": 1,
      "song_count": 1
    },
    {
      "id": "Vishal-Shekhar",
      "group": 3,
      "song_count": 3
    },
    {
      "id": "Young-D",
      "group": 1,
      "song_count": 1
    },
    {
      "id": "Zac Efron",
      "group": 2,
      "song_count": 2
    }
  ],
  "links": [
    {
      "source": "Andrea Burns",
      "target": "Janet Dacal",
      "colab_count": 1
    },
    {
      "source": "Andrea Burns",
      "target": "Karen Olivo",
      "colab_count": 1
    },
    {
      "source": "Andrea Burns",
      "target": "Mandy Gonzalez",
      "colab_count": 1
    },
    {
      "source": "Cast Of Mamma Mia The Movie",
      "target": "Christine Baranski",
      "colab_count": 1
    },
    {
      "source": "Cast Of Mamma Mia The Movie",
      "target": "Julie Walters",
      "colab_count": 1
    },
    {
      "source": "Cast Of Mamma Mia The Movie",
      "target": "Philip Michael",
      "colab_count": 1
    },
    {
      "source": "Colin Firth",
      "target": "Amanda Seyfried",
      "colab_count": 1
    },
    {
      "source": "Colin Firth",
      "target": "Meryl Streep",
      "colab_count": 1
    },
    {
      "source": "Colin Firth",
      "target": "Pierce Brosnan",
      "colab_count": 1
    },
    {
      "source": "DJ Felli Fel",
      "target": "Fabolous",
      "colab_count": 1
    },
    {
      "source": "DJ Felli Fel",
      "target": "Jermaine Dupri",
      "colab_count": 1
    },
    {
      "source": "DJ Felli Fel",
      "target": "Kanye West",
      "colab_count": 1
    },
    {
      "source": "DJ Felli Fel",
      "target": "Ne-Yo",
      "colab_count": 1
    },
    {
      "source": "DJ Khaled",
      "target": "Ace Hood",
      "colab_count": 2
    },
    {
      "source": "DJ Khaled",
      "target": "Akon",
      "colab_count": 2
    },
    {
      "source": "DJ Khaled",
      "target": "Boosie Badazz",
      "colab_count": 2
    },
    {
      "source": "DJ Khaled",
      "target": "Plies",
      "colab_count": 2
    },
    {
      "source": "DJ Khaled",
      "target": "Rick Ross",
      "colab_count": 2
    },
    {
      "source": "DJ Khaled",
      "target": "Trick Daddy",
      "colab_count": 2
    },
    {
      "source": "David Banner",
      "target": "Akon",
      "colab_count": 1
    },
    {
      "source": "David Banner",
      "target": "Lil Wayne",
      "colab_count": 1
    },
    {
      "source": "David Banner",
      "target": "Snoop Dogg",
      "colab_count": 1
    },
    {
      "source": "Fania All Stars",
      "target": "Adalberto Santiago",
      "colab_count": 1
    },
    {
      "source": "Fania All Stars",
      "target": "Ismael Miranda",
      "colab_count": 1
    },
    {
      "source": "Fania All Stars",
      "target": "Johnny Pacheco",
      "colab_count": 1
    },
    {
      "source": "Fania All Stars",
      "target": "Pete \"El Conde\" Rodriguez",
      "colab_count": 1
    },
    {
      "source": "High School Musical Cast",
      "target": "Ashley Tisdale",
      "colab_count": 1
    },
    {
      "source": "High School Musical Cast",
      "target": "Jemma McKenzie-Brown",
      "colab_count": 1
    },
    {
      "source": "High School Musical Cast",
      "target": "Lucas Grabeel",
      "colab_count": 2
    },
    {
      "source": "High School Musical Cast",
      "target": "Matt Prokop",
      "colab_count": 1
    },
    {
      "source": "High School Musical Cast",
      "target": "Olesya Rulin",
      "colab_count": 2
    },
    {
      "source": "High School Musical Cast",
      "target": "Vanessa Hudgens",
      "colab_count": 2
    },
    {
      "source": "High School Musical Cast",
      "target": "Zac Efron",
      "colab_count": 2
    },
    {
      "source": "JAY-Z",
      "target": "Kanye West",
      "colab_count": 1
    },
    {
      "source": "JAY-Z",
      "target": "Lil Wayne",
      "colab_count": 1
    },
    {
      "source": "JAY-Z",
      "target": "T.I.",
      "colab_count": 1
    },
    {
      "source": "Lin-Manuel Miranda",
      "target": "Andrea Burns",
      "colab_count": 1
    },
    {
      "source": "Lin-Manuel Miranda",
      "target": "Christopher Jackson",
      "colab_count": 1
    },
    {
      "source": "Lin-Manuel Miranda",
      "target": "Janet Dacal",
      "colab_count": 1
    },
    {
      "source": "Lin-Manuel Miranda",
      "target": "Robin de Jesus",
      "colab_count": 1
    },
    {
      "source": "Lin-Manuel Miranda",
      "target": "Seth Stewart",
      "colab_count": 1
    },
    {
      "source": "Luis Fonsi",
      "target": "Aleks Syntek",
      "colab_count": 1
    },
    {
      "source": "Luis Fonsi",
      "target": "David Bisbal",
      "colab_count": 1
    },
    {
      "source": "Luis Fonsi",
      "target": "Noel Schajris",
      "colab_count": 1
    },
    {
      "source": "South Park Mexican",
      "target": "Baby Bash",
      "colab_count": 1
    },
    {
      "source": "South Park Mexican",
      "target": "Carolyn Rodriguez",
      "colab_count": 1
    },
    {
      "source": "South Park Mexican",
      "target": "Juan Gotti",
      "colab_count": 1
    },
    {
      "source": "South Park Mexican",
      "target": "Low G",
      "colab_count": 1
    },
    {
      "source": "South Park Mexican",
      "target": "Lucky Luciano",
      "colab_count": 1
    },
    {
      "source": "South Park Mexican",
      "target": "Nelly",
      "colab_count": 1
    },
    {
      "source": "South Park Mexican",
      "target": "Rasheed",
      "colab_count": 1
    },
    {
      "source": "Three 6 Mafia",
      "target": "Project Pat",
      "colab_count": 1
    },
    {
      "source": "Three 6 Mafia",
      "target": "Superpower",
      "colab_count": 1
    },
    {
      "source": "Three 6 Mafia",
      "target": "Young-D",
      "colab_count": 1
    },
    {
      "source": "Vishal-Shekhar",
      "target": "Shankar Mahadevan",
      "colab_count": 1
    },
    {
      "source": "Vishal-Shekhar",
      "target": "Sunidhi Chauhan",
      "colab_count": 1
    },
    {
      "source": "Vishal-Shekhar",
      "target": "Vishal Dadlani",
      "colab_count": 1
    }
  ]
}