{
  "nodes": [
    {
      "id": "Aaron Copland",
      "group": 3,
      "song_count": 3
    },
    {
      "id": "Al Chernet",
      "group": 1,
      "song_count": 1
    },
    {
      "id": "Al Jacobs",
      "group": 3,
      "song_count": 3
    },
    {
      "id": "Alexander Borodin",
      "group": 3,
      "song_count": 3
    },
    {
      "id": "Andrew Hill",
      "group": 1,
      "song_count": 1
    },
    {
      "id": "Ann-Margret",
      "group": 6,
      "song_count": 6
    },
    {
      "id": "Anton Rubinstein",
      "group": 6,
      "song_count": 6
    },
    {
      "id": "Benjamin Britten",
      "group": 4,
      "song_count": 4
    },
    {
      "id": "Berliner Philharmoniker",
      "group": 2,
      "song_count": 2
    },
    {
      "id": "Bob B. Soxx & The Blue Jeans",
      "group": 1,
      "song_count": 1
    },
    {
      "id": "Bob Cranshaw",
      "group": 2,
      "song_count": 2
    },
    {
      "id": "Bobby Butler",
      "group": 7,
      "song_count": 7
    },
    {
      "id": "Bobby Rydell",
      "group": 1,
      "song_count": 1
    },
    {
      "id": "Bryan Russell",
      "group": 2,
      "song_count": 2
    },
    {
      "id": "Carmell Jones",
      "group": 1,
      "song_count": 1
    },
    {
      "id": "Charlie Mariano",
      "group": 2,
      "song_count": 2
    },
    {
      "id": "Clark Terry",
      "group": 2,
      "song_count": 2
    },
    {
      "id": "Claude Debussy",
      "group": 3,
      "song_count": 3
    },
    {
      "id": "Columbia Symphony Orchestra",
      "group": 10,
      "song_count": 16
    },
    {
      "id": "Darlene Love",
      "group": 1,
      "song_count": 1
    },
    {
      "id": "David Shaw",
      "group": 1,
      "song_count": 1
    },
    {
      "id": "Dick Van Dyke",
      "group": 2,
      "song_count": 2
    },
    {
      "id": "Don Raye",
      "group": 1,
      "song_count": 1
    },
    {
      "id": "Edmund Gruber",
      "group": 3,
      "song_count": 3
    },
    {
      "id": "Elisabeth Schwarzkopf",
      "group": 1,
      "song_count": 1
    },
    {
      "id": "Elvin Jones",
      "group": 1,
      "song_count": 1
    },
    {
      "id": "Erik Satie",
      "group": 3,
      "song_count": 3
    },
    {
      "id": "Eugene Ormandy",
      "group": 7,
      "song_count": 7
    },
    {
      "id": "Frank Brieff",
      "group": 4,
      "song_count": 4
    },
    {
      "id": "Franz Liszt Chamber Orchestra",
      "group": 1,
      "song_count": 1
    },
    {
      "id": "Fritz Kreisler",
      "group": 5,
      "song_count": 5
    },
    {
      "id": "Galina Vishnevskaya",
      "group": 1,
      "song_count": 1
    },
    {
      "id": "George Frideric Handel",
      "group": 3,
      "song_count": 3
    },
    {
      "id": "George M. Cohan",
      "group": 3,
      "song_count": 3
    },
    {
      "id": "George Tucker",
      "group": 1,
      "song_count": 1
    },
    {
      "id": "Giacomo Puccini",
      "group": 4,
      "song_count": 4
    },
    {
      "id": "Giuseppe Taddei",
      "group": 1,
      "song_count": 1
    },
    {
      "id": "Gundula Janowitz",
      "group": 1,
      "song_count": 1
    },
    {
      "id": "Harold Land",
      "group": 1,
      "song_count": 1
    },
    {
      "id": "Herbert von Karajan",
      "group": 2,
      "song_count": 2
    },
    {
      "id": "Irving Berlin",
      "group": 6,
      "song_count": 6
    },
    {
      "id": "Isaac Stern",
      "group": 10,
      "song_count": 12
    },
    {
      "id": "James Ramsey Murray",
      "group": 4,
      "song_count": 4
    },
    {
      "id": "Janet Leigh",
      "group": 1,
      "song_count": 1
    },
    {
      "id": "Jerold D. Ottley",
      "group": 5,
      "song_count": 5
    },
    {
      "id": "Jimmy Woods",
      "group": 1,
      "song_count": 1
    },
    {
      "id": "Jimmy Woods Sextet",
      "group": 6,
      "song_count": 6
    },
    {
      "id": "Johannes Brahms",
      "group": 3,
      "song_count": 3
    },
    {
      "id": "John Stafford Smith",
      "group": 4,
      "song_count": 4
    },
    {
      "id": "Johnny Hernandez",
      "group": 7,
      "song_count": 7
    },
    {
      "id": "Jose Maria De Leon Hernandez",
      "group": 7,
      "song_count": 7
    },
    {
      "id": "Leonard Bernstein",
      "group": 1,
      "song_count": 1
    },
    {
      "id": "Leontyne Price",
      "group": 1,
      "song_count": 1
    },
    {
      "id": "Little Joe",
      "group": 10,
      "song_count": 28
    },
    {
      "id": "London Symphony Chorus",
      "group": 1,
      "song_count": 1
    },
    {
      "id": "London Symphony Orchestra",
      "group": 2,
      "song_count": 2
    },
    {
      "id": "Lorin Maazel",
      "group": 1,
      "song_count": 1
    },
    {
      "id": "Ludwig van Beethoven",
      "group": 6,
      "song_count": 6
    },
    {
      "id": "Mary La Roche",
      "group": 1,
      "song_count": 1
    },
    {
      "id": "Maureen Stapleton",
      "group": 1,
      "song_count": 1
    },
    {
      "id": "McCoy Tyner",
      "group": 8,
      "song_count": 8
    },
    {
      "id": "Mickey Roker",
      "group": 2,
      "song_count": 2
    },
    {
      "id": "Milton Katims",
      "group": 7,
      "song_count": 7
    },
    {
      "id": "Mormon Tabernacle Choir",
      "group": 10,
      "song_count": 12
    },
    {
      "id": "New York Philharmonic",
      "group": 1,
      "song_count": 1
    },
    {
      "id": "Nikolai Rimsky-Korsakov",
      "group": 3,
      "song_count": 3
    },
    {
      "id": "Paul Lynde",
      "group": 4,
      "song_count": 4
    },
    {
      "id": "Phil Spector",
      "group": 4,
      "song_count": 4
    },
    {
      "id": "Philadelphia Orchestra",
      "group": 7,
      "song_count": 7
    },
    {
      "id": "Philharmonia Orchestra",
      "group": 2,
      "song_count": 2
    },
    {
      "id": "Pyotr Ilyich Tchaikovsky",
      "group": 6,
      "song_count": 6
    },
    {
      "id": "Rafael Kubelik",
      "group": 1,
      "song_count": 1
    },
    {
      "id": "Richard P. Condie",
      "group": 3,
      "song_count": 3
    },
    {
      "id": "Robert Arnold",
      "group": 1,
      "song_count": 1
    },
    {
      "id": "Robert Shaw",
      "group": 2,
      "song_count": 2
    },
    {
      "id": "Robert Shaw Chorale",
      "group": 2,
      "song_count": 2
    },
    {
      "id": "Samuel A. Ward",
      "group": 9,
      "song_count": 9
    },
    {
      "id": "Stephen Foster",
      "group": 3,
      "song_count": 3
    },
    {
      "id": "The Bach Choir",
      "group": 1,
      "song_count": 1
    },
    {
      "id": "The Crystals",
      "group": 1,
      "song_count": 1
    },
    {
      "id": "The Latinaires",
      "group": 7,
      "song_count": 7
    },
    {
      "id": "The Ronettes",
      "group": 1,
      "song_count": 1
    },
    {
      "id": "Thomas Becket",
      "group": 4,
      "song_count": 4
    },
    {
      "id": "Traditional",
      "group": 10,
      "song_count": 13
    },
    {
      "id": "Vladimir Ashkenazy",
      "group": 1,
      "song_count": 1
    },
    {
      "id": "Waldemar Kmentt",
      "group": 1,
      "song_count": 1
    },
    {
      "id": "Walter Berry",
      "group": 1,
      "song_count": 1
    },
    {
      "id": "Wiener Philharmoniker",
      "group": 1,
      "song_count": 1
    },
    {
      "id": "Wiener Singverein",
      "group": 1,
      "song_count": 1
    },
    {
      "id": "Wolfgang Amadeus Mozart",
      "group": 2,
      "song_count": 2
    },
    {
      "id": "Wolfgang Meyer",
      "group": 1,
      "song_count": 1
    },
    {
      "id": "Woody Guthrie",
      "group": 3,
      "song_count": 3
    }
  ],
  "links": [
    {
      "source": "Aaron Copland",
      "target": "Columbia Symphony Orchestra",
      "colab_count": 1
    },
    {
      "source": "Aaron Copland",
      "target": "Isaac Stern",
      "colab_count": 1
    },
    {
      "source": "Aaron Copland",
      "target": "Milton Katims",
      "colab_count": 1
    },
    {
      "source": "Al Jacobs",
      "target": "Don Raye",
      "colab_count": 1
    },
    {
      "source": "Al Jacobs",
      "target": "Eugene Ormandy",
      "colab_count": 1
    },
    {
      "source": "Al Jacobs",
      "target": "Mormon Tabernacle Choir",
      "colab_count": 1
    },
    {
      "source": "Alexander Borodin",
      "target": "Columbia Symphony Orchestra",
      "colab_count": 1
    },
    {
      "source": "Alexander Borodin",
      "target": "Frank Brieff",
      "colab_count": 1
    },
    {
      "source": "Alexander Borodin",
      "target": "Isaac Stern",
      "colab_count": 1
    },
    {
      "source": "Ann-Margret",
      "target": "Bobby Rydell",
      "colab_count": 1
    },
    {
      "source": "Ann-Margret",
      "target": "Bryan Russell",
      "colab_count": 1
    },
    {
      "source": "Ann-Margret",
      "target": "Dick Van Dyke",
      "colab_count": 1
    },
    {
      "source": "Ann-Margret",
      "target": "Janet Leigh",
      "colab_count": 1
    },
    {
      "source": "Ann-Margret",
      "target": "Mary La Roche",
      "colab_count": 1
    },
    {
      "source": "Ann-Margret",
      "target": "Paul Lynde",
      "colab_count": 1
    },
    {
      "source": "Anton Rubinstein",
      "target": "Columbia Symphony Orchestra",
      "colab_count": 2
    },
    {
      "source": "Anton Rubinstein",
      "target": "Frank Brieff",
      "colab_count": 2
    },
    {
      "source": "Anton Rubinstein",
      "target": "Isaac Stern",
      "colab_count": 2
    },
    {
      "source": "Benjamin Britten",
      "target": "Galina Vishnevskaya",
      "colab_count": 1
    },
    {
      "source": "Benjamin Britten",
      "target": "London Symphony Chorus",
      "colab_count": 1
    },
    {
      "source": "Benjamin Britten",
      "target": "London Symphony Orchestra",
      "colab_count": 1
    },
    {
      "source": "Benjamin Britten",
      "target": "The Bach Choir",
      "colab_count": 1
    },
    {
      "source": "Claude Debussy",
      "target": "Eugene Ormandy",
      "colab_count": 1
    },
    {
      "source": "Claude Debussy",
      "target": "Philadelphia Orchestra",
      "colab_count": 1
    },
    {
      "source": "Claude Debussy",
      "target": "Philharmonia Orchestra",
      "colab_count": 1
    },
    {
      "source": "Edmund Gruber",
      "target": "Columbia Symphony Orchestra",
      "colab_count": 1
    },
    {
      "source": "Edmund Gruber",
      "target": "Jerold D. Ottley",
      "colab_count": 1
    },
    {
      "source": "Edmund Gruber",
      "target": "Mormon Tabernacle Choir",
      "colab_count": 1
    },
    {
      "source": "Erik Satie",
      "target": "Columbia Symphony Orchestra",
      "colab_count": 1
    },
    {
      "source": "Erik Satie",
      "target": "Frank Brieff",
      "colab_count": 1
    },
    {
      "source": "Erik Satie",
      "target": "Isaac Stern",
      "colab_count": 1
    },
    {
      "source": "Fritz Kreisler",
      "target": "Columbia Symphony Orchestra",
      "colab_count": 1
    },
    {
      "source": "Fritz Kreisler",
      "target": "Franz Liszt Chamber Orchestra",
      "colab_count": 1
    },
    {
      "source": "Fritz Kreisler",
      "target": "Isaac Stern",
      "colab_count": 2
    },
    {
      "source": "Fritz Kreisler",
      "target": "Milton Katims",
      "colab_count": 1
    },
    {
      "source": "George Frideric Handel",
      "target": "Berliner Philharmoniker",
      "colab_count": 1
    },
    {
      "source": "George Frideric Handel",
      "target": "Rafael Kubelik",
      "colab_count": 1
    },
    {
      "source": "George Frideric Handel",
      "target": "Wolfgang Meyer",
      "colab_count": 1
    },
    {
      "source": "George M. Cohan",
      "target": "Columbia Symphony Orchestra",
      "colab_count": 1
    },
    {
      "source": "George M. Cohan",
      "target": "Jerold D. Ottley",
      "colab_count": 1
    },
    {
      "source": "George M. Cohan",
      "target": "Mormon Tabernacle Choir",
      "colab_count": 1
    },
    {
      "source": "Giacomo Puccini",
      "target": "Giuseppe Taddei",
      "colab_count": 1
    },
    {
      "source": "Giacomo Puccini",
      "target": "Herbert von Karajan",
      "colab_count": 1
    },
    {
      "source": "Giacomo Puccini",
      "target": "Leontyne Price",
      "colab_count": 1
    },
    {
      "source": "Giacomo Puccini",
      "target": "Wiener Philharmoniker",
      "colab_count": 1
    },
    {
      "source": "Irving Berlin",
      "target": "Columbia Symphony Orchestra",
      "colab_count": 1
    },
    {
      "source": "Irving Berlin",
      "target": "Eugene Ormandy",
      "colab_count": 1
    },
    {
      "source": "Irving Berlin",
      "target": "Jerold D. Ottley",
      "colab_count": 1
    },
    {
      "source": "Irving Berlin",
      "target": "Mormon Tabernacle Choir",
      "colab_count": 2
    },
    {
      "source": "Irving Berlin",
      "target": "Philadelphia Orchestra",
      "colab_count": 1
    },
    {
      "source": "James Ramsey Murray",
      "target": "Leonard Bernstein",
      "colab_count": 1
    },
    {
      "source": "James Ramsey Murray",
      "target": "New York Philharmonic",
      "colab_count": 1
    },
    {
      "source": "James Ramsey Murray",
      "target": "Richard P. Condie",
      "colab_count": 1
    },
    {
      "source": "James Ramsey Murray",
      "target": "Traditional",
      "colab_count": 1
    },
    {
      "source": "Jimmy Woods Sextet",
      "target": "Andrew Hill",
      "colab_count": 1
    },
    {
      "source": "Jimmy Woods Sextet",
      "target": "Carmell Jones",
      "colab_count": 1
    },
    {
      "source": "Jimmy Woods Sextet",
      "target": "Elvin Jones",
      "colab_count": 1
    },
    {
      "source": "Jimmy Woods Sextet",
      "target": "George Tucker",
      "colab_count": 1
    },
    {
      "source": "Jimmy Woods Sextet",
      "target": "Harold Land",
      "colab_count": 1
    },
    {
      "source": "Jimmy Woods Sextet",
      "target": "Jimmy Woods",
      "colab_count": 1
    },
    {
      "source": "Johannes Brahms",
      "target": "Columbia Symphony Orchestra",
      "colab_count": 1
    },
    {
      "source": "Johannes Brahms",
      "target": "Isaac Stern",
      "colab_count": 1
    },
    {
      "source": "Johannes Brahms",
      "target": "Milton Katims",
      "colab_count": 1
    },
    {
      "source": "John Stafford Smith",
      "target": "Eugene Ormandy",
      "colab_count": 1
    },
    {
      "source": "John Stafford Smith",
      "target": "Mormon Tabernacle Choir",
      "colab_count": 1
    },
    {
      "source": "John Stafford Smith",
      "target": "Philadelphia Orchestra",
      "colab_count": 1
    },
    {
      "source": "John Stafford Smith",
      "target": "Richard P. Condie",
      "colab_count": 1
    },
    {
      "source": "Little Joe",
      "target": "Bobby Butler",
      "colab_count": 7
    },
    {
      "source": "Little Joe",
      "target": "Johnny Hernandez",
      "colab_count": 7
    },
    {
      "source": "Little Joe",
      "target": "Jose Maria De Leon Hernandez",
      "colab_count": 7
    },
    {
      "source": "Little Joe",
      "target": "The Latinaires",
      "colab_count": 7
    },
    {
      "source": "Ludwig van Beethoven",
      "target": "Berliner Philharmoniker",
      "colab_count": 1
    },
    {
      "source": "Ludwig van Beethoven",
      "target": "Gundula Janowitz",
      "colab_count": 1
    },
    {
      "source": "Ludwig van Beethoven",
      "target": "Herbert von Karajan",
      "colab_count": 1
    },
    {
      "source": "Ludwig van Beethoven",
      "target": "Waldemar Kmentt",
      "colab_count": 1
    },
    {
      "source": "Ludwig van Beethoven",
      "target": "Walter Berry",
      "colab_count": 1
    },
    {
      "source": "Ludwig van Beethoven",
      "target": "Wiener Singverein",
      "colab_count": 1
    },
    {
      "source": "McCoy Tyner",
      "target": "Bob Cranshaw",
      "colab_count": 2
    },
    {
      "source": "McCoy Tyner",
      "target": "Charlie Mariano",
      "colab_count": 2
    },
    {
      "source": "McCoy Tyner",
      "target": "Clark Terry",
      "colab_count": 2
    },
    {
      "source": "McCoy Tyner",
      "target": "Mickey Roker",
      "colab_count": 2
    },
    {
      "source": "Nikolai Rimsky-Korsakov",
      "target": "Columbia Symphony Orchestra",
      "colab_count": 1
    },
    {
      "source": "Nikolai Rimsky-Korsakov",
      "target": "Isaac Stern",
      "colab_count": 1
    },
    {
      "source": "Nikolai Rimsky-Korsakov",
      "target": "Milton Katims",
      "colab_count": 1
    },
    {
      "source": "Paul Lynde",
      "target": "Bryan Russell",
      "colab_count": 1
    },
    {
      "source": "Paul Lynde",
      "target": "Dick Van Dyke",
      "colab_count": 1
    },
    {
      "source": "Paul Lynde",
      "target": "Maureen Stapleton",
      "colab_count": 1
    },
    {
      "source": "Phil Spector",
      "target": "Bob B. Soxx & The Blue Jeans",
      "colab_count": 1
    },
    {
      "source": "Phil Spector",
      "target": "Darlene Love",
      "colab_count": 1
    },
    {
      "source": "Phil Spector",
      "target": "The Crystals",
      "colab_count": 1
    },
    {
      "source": "Phil Spector",
      "target": "The Ronettes",
      "colab_count": 1
    },
    {
      "source": "Pyotr Ilyich Tchaikovsky",
      "target": "Columbia Symphony Orchestra",
      "colab_count": 1
    },
    {
      "source": "Pyotr Ilyich Tchaikovsky",
      "target": "Isaac Stern",
      "colab_count": 1
    },
    {
      "source": "Pyotr Ilyich Tchaikovsky",
      "target": "London Symphony Orchestra",
      "colab_count": 1
    },
    {
      "source": "Pyotr Ilyich Tchaikovsky",
      "target": "Lorin Maazel",
      "colab_count": 1
    },
    {
      "source": "Pyotr Ilyich Tchaikovsky",
      "target": "Milton Katims",
      "colab_count": 1
    },
    {
      "source": "Pyotr Ilyich Tchaikovsky",
      "target": "Vladimir Ashkenazy",
      "colab_count": 1
    },
    {
      "source": "Samuel A. Ward",
      "target": "Columbia Symphony Orchestra",
      "colab_count": 2
    },
    {
      "source": "Samuel A. Ward",
      "target": "Eugene Ormandy",
      "colab_count": 1
    },
    {
      "source": "Samuel A. Ward",
      "target": "Jerold D. Ottley",
      "colab_count": 2
    },
    {
      "source": "Samuel A. Ward",
      "target": "Mormon Tabernacle Choir",
      "colab_count": 3
    },
    {
      "source": "Samuel A. Ward",
      "target": "Philadelphia Orchestra",
      "colab_count": 1
    },
    {
      "source": "Stephen Foster",
      "target": "Columbia Symphony Orchestra",
      "colab_count": 1
    },
    {
      "source": "Stephen Foster",
      "target": "Isaac Stern",
      "colab_count": 1
    },
    {
      "source": "Stephen Foster",
      "target": "Milton Katims",
      "colab_count": 1
    },
    {
      "source": "Thomas Becket",
      "target": "David Shaw",
      "colab_count": 1
    },
    {
      "source": "Thomas Becket",
      "target": "Eugene Ormandy",
      "colab_count": 1
    },
    {
      "source": "Thomas Becket",
      "target": "Mormon Tabernacle Choir",
      "colab_count": 1
    },
    {
      "source": "Thomas Becket",
      "target": "Philadelphia Orchestra",
      "colab_count": 1
    },
    {
      "source": "Traditional",
      "target": "Al Chernet",
      "colab_count": 1
    },
    {
      "source": "Traditional",
      "target": "Columbia Symphony Orchestra",
      "colab_count": 1
    },
    {
      "source": "Traditional",
      "target": "Isaac Stern",
      "colab_count": 1
    },
    {
      "source": "Traditional",
      "target": "Milton Katims",
      "colab_count": 1
    },
    {
      "source": "Traditional",
      "target": "Mormon Tabernacle Choir",
      "colab_count": 1
    },
    {
      "source": "Traditional",
      "target": "Philadelphia Orchestra",
      "colab_count": 1
    },
    {
      "source": "Traditional",
      "target": "Richard P. Condie",
      "colab_count": 1
    },
    {
      "source": "Traditional",
      "target": "Robert Arnold",
      "colab_count": 1
    },
    {
      "source": "Traditional",
      "target": "Robert Shaw",
      "colab_count": 2
    },
    {
      "source": "Traditional",
      "target": "Robert Shaw Chorale",
      "colab_count": 2
    },
    {
      "source": "Wolfgang Amadeus Mozart",
      "target": "Elisabeth Schwarzkopf",
      "colab_count": 1
    },
    {
      "source": "Wolfgang Amadeus Mozart",
      "target": "Philharmonia Orchestra",
      "colab_count": 1
    },
    {
      "source": "Woody Guthrie",
      "target": "Eugene Ormandy",
      "colab_count": 1
    },
    {
      "source": "Woody Guthrie",
      "target": "Mormon Tabernacle Choir",
      "colab_count": 1
    },
    {
      "source": "Woody Guthrie",
      "target": "Philadelphia Orchestra",
      "colab_count": 1
    }
  ]
}