{
  "nodes": [
    {
      "id": "8Ball",
      "group": 4,
      "song_count": 4
    },
    {
      "id": "Academy of Ancient Music",
      "group": 1,
      "song_count": 1
    },
    {
      "id": "Ali",
      "group": 2,
      "song_count": 2
    },
    {
      "id": "Alison Krauss",
      "group": 1,
      "song_count": 1
    },
    {
      "id": "Antonio Vivaldi",
      "group": 3,
      "song_count": 3
    },
    {
      "id": "Ashanti",
      "group": 1,
      "song_count": 1
    },
    {
      "id": "Beanie Sigel",
      "group": 1,
      "song_count": 1
    },
    {
      "id": "Big Boi",
      "group": 1,
      "song_count": 1
    },
    {
      "id": "Big C",
      "group": 1,
      "song_count": 1
    },
    {
      "id": "Black Thought",
      "group": 1,
      "song_count": 1
    },
    {
      "id": "Bow Wow",
      "group": 3,
      "song_count": 3
    },
    {
      "id": "Brandon Casey",
      "group": 1,
      "song_count": 1
    },
    {
      "id": "Brian Casey",
      "group": 1,
      "song_count": 1
    },
    {
      "id": "Bryan-Michael Cox",
      "group": 1,
      "song_count": 1
    },
    {
      "id": "Bun B",
      "group": 1,
      "song_count": 1
    },
    {
      "id": "Carrie Fletcher",
      "group": 1,
      "song_count": 1
    },
    {
      "id": "Catherine Zeta-Jones",
      "group": 6,
      "song_count": 6
    },
    {
      "id": "Charli Baltimore",
      "group": 3,
      "song_count": 3
    },
    {
      "id": "Choir of King's College, Cambridge",
      "group": 1,
      "song_count": 1
    },
    {
      "id": "Christine Baranski",
      "group": 4,
      "song_count": 4
    },
    {
      "id": "City of London Sinfonia",
      "group": 1,
      "song_count": 1
    },
    {
      "id": "Cleve Asbury",
      "group": 1,
      "song_count": 1
    },
    {
      "id": "DJ Babu",
      "group": 1,
      "song_count": 1
    },
    {
      "id": "Deidre Goodwin",
      "group": 1,
      "song_count": 1
    },
    {
      "id": "Denise Faye",
      "group": 1,
      "song_count": 1
    },
    {
      "id": "Diddy",
      "group": 6,
      "song_count": 6
    },
    {
      "id": "Disney Studio Chorus",
      "group": 1,
      "song_count": 1
    },
    {
      "id": "Disturbing Tha Peace",
      "group": 3,
      "song_count": 3
    },
    {
      "id": "Doc Watson",
      "group": 1,
      "song_count": 1
    },
    {
      "id": "Donald Duck",
      "group": 1,
      "song_count": 1
    },
    {
      "id": "Dr. Dre",
      "group": 1,
      "song_count": 1
    },
    {
      "id": "E-40",
      "group": 1,
      "song_count": 1
    },
    {
      "id": "Ekaterina Chtchelkanova",
      "group": 1,
      "song_count": 1
    },
    {
      "id": "Emma Williams",
      "group": 1,
      "song_count": 1
    },
    {
      "id": "Evidence",
      "group": 1,
      "song_count": 1
    },
    {
      "id": "Fabolous",
      "group": 1,
      "song_count": 1
    },
    {
      "id": "Fat Joe",
      "group": 1,
      "song_count": 1
    },
    {
      "id": "Franz Xaver Gruber",
      "group": 3,
      "song_count": 3
    },
    {
      "id": "Freeway",
      "group": 3,
      "song_count": 3
    },
    {
      "id": "Fundisha",
      "group": 1,
      "song_count": 1
    },
    {
      "id": "George Gillies",
      "group": 1,
      "song_count": 1
    },
    {
      "id": "Ginuwine",
      "group": 1,
      "song_count": 1
    },
    {
      "id": "Goofy",
      "group": 1,
      "song_count": 1
    },
    {
      "id": "I-20",
      "group": 1,
      "song_count": 1
    },
    {
      "id": "JAY-Z",
      "group": 6,
      "song_count": 6
    },
    {
      "id": "Ja Rule",
      "group": 1,
      "song_count": 1
    },
    {
      "id": "Jeremy Harding",
      "group": 1,
      "song_count": 1
    },
    {
      "id": "Jermaine Dupri",
      "group": 4,
      "song_count": 4
    },
    {
      "id": "John Rutter",
      "group": 1,
      "song_count": 1
    },
    {
      "id": "Killer Mike",
      "group": 1,
      "song_count": 1
    },
    {
      "id": "Kyjuan",
      "group": 2,
      "song_count": 2
    },
    {
      "id": "Lil Bing",
      "group": 1,
      "song_count": 1
    },
    {
      "id": "Lil Jon & The East Side Boyz",
      "group": 2,
      "song_count": 2
    },
    {
      "id": "Lil Villian",
      "group": 1,
      "song_count": 1
    },
    {
      "id": "Linkin Park",
      "group": 6,
      "song_count": 6
    },
    {
      "id": "Liz English",
      "group": 1,
      "song_count": 1
    },
    {
      "id": "Loon",
      "group": 1,
      "song_count": 1
    },
    {
      "id": "Lord Loco",
      "group": 1,
      "song_count": 1
    },
    {
      "id": "Ludacris",
      "group": 1,
      "song_count": 1
    },
    {
      "id": "Mario Winans",
      "group": 1,
      "song_count": 1
    },
    {
      "id": "Michael Ball",
      "group": 1,
      "song_count": 1
    },
    {
      "id": "Mickey Mouse",
      "group": 3,
      "song_count": 3
    },
    {
      "id": "Missy Elliott",
      "group": 1,
      "song_count": 1
    },
    {
      "id": "Mr. Cheeks",
      "group": 3,
      "song_count": 3
    },
    {
      "id": "Murphy Lee",
      "group": 4,
      "song_count": 4
    },
    {
      "id": "Murray Elias",
      "group": 1,
      "song_count": 1
    },
    {
      "id": "Mya Harrison",
      "group": 1,
      "song_count": 1
    },
    {
      "id": "Mystikal",
      "group": 2,
      "song_count": 2
    },
    {
      "id": "Nelly",
      "group": 7,
      "song_count": 7
    },
    {
      "id": "Nitty Gritty Dirt Band",
      "group": 3,
      "song_count": 3
    },
    {
      "id": "Nivea",
      "group": 4,
      "song_count": 4
    },
    {
      "id": "Oobie",
      "group": 3,
      "song_count": 3
    },
    {
      "id": "Petey Pablo",
      "group": 2,
      "song_count": 2
    },
    {
      "id": "Pharoahe Monch",
      "group": 1,
      "song_count": 1
    },
    {
      "id": "Phil Harris",
      "group": 1,
      "song_count": 1
    },
    {
      "id": "Rakim",
      "group": 1,
      "song_count": 1
    },
    {
      "id": "Richard M. Sherman",
      "group": 6,
      "song_count": 6
    },
    {
      "id": "Rick Negron",
      "group": 1,
      "song_count": 1
    },
    {
      "id": "Robert B. Sherman",
      "group": 1,
      "song_count": 1
    },
    {
      "id": "Robert Scott",
      "group": 1,
      "song_count": 1
    },
    {
      "id": "Roc Raida",
      "group": 1,
      "song_count": 1
    },
    {
      "id": "Sasha",
      "group": 1,
      "song_count": 1
    },
    {
      "id": "Scatman Crothers",
      "group": 3,
      "song_count": 3
    },
    {
      "id": "Screwston",
      "group": 4,
      "song_count": 4
    },
    {
      "id": "Sean C",
      "group": 1,
      "song_count": 1
    },
    {
      "id": "Sean Paul",
      "group": 3,
      "song_count": 3
    },
    {
      "id": "Shaun Amyot",
      "group": 1,
      "song_count": 1
    },
    {
      "id": "Snoop Dogg",
      "group": 1,
      "song_count": 1
    },
    {
      "id": "Stephen Cleobury",
      "group": 1,
      "song_count": 1
    },
    {
      "id": "Susan Misner",
      "group": 1,
      "song_count": 1
    },
    {
      "id": "Taj Mahal",
      "group": 1,
      "song_count": 1
    },
    {
      "id": "Tammy Ruggieri",
      "group": 1,
      "song_count": 1
    },
    {
      "id": "Taye Diggs",
      "group": 2,
      "song_count": 2
    },
    {
      "id": "The Cambridge Singers",
      "group": 1,
      "song_count": 1
    },
    {
      "id": "Thurl Ravenscroft",
      "group": 1,
      "song_count": 1
    },
    {
      "id": "Trick Daddy",
      "group": 1,
      "song_count": 1
    },
    {
      "id": "Truth Hurts",
      "group": 1,
      "song_count": 1
    },
    {
      "id": "Twista",
      "group": 1,
      "song_count": 1
    },
    {
      "id": "Vita",
      "group": 1,
      "song_count": 1
    }
  ],
  "links": [
    {
      "source": "8Ball",
      "target": "Bun B",
      "colab_count": 1
    },
    {
      "source": "8Ball",
      "target": "E-40",
      "colab_count": 1
    },
    {
      "source": "8Ball",
      "target": "Lil Jon & The East Side Boyz",
      "colab_count": 1
    },
    {
      "source": "8Ball",
      "target": "Petey Pablo",
      "colab_count": 1
    },
    {
      "source": "Antonio Vivaldi",
      "target": "Academy of Ancient Music",
      "colab_count": 1
    },
    {
      "source": "Antonio Vivaldi",
      "target": "Choir of King's College, Cambridge",
      "colab_count": 1
    },
    {
      "source": "Antonio Vivaldi",
      "target": "Stephen Cleobury",
      "colab_count": 1
    },
    {
      "source": "Bow Wow",
      "target": "Fabolous",
      "colab_count": 1
    },
    {
      "source": "Bow Wow",
      "target": "Fundisha",
      "colab_count": 1
    },
    {
      "source": "Bow Wow",
      "target": "Jermaine Dupri",
      "colab_count": 1
    },
    {
      "source": "Catherine Zeta-Jones",
      "target": "Deidre Goodwin",
      "colab_count": 1
    },
    {
      "source": "Catherine Zeta-Jones",
      "target": "Denise Faye",
      "colab_count": 1
    },
    {
      "source": "Catherine Zeta-Jones",
      "target": "Ekaterina Chtchelkanova",
      "colab_count": 1
    },
    {
      "source": "Catherine Zeta-Jones",
      "target": "Mya Harrison",
      "colab_count": 1
    },
    {
      "source": "Catherine Zeta-Jones",
      "target": "Susan Misner",
      "colab_count": 1
    },
    {
      "source": "Catherine Zeta-Jones",
      "target": "Taye Diggs",
      "colab_count": 1
    },
    {
      "source": "Charli Baltimore",
      "target": "Ashanti",
      "colab_count": 1
    },
    {
      "source": "Charli Baltimore",
      "target": "Ja Rule",
      "colab_count": 1
    },
    {
      "source": "Charli Baltimore",
      "target": "Vita",
      "colab_count": 1
    },
    {
      "source": "Christine Baranski",
      "target": "Cleve Asbury",
      "colab_count": 1
    },
    {
      "source": "Christine Baranski",
      "target": "Rick Negron",
      "colab_count": 1
    },
    {
      "source": "Christine Baranski",
      "target": "Shaun Amyot",
      "colab_count": 1
    },
    {
      "source": "Christine Baranski",
      "target": "Taye Diggs",
      "colab_count": 1
    },
    {
      "source": "Diddy",
      "target": "Ginuwine",
      "colab_count": 1
    },
    {
      "source": "Diddy",
      "target": "Loon",
      "colab_count": 1
    },
    {
      "source": "Diddy",
      "target": "Mario Winans",
      "colab_count": 1
    },
    {
      "source": "Diddy",
      "target": "Tammy Ruggieri",
      "colab_count": 1
    },
    {
      "source": "Disturbing Tha Peace",
      "target": "I-20",
      "colab_count": 1
    },
    {
      "source": "Disturbing Tha Peace",
      "target": "Ludacris",
      "colab_count": 1
    },
    {
      "source": "Disturbing Tha Peace",
      "target": "Mystikal",
      "colab_count": 1
    },
    {
      "source": "Franz Xaver Gruber",
      "target": "City of London Sinfonia",
      "colab_count": 1
    },
    {
      "source": "Franz Xaver Gruber",
      "target": "John Rutter",
      "colab_count": 1
    },
    {
      "source": "Franz Xaver Gruber",
      "target": "The Cambridge Singers",
      "colab_count": 1
    },
    {
      "source": "Freeway",
      "target": "Beanie Sigel",
      "colab_count": 1
    },
    {
      "source": "Freeway",
      "target": "Murphy Lee",
      "colab_count": 1
    },
    {
      "source": "Freeway",
      "target": "Nelly",
      "colab_count": 1
    },
    {
      "source": "JAY-Z",
      "target": "Big Boi",
      "colab_count": 1
    },
    {
      "source": "JAY-Z",
      "target": "Dr. Dre",
      "colab_count": 1
    },
    {
      "source": "JAY-Z",
      "target": "Killer Mike",
      "colab_count": 1
    },
    {
      "source": "JAY-Z",
      "target": "Rakim",
      "colab_count": 1
    },
    {
      "source": "JAY-Z",
      "target": "Truth Hurts",
      "colab_count": 1
    },
    {
      "source": "JAY-Z",
      "target": "Twista",
      "colab_count": 1
    },
    {
      "source": "Jermaine Dupri",
      "target": "Diddy",
      "colab_count": 1
    },
    {
      "source": "Jermaine Dupri",
      "target": "Murphy Lee",
      "colab_count": 1
    },
    {
      "source": "Jermaine Dupri",
      "target": "Snoop Dogg",
      "colab_count": 1
    },
    {
      "source": "Linkin Park",
      "target": "Black Thought",
      "colab_count": 1
    },
    {
      "source": "Linkin Park",
      "target": "DJ Babu",
      "colab_count": 1
    },
    {
      "source": "Linkin Park",
      "target": "Evidence",
      "colab_count": 1
    },
    {
      "source": "Linkin Park",
      "target": "Pharoahe Monch",
      "colab_count": 1
    },
    {
      "source": "Linkin Park",
      "target": "Roc Raida",
      "colab_count": 1
    },
    {
      "source": "Linkin Park",
      "target": "Sean C",
      "colab_count": 1
    },
    {
      "source": "Mickey Mouse",
      "target": "Disney Studio Chorus",
      "colab_count": 1
    },
    {
      "source": "Mickey Mouse",
      "target": "Donald Duck",
      "colab_count": 1
    },
    {
      "source": "Mickey Mouse",
      "target": "Goofy",
      "colab_count": 1
    },
    {
      "source": "Mr. Cheeks",
      "target": "Diddy",
      "colab_count": 1
    },
    {
      "source": "Mr. Cheeks",
      "target": "Missy Elliott",
      "colab_count": 1
    },
    {
      "source": "Mr. Cheeks",
      "target": "Petey Pablo",
      "colab_count": 1
    },
    {
      "source": "Nelly",
      "target": "Ali",
      "colab_count": 2
    },
    {
      "source": "Nelly",
      "target": "Kyjuan",
      "colab_count": 2
    },
    {
      "source": "Nelly",
      "target": "Murphy Lee",
      "colab_count": 2
    },
    {
      "source": "Nitty Gritty Dirt Band",
      "target": "Alison Krauss",
      "colab_count": 1
    },
    {
      "source": "Nitty Gritty Dirt Band",
      "target": "Doc Watson",
      "colab_count": 1
    },
    {
      "source": "Nitty Gritty Dirt Band",
      "target": "Taj Mahal",
      "colab_count": 1
    },
    {
      "source": "Nivea",
      "target": "Brandon Casey",
      "colab_count": 1
    },
    {
      "source": "Nivea",
      "target": "Brian Casey",
      "colab_count": 1
    },
    {
      "source": "Nivea",
      "target": "Bryan-Michael Cox",
      "colab_count": 1
    },
    {
      "source": "Nivea",
      "target": "Mystikal",
      "colab_count": 1
    },
    {
      "source": "Oobie",
      "target": "Fat Joe",
      "colab_count": 1
    },
    {
      "source": "Oobie",
      "target": "Lil Jon & The East Side Boyz",
      "colab_count": 1
    },
    {
      "source": "Oobie",
      "target": "Trick Daddy",
      "colab_count": 1
    },
    {
      "source": "Richard M. Sherman",
      "target": "Carrie Fletcher",
      "colab_count": 1
    },
    {
      "source": "Richard M. Sherman",
      "target": "Emma Williams",
      "colab_count": 1
    },
    {
      "source": "Richard M. Sherman",
      "target": "George Gillies",
      "colab_count": 1
    },
    {
      "source": "Richard M. Sherman",
      "target": "Michael Ball",
      "colab_count": 1
    },
    {
      "source": "Richard M. Sherman",
      "target": "Robert B. Sherman",
      "colab_count": 1
    },
    {
      "source": "Richard M. Sherman",
      "target": "Robert Scott",
      "colab_count": 1
    },
    {
      "source": "Scatman Crothers",
      "target": "Liz English",
      "colab_count": 1
    },
    {
      "source": "Scatman Crothers",
      "target": "Phil Harris",
      "colab_count": 1
    },
    {
      "source": "Scatman Crothers",
      "target": "Thurl Ravenscroft",
      "colab_count": 1
    },
    {
      "source": "Screwston",
      "target": "Big C",
      "colab_count": 1
    },
    {
      "source": "Screwston",
      "target": "Lil Bing",
      "colab_count": 1
    },
    {
      "source": "Screwston",
      "target": "Lil Villian",
      "colab_count": 1
    },
    {
      "source": "Screwston",
      "target": "Lord Loco",
      "colab_count": 1
    },
    {
      "source": "Sean Paul",
      "target": "Jeremy Harding",
      "colab_count": 1
    },
    {
      "source": "Sean Paul",
      "target": "Murray Elias",
      "colab_count": 1
    },
    {
      "source": "Sean Paul",
      "target": "Sasha",
      "colab_count": 1
    }
  ]
}