{
  "nodes": [
    {
      "id": "Ann Murray",
      "group": 1,
      "song_count": 1
    },
    {
      "id": "Annie Fischer",
      "group": 1,
      "song_count": 1
    },
    {
      "id": "Arleen Auger",
      "group": 1,
      "song_count": 1
    },
    {
      "id": "Arthur Harris",
      "group": 10,
      "song_count": 14
    },
    {
      "id": "Arthur Sullivan",
      "group": 1,
      "song_count": 1
    },
    {
      "id": "Bach-Collegium Stuttgart",
      "group": 1,
      "song_count": 1
    },
    {
      "id": "Benjamin Britten",
      "group": 8,
      "song_count": 8
    },
    {
      "id": "Benny Powell",
      "group": 7,
      "song_count": 7
    },
    {
      "id": "Cappella Coloniensis",
      "group": 1,
      "song_count": 1
    },
    {
      "id": "Charles Gounod",
      "group": 3,
      "song_count": 3
    },
    {
      "id": "Charlie Fowlkes",
      "group": 7,
      "song_count": 7
    },
    {
      "id": "Chorus of the Royal Opera House, Covent Garden",
      "group": 1,
      "song_count": 1
    },
    {
      "id": "Chotzi Foley",
      "group": 1,
      "song_count": 1
    },
    {
      "id": "Columbia Symphony Orchestra",
      "group": 10,
      "song_count": 19
    },
    {
      "id": "Count Basie",
      "group": 7,
      "song_count": 7
    },
    {
      "id": "Dame Joan Sutherland",
      "group": 1,
      "song_count": 1
    },
    {
      "id": "E. Power Biggs",
      "group": 1,
      "song_count": 1
    },
    {
      "id": "Elizabeth Howell",
      "group": 3,
      "song_count": 3
    },
    {
      "id": "Ethel Merman",
      "group": 5,
      "song_count": 5
    },
    {
      "id": "Eugene Ormandy",
      "group": 10,
      "song_count": 11
    },
    {
      "id": "Evanna Lien",
      "group": 5,
      "song_count": 5
    },
    {
      "id": "Faith Dane",
      "group": 1,
      "song_count": 1
    },
    {
      "id": "Ferdinand Leitner",
      "group": 1,
      "song_count": 1
    },
    {
      "id": "Frank Churchill",
      "group": 3,
      "song_count": 3
    },
    {
      "id": "George Frideric Handel",
      "group": 10,
      "song_count": 15
    },
    {
      "id": "George Gershwin",
      "group": 3,
      "song_count": 3
    },
    {
      "id": "Harold Arlen",
      "group": 6,
      "song_count": 6
    },
    {
      "id": "Helen Watts",
      "group": 1,
      "song_count": 1
    },
    {
      "id": "Helmuth Froschauer",
      "group": 1,
      "song_count": 1
    },
    {
      "id": "Helmuth Rilling",
      "group": 1,
      "song_count": 1
    },
    {
      "id": "Iris Kells",
      "group": 1,
      "song_count": 1
    },
    {
      "id": "Jack Klugman",
      "group": 3,
      "song_count": 3
    },
    {
      "id": "Jacqueline Mayro",
      "group": 1,
      "song_count": 1
    },
    {
      "id": "James Pease",
      "group": 1,
      "song_count": 1
    },
    {
      "id": "Jean Watson",
      "group": 1,
      "song_count": 1
    },
    {
      "id": "Jerold D. Ottley",
      "group": 5,
      "song_count": 5
    },
    {
      "id": "Joe Newman",
      "group": 7,
      "song_count": 7
    },
    {
      "id": "Johann Sebastian Bach",
      "group": 10,
      "song_count": 25
    },
    {
      "id": "John Barry",
      "group": 3,
      "song_count": 3
    },
    {
      "id": "Joseph Stewart",
      "group": 5,
      "song_count": 5
    },
    {
      "id": "Jule Styne",
      "group": 10,
      "song_count": 27
    },
    {
      "id": "Karen Moore",
      "group": 1,
      "song_count": 1
    },
    {
      "id": "Karen Shepard",
      "group": 1,
      "song_count": 1
    },
    {
      "id": "Kathy Dunn",
      "group": 5,
      "song_count": 5
    },
    {
      "id": "LEIGH HAIRLINE",
      "group": 1,
      "song_count": 1
    },
    {
      "id": "Lane Bradbury",
      "group": 1,
      "song_count": 1
    },
    {
      "id": "Lauri Peters",
      "group": 10,
      "song_count": 11
    },
    {
      "id": "Leigh Harline",
      "group": 5,
      "song_count": 5
    },
    {
      "id": "Leonard Bernstein",
      "group": 7,
      "song_count": 7
    },
    {
      "id": "Lowell Mason",
      "group": 5,
      "song_count": 5
    },
    {
      "id": "Maria Karnilova",
      "group": 1,
      "song_count": 1
    },
    {
      "id": "Marilyn Rogers",
      "group": 5,
      "song_count": 5
    },
    {
      "id": "Marion Studholme",
      "group": 1,
      "song_count": 1
    },
    {
      "id": "Marshall Royal",
      "group": 7,
      "song_count": 7
    },
    {
      "id": "Mary Martin",
      "group": 10,
      "song_count": 23
    },
    {
      "id": "Mary Susan Locke",
      "group": 5,
      "song_count": 5
    },
    {
      "id": "Meredith Willson",
      "group": 6,
      "song_count": 6
    },
    {
      "id": "Michael Tilson Thomas",
      "group": 1,
      "song_count": 1
    },
    {
      "id": "Milton Rosenstock",
      "group": 8,
      "song_count": 8
    },
    {
      "id": "Mitch Leigh",
      "group": 6,
      "song_count": 6
    },
    {
      "id": "Mormon Tabernacle Choir",
      "group": 10,
      "song_count": 29
    },
    {
      "id": "Muriel O'Malley",
      "group": 1,
      "song_count": 1
    },
    {
      "id": "Ned Washington",
      "group": 1,
      "song_count": 1
    },
    {
      "id": "New York Philharmonic",
      "group": 1,
      "song_count": 1
    },
    {
      "id": "Orchestra of the Royal Opera House, Covent Garden",
      "group": 1,
      "song_count": 1
    },
    {
      "id": "Patricia Neway",
      "group": 1,
      "song_count": 1
    },
    {
      "id": "Paul Wallace",
      "group": 1,
      "song_count": 1
    },
    {
      "id": "Philadelphia Orchestra",
      "group": 10,
      "song_count": 11
    },
    {
      "id": "Philharmonia Orchestra",
      "group": 1,
      "song_count": 1
    },
    {
      "id": "Ralph Sharon",
      "group": 7,
      "song_count": 7
    },
    {
      "id": "Raymond Nilsson",
      "group": 1,
      "song_count": 1
    },
    {
      "id": "Richard P. Condie",
      "group": 2,
      "song_count": 2
    },
    {
      "id": "Richard Rodgers",
      "group": 10,
      "song_count": 21
    },
    {
      "id": "Royal Philharmonic Orchestra",
      "group": 2,
      "song_count": 2
    },
    {
      "id": "Sandra Church",
      "group": 3,
      "song_count": 3
    },
    {
      "id": "Sarah Adams",
      "group": 1,
      "song_count": 1
    },
    {
      "id": "Sir Charles Groves",
      "group": 1,
      "song_count": 1
    },
    {
      "id": "Sir Peter Pears",
      "group": 1,
      "song_count": 1
    },
    {
      "id": "Snookey Young",
      "group": 7,
      "song_count": 7
    },
    {
      "id": "Sonny Payne",
      "group": 7,
      "song_count": 7
    },
    {
      "id": "Stephen Sondheim",
      "group": 1,
      "song_count": 1
    },
    {
      "id": "Teddy Reig",
      "group": 7,
      "song_count": 7
    },
    {
      "id": "Thad Jones",
      "group": 7,
      "song_count": 7
    },
    {
      "id": "The Sound Of Music Ensemble",
      "group": 1,
      "song_count": 1
    },
    {
      "id": "The Vocal Majority",
      "group": 1,
      "song_count": 1
    },
    {
      "id": "Theodore Bikel",
      "group": 9,
      "song_count": 9
    },
    {
      "id": "Tony Bennett",
      "group": 10,
      "song_count": 77
    },
    {
      "id": "Traditional",
      "group": 6,
      "song_count": 6
    },
    {
      "id": "Utah Symphony Orchestra",
      "group": 1,
      "song_count": 1
    },
    {
      "id": "Wendell Culley",
      "group": 7,
      "song_count": 7
    },
    {
      "id": "William Snowden",
      "group": 5,
      "song_count": 5
    },
    {
      "id": "William Steffe",
      "group": 6,
      "song_count": 6
    },
    {
      "id": "Wolfgang Amadeus Mozart",
      "group": 3,
      "song_count": 3
    },
    {
      "id": "Wolfgang Sawallisch",
      "group": 1,
      "song_count": 1
    }
  ],
  "links": [
    {
      "source": "Benjamin Britten",
      "target": "Chorus of the Royal Opera House, Covent Garden",
      "colab_count": 1
    },
    {
      "source": "Benjamin Britten",
      "target": "Iris Kells",
      "colab_count": 1
    },
    {
      "source": "Benjamin Britten",
      "target": "James Pease",
      "colab_count": 1
    },
    {
      "source": "Benjamin Britten",
      "target": "Jean Watson",
      "colab_count": 1
    },
    {
      "source": "Benjamin Britten",
      "target": "Marion Studholme",
      "colab_count": 1
    },
    {
      "source": "Benjamin Britten",
      "target": "Orchestra of the Royal Opera House, Covent Garden",
      "colab_count": 1
    },
    {
      "source": "Benjamin Britten",
      "target": "Raymond Nilsson",
      "colab_count": 1
    },
    {
      "source": "Benjamin Britten",
      "target": "Sir Peter Pears",
      "colab_count": 1
    },
    {
      "source": "Elizabeth Howell",
      "target": "Karen Shepard",
      "colab_count": 1
    },
    {
      "source": "Elizabeth Howell",
      "target": "Muriel O'Malley",
      "colab_count": 1
    },
    {
      "source": "Elizabeth Howell",
      "target": "Patricia Neway",
      "colab_count": 1
    },
    {
      "source": "Frank Churchill",
      "target": "Columbia Symphony Orchestra",
      "colab_count": 1
    },
    {
      "source": "Frank Churchill",
      "target": "Jerold D. Ottley",
      "colab_count": 1
    },
    {
      "source": "Frank Churchill",
      "target": "Mormon Tabernacle Choir",
      "colab_count": 1
    },
    {
      "source": "George Frideric Handel",
      "target": "Cappella Coloniensis",
      "colab_count": 1
    },
    {
      "source": "George Frideric Handel",
      "target": "Dame Joan Sutherland",
      "colab_count": 1
    },
    {
      "source": "George Frideric Handel",
      "target": "E. Power Biggs",
      "colab_count": 1
    },
    {
      "source": "George Frideric Handel",
      "target": "Eugene Ormandy",
      "colab_count": 2
    },
    {
      "source": "George Frideric Handel",
      "target": "Ferdinand Leitner",
      "colab_count": 1
    },
    {
      "source": "George Frideric Handel",
      "target": "Mormon Tabernacle Choir",
      "colab_count": 3
    },
    {
      "source": "George Frideric Handel",
      "target": "Philadelphia Orchestra",
      "colab_count": 2
    },
    {
      "source": "George Frideric Handel",
      "target": "Richard P. Condie",
      "colab_count": 1
    },
    {
      "source": "George Frideric Handel",
      "target": "Royal Philharmonic Orchestra",
      "colab_count": 2
    },
    {
      "source": "George Frideric Handel",
      "target": "Sir Charles Groves",
      "colab_count": 1
    },
    {
      "source": "George Gershwin",
      "target": "Columbia Symphony Orchestra",
      "colab_count": 1
    },
    {
      "source": "George Gershwin",
      "target": "Leonard Bernstein",
      "colab_count": 1
    },
    {
      "source": "George Gershwin",
      "target": "New York Philharmonic",
      "colab_count": 1
    },
    {
      "source": "Harold Arlen",
      "target": "Arthur Harris",
      "colab_count": 2
    },
    {
      "source": "Harold Arlen",
      "target": "Columbia Symphony Orchestra",
      "colab_count": 2
    },
    {
      "source": "Harold Arlen",
      "target": "Mormon Tabernacle Choir",
      "colab_count": 2
    },
    {
      "source": "Johann Sebastian Bach",
      "target": "Ann Murray",
      "colab_count": 1
    },
    {
      "source": "Johann Sebastian Bach",
      "target": "Arleen Auger",
      "colab_count": 1
    },
    {
      "source": "Johann Sebastian Bach",
      "target": "Bach-Collegium Stuttgart",
      "colab_count": 1
    },
    {
      "source": "Johann Sebastian Bach",
      "target": "Charles Gounod",
      "colab_count": 3
    },
    {
      "source": "Johann Sebastian Bach",
      "target": "Eugene Ormandy",
      "colab_count": 6
    },
    {
      "source": "Johann Sebastian Bach",
      "target": "Helen Watts",
      "colab_count": 1
    },
    {
      "source": "Johann Sebastian Bach",
      "target": "Helmuth Froschauer",
      "colab_count": 1
    },
    {
      "source": "Johann Sebastian Bach",
      "target": "Helmuth Rilling",
      "colab_count": 1
    },
    {
      "source": "Johann Sebastian Bach",
      "target": "Mormon Tabernacle Choir",
      "colab_count": 4
    },
    {
      "source": "Johann Sebastian Bach",
      "target": "Philadelphia Orchestra",
      "colab_count": 6
    },
    {
      "source": "John Barry",
      "target": "Arthur Harris",
      "colab_count": 1
    },
    {
      "source": "John Barry",
      "target": "Columbia Symphony Orchestra",
      "colab_count": 1
    },
    {
      "source": "John Barry",
      "target": "Mormon Tabernacle Choir",
      "colab_count": 1
    },
    {
      "source": "Jule Styne",
      "target": "Chotzi Foley",
      "colab_count": 1
    },
    {
      "source": "Jule Styne",
      "target": "Ethel Merman",
      "colab_count": 5
    },
    {
      "source": "Jule Styne",
      "target": "Faith Dane",
      "colab_count": 1
    },
    {
      "source": "Jule Styne",
      "target": "Jack Klugman",
      "colab_count": 3
    },
    {
      "source": "Jule Styne",
      "target": "Jacqueline Mayro",
      "colab_count": 1
    },
    {
      "source": "Jule Styne",
      "target": "Karen Moore",
      "colab_count": 1
    },
    {
      "source": "Jule Styne",
      "target": "Lane Bradbury",
      "colab_count": 1
    },
    {
      "source": "Jule Styne",
      "target": "Maria Karnilova",
      "colab_count": 1
    },
    {
      "source": "Jule Styne",
      "target": "Milton Rosenstock",
      "colab_count": 8
    },
    {
      "source": "Jule Styne",
      "target": "Paul Wallace",
      "colab_count": 1
    },
    {
      "source": "Jule Styne",
      "target": "Sandra Church",
      "colab_count": 3
    },
    {
      "source": "Jule Styne",
      "target": "Stephen Sondheim",
      "colab_count": 1
    },
    {
      "source": "Lauri Peters",
      "target": "Evanna Lien",
      "colab_count": 1
    },
    {
      "source": "Lauri Peters",
      "target": "Joseph Stewart",
      "colab_count": 1
    },
    {
      "source": "Lauri Peters",
      "target": "Kathy Dunn",
      "colab_count": 1
    },
    {
      "source": "Lauri Peters",
      "target": "Marilyn Rogers",
      "colab_count": 1
    },
    {
      "source": "Lauri Peters",
      "target": "Mary Susan Locke",
      "colab_count": 1
    },
    {
      "source": "Lauri Peters",
      "target": "The Sound Of Music Ensemble",
      "colab_count": 1
    },
    {
      "source": "Lauri Peters",
      "target": "William Snowden",
      "colab_count": 1
    },
    {
      "source": "Leigh Harline",
      "target": "Columbia Symphony Orchestra",
      "colab_count": 1
    },
    {
      "source": "Leigh Harline",
      "target": "Jerold D. Ottley",
      "colab_count": 1
    },
    {
      "source": "Leigh Harline",
      "target": "LEIGH HAIRLINE",
      "colab_count": 1
    },
    {
      "source": "Leigh Harline",
      "target": "Mormon Tabernacle Choir",
      "colab_count": 1
    },
    {
      "source": "Leigh Harline",
      "target": "Ned Washington",
      "colab_count": 1
    },
    {
      "source": "Leonard Bernstein",
      "target": "Arthur Harris",
      "colab_count": 2
    },
    {
      "source": "Leonard Bernstein",
      "target": "Columbia Symphony Orchestra",
      "colab_count": 2
    },
    {
      "source": "Leonard Bernstein",
      "target": "Mormon Tabernacle Choir",
      "colab_count": 2
    },
    {
      "source": "Lowell Mason",
      "target": "Arthur Sullivan",
      "colab_count": 1
    },
    {
      "source": "Lowell Mason",
      "target": "Jerold D. Ottley",
      "colab_count": 1
    },
    {
      "source": "Lowell Mason",
      "target": "Mormon Tabernacle Choir",
      "colab_count": 1
    },
    {
      "source": "Lowell Mason",
      "target": "Sarah Adams",
      "colab_count": 1
    },
    {
      "source": "Lowell Mason",
      "target": "The Vocal Majority",
      "colab_count": 1
    },
    {
      "source": "Mary Martin",
      "target": "Evanna Lien",
      "colab_count": 3
    },
    {
      "source": "Mary Martin",
      "target": "Joseph Stewart",
      "colab_count": 3
    },
    {
      "source": "Mary Martin",
      "target": "Kathy Dunn",
      "colab_count": 3
    },
    {
      "source": "Mary Martin",
      "target": "Lauri Peters",
      "colab_count": 3
    },
    {
      "source": "Mary Martin",
      "target": "Marilyn Rogers",
      "colab_count": 3
    },
    {
      "source": "Mary Martin",
      "target": "Mary Susan Locke",
      "colab_count": 3
    },
    {
      "source": "Mary Martin",
      "target": "Theodore Bikel",
      "colab_count": 1
    },
    {
      "source": "Mary Martin",
      "target": "William Snowden",
      "colab_count": 3
    },
    {
      "source": "Meredith Willson",
      "target": "Columbia Symphony Orchestra",
      "colab_count": 2
    },
    {
      "source": "Meredith Willson",
      "target": "Jerold D. Ottley",
      "colab_count": 2
    },
    {
      "source": "Meredith Willson",
      "target": "Mormon Tabernacle Choir",
      "colab_count": 2
    },
    {
      "source": "Mitch Leigh",
      "target": "Arthur Harris",
      "colab_count": 2
    },
    {
      "source": "Mitch Leigh",
      "target": "Columbia Symphony Orchestra",
      "colab_count": 2
    },
    {
      "source": "Mitch Leigh",
      "target": "Mormon Tabernacle Choir",
      "colab_count": 2
    },
    {
      "source": "Richard Rodgers",
      "target": "Arthur Harris",
      "colab_count": 7
    },
    {
      "source": "Richard Rodgers",
      "target": "Columbia Symphony Orchestra",
      "colab_count": 7
    },
    {
      "source": "Richard Rodgers",
      "target": "Mormon Tabernacle Choir",
      "colab_count": 7
    },
    {
      "source": "Theodore Bikel",
      "target": "Evanna Lien",
      "colab_count": 1
    },
    {
      "source": "Theodore Bikel",
      "target": "Joseph Stewart",
      "colab_count": 1
    },
    {
      "source": "Theodore Bikel",
      "target": "Kathy Dunn",
      "colab_count": 1
    },
    {
      "source": "Theodore Bikel",
      "target": "Lauri Peters",
      "colab_count": 1
    },
    {
      "source": "Theodore Bikel",
      "target": "Marilyn Rogers",
      "colab_count": 1
    },
    {
      "source": "Theodore Bikel",
      "target": "Mary Martin",
      "colab_count": 1
    },
    {
      "source": "Theodore Bikel",
      "target": "Mary Susan Locke",
      "colab_count": 1
    },
    {
      "source": "Theodore Bikel",
      "target": "William Snowden",
      "colab_count": 1
    },
    {
      "source": "Tony Bennett",
      "target": "Benny Powell",
      "colab_count": 7
    },
    {
      "source": "Tony Bennett",
      "target": "Charlie Fowlkes",
      "colab_count": 7
    },
    {
      "source": "Tony Bennett",
      "target": "Count Basie",
      "colab_count": 7
    },
    {
      "source": "Tony Bennett",
      "target": "Joe Newman",
      "colab_count": 7
    },
    {
      "source": "Tony Bennett",
      "target": "Marshall Royal",
      "colab_count": 7
    },
    {
      "source": "Tony Bennett",
      "target": "Ralph Sharon",
      "colab_count": 7
    },
    {
      "source": "Tony Bennett",
      "target": "Snookey Young",
      "colab_count": 7
    },
    {
      "source": "Tony Bennett",
      "target": "Sonny Payne",
      "colab_count": 7
    },
    {
      "source": "Tony Bennett",
      "target": "Teddy Reig",
      "colab_count": 7
    },
    {
      "source": "Tony Bennett",
      "target": "Thad Jones",
      "colab_count": 7
    },
    {
      "source": "Tony Bennett",
      "target": "Wendell Culley",
      "colab_count": 7
    },
    {
      "source": "Traditional",
      "target": "Eugene Ormandy",
      "colab_count": 1
    },
    {
      "source": "Traditional",
      "target": "Michael Tilson Thomas",
      "colab_count": 1
    },
    {
      "source": "Traditional",
      "target": "Mormon Tabernacle Choir",
      "colab_count": 1
    },
    {
      "source": "Traditional",
      "target": "Philadelphia Orchestra",
      "colab_count": 1
    },
    {
      "source": "Traditional",
      "target": "Richard P. Condie",
      "colab_count": 1
    },
    {
      "source": "Traditional",
      "target": "Utah Symphony Orchestra",
      "colab_count": 1
    },
    {
      "source": "William Steffe",
      "target": "Eugene Ormandy",
      "colab_count": 2
    },
    {
      "source": "William Steffe",
      "target": "Mormon Tabernacle Choir",
      "colab_count": 2
    },
    {
      "source": "William Steffe",
      "target": "Philadelphia Orchestra",
      "colab_count": 2
    },
    {
      "source": "Wolfgang Amadeus Mozart",
      "target": "Annie Fischer",
      "colab_count": 1
    },
    {
      "source": "Wolfgang Amadeus Mozart",
      "target": "Philharmonia Orchestra",
      "colab_count": 1
    },
    {
      "source": "Wolfgang Amadeus Mozart",
      "target": "Wolfgang Sawallisch",
      "colab_count": 1
    }
  ]
}