{
  "nodes": [
    {
      "id": "2 Chainz",
      "group": 2,
      "song_count": 2
    },
    {
      "id": "A$AP Ferg",
      "group": 4,
      "song_count": 4
    },
    {
      "id": "A$AP Rocky",
      "group": 10,
      "song_count": 13
    },
    {
      "id": "Aaron Tveit",
      "group": 2,
      "song_count": 2
    },
    {
      "id": "Academy of Ancient Music",
      "group": 1,
      "song_count": 1
    },
    {
      "id": "Ace Hood",
      "group": 8,
      "song_count": 8
    },
    {
      "id": "Action Bronson",
      "group": 1,
      "song_count": 1
    },
    {
      "id": "Anders Christensen",
      "group": 1,
      "song_count": 1
    },
    {
      "id": "Andrew Davis",
      "group": 1,
      "song_count": 1
    },
    {
      "id": "Ani DiFranco",
      "group": 1,
      "song_count": 1
    },
    {
      "id": "B.o.B",
      "group": 1,
      "song_count": 1
    },
    {
      "id": "B.o.B. /Krizz Kaliko",
      "group": 1,
      "song_count": 1
    },
    {
      "id": "BBC Philharmonic",
      "group": 1,
      "song_count": 1
    },
    {
      "id": "BBC Symphony Orchestra",
      "group": 1,
      "song_count": 1
    },
    {
      "id": "Beaumont",
      "group": 1,
      "song_count": 1
    },
    {
      "id": "Beth Fowler",
      "group": 1,
      "song_count": 1
    },
    {
      "id": "Big K.R.I.T.",
      "group": 1,
      "song_count": 1
    },
    {
      "id": "Birdman",
      "group": 3,
      "song_count": 3
    },
    {
      "id": "Birdy Nam Nam",
      "group": 1,
      "song_count": 1
    },
    {
      "id": "Bruno Mars",
      "group": 1,
      "song_count": 1
    },
    {
      "id": "Busy Signal",
      "group": 1,
      "song_count": 1
    },
    {
      "id": "CES Cru",
      "group": 1,
      "song_count": 1
    },
    {
      "id": "Cedric Gervais",
      "group": 1,
      "song_count": 1
    },
    {
      "id": "Choir of King's College, Cambridge",
      "group": 1,
      "song_count": 1
    },
    {
      "id": "Chorus - Mulan",
      "group": 1,
      "song_count": 1
    },
    {
      "id": "Corey Taylor",
      "group": 3,
      "song_count": 3
    },
    {
      "id": "DJ Khaled",
      "group": 4,
      "song_count": 4
    },
    {
      "id": "Dan Gellert",
      "group": 1,
      "song_count": 1
    },
    {
      "id": "Danny Brown",
      "group": 1,
      "song_count": 1
    },
    {
      "id": "Dave Grohl",
      "group": 1,
      "song_count": 1
    },
    {
      "id": "Dick Van Dyke",
      "group": 3,
      "song_count": 3
    },
    {
      "id": "Diplo",
      "group": 3,
      "song_count": 3
    },
    {
      "id": "Donovan",
      "group": 1,
      "song_count": 1
    },
    {
      "id": "Drake",
      "group": 3,
      "song_count": 3
    },
    {
      "id": "Eddie Redmayne",
      "group": 1,
      "song_count": 1
    },
    {
      "id": "FS Green",
      "group": 1,
      "song_count": 1
    },
    {
      "id": "Faustix",
      "group": 1,
      "song_count": 1
    },
    {
      "id": "French Montana",
      "group": 6,
      "song_count": 6
    },
    {
      "id": "Future",
      "group": 3,
      "song_count": 3
    },
    {
      "id": "George Garzone",
      "group": 3,
      "song_count": 3
    },
    {
      "id": "Grace Phipps",
      "group": 1,
      "song_count": 1
    },
    {
      "id": "Harvey Fierstein",
      "group": 1,
      "song_count": 1
    },
    {
      "id": "Iamsu!",
      "group": 4,
      "song_count": 4
    },
    {
      "id": "Imanos",
      "group": 1,
      "song_count": 1
    },
    {
      "id": "Jackson Browne",
      "group": 1,
      "song_count": 1
    },
    {
      "id": "James Hong",
      "group": 1,
      "song_count": 1
    },
    {
      "id": "Jasper Dolphin",
      "group": 1,
      "song_count": 1
    },
    {
      "id": "Jay Anthony",
      "group": 1,
      "song_count": 1
    },
    {
      "id": "Jean-Guihen Queyras",
      "group": 1,
      "song_count": 1
    },
    {
      "id": "Jerry Tondo",
      "group": 1,
      "song_count": 1
    },
    {
      "id": "Jimmy LaFave",
      "group": 1,
      "song_count": 1
    },
    {
      "id": "Joel Rafael",
      "group": 1,
      "song_count": 1
    },
    {
      "id": "Joey Bada$$",
      "group": 1,
      "song_count": 1
    },
    {
      "id": "John Leventhal",
      "group": 1,
      "song_count": 1
    },
    {
      "id": "John Mellencamp",
      "group": 1,
      "song_count": 1
    },
    {
      "id": "Judy Collins",
      "group": 1,
      "song_count": 1
    },
    {
      "id": "Juicy J",
      "group": 1,
      "song_count": 1
    },
    {
      "id": "Julie Andrews",
      "group": 1,
      "song_count": 1
    },
    {
      "id": "Karen Dotrice",
      "group": 1,
      "song_count": 1
    },
    {
      "id": "Kendall Morgan",
      "group": 1,
      "song_count": 1
    },
    {
      "id": "Kendrick Lamar",
      "group": 4,
      "song_count": 4
    },
    {
      "id": "Kool John",
      "group": 1,
      "song_count": 1
    },
    {
      "id": "Kris Stephens",
      "group": 1,
      "song_count": 1
    },
    {
      "id": "L-Boy",
      "group": 1,
      "song_count": 1
    },
    {
      "id": "Lea Salonga",
      "group": 7,
      "song_count": 7
    },
    {
      "id": "Lee Spielman",
      "group": 1,
      "song_count": 1
    },
    {
      "id": "Left Brain",
      "group": 1,
      "song_count": 1
    },
    {
      "id": "Lil Wayne",
      "group": 4,
      "song_count": 4
    },
    {
      "id": "Lord Flacko",
      "group": 1,
      "song_count": 1
    },
    {
      "id": "Lucas.",
      "group": 1,
      "song_count": 1
    },
    {
      "id": "Lucinda Williams",
      "group": 1,
      "song_count": 1
    },
    {
      "id": "Mack Maine",
      "group": 2,
      "song_count": 2
    },
    {
      "id": "Maia Mitchell",
      "group": 4,
      "song_count": 4
    },
    {
      "id": "Major Lazer",
      "group": 6,
      "song_count": 6
    },
    {
      "id": "Mally Mall",
      "group": 1,
      "song_count": 1
    },
    {
      "id": "Markus Schulz",
      "group": 3,
      "song_count": 3
    },
    {
      "id": "Marni Nixon",
      "group": 1,
      "song_count": 1
    },
    {
      "id": "Matthew Garber",
      "group": 1,
      "song_count": 1
    },
    {
      "id": "Matthew Wilder",
      "group": 1,
      "song_count": 1
    },
    {
      "id": "Mayday",
      "group": 2,
      "song_count": 2
    },
    {
      "id": "Meek Mill",
      "group": 1,
      "song_count": 1
    },
    {
      "id": "Mike WiLL Made-It",
      "group": 3,
      "song_count": 3
    },
    {
      "id": "Miley Cyrus",
      "group": 2,
      "song_count": 2
    },
    {
      "id": "Mustard",
      "group": 1,
      "song_count": 1
    },
    {
      "id": "Myon",
      "group": 1,
      "song_count": 1
    },
    {
      "id": "Mystic",
      "group": 1,
      "song_count": 1
    },
    {
      "id": "Na' kel",
      "group": 1,
      "song_count": 1
    },
    {
      "id": "Nicki Minaj",
      "group": 2,
      "song_count": 2
    },
    {
      "id": "Old Crow Medicine Show",
      "group": 10,
      "song_count": 18
    },
    {
      "id": "P-Lo",
      "group": 1,
      "song_count": 1
    },
    {
      "id": "Paul Motian",
      "group": 1,
      "song_count": 1
    },
    {
      "id": "Pyotr Ilyich Tchaikovsky",
      "group": 2,
      "song_count": 2
    },
    {
      "id": "Ralph Vaughan Williams",
      "group": 3,
      "song_count": 3
    },
    {
      "id": "Ramblin' Jack Elliott",
      "group": 1,
      "song_count": 1
    },
    {
      "id": "Rich Gang",
      "group": 10,
      "song_count": 10
    },
    {
      "id": "Rick Nielsen",
      "group": 1,
      "song_count": 1
    },
    {
      "id": "Rick Ross",
      "group": 2,
      "song_count": 2
    },
    {
      "id": "Rittz",
      "group": 1,
      "song_count": 1
    },
    {
      "id": "Rock",
      "group": 1,
      "song_count": 1
    },
    {
      "id": "Rosanne Cash",
      "group": 1,
      "song_count": 1
    },
    {
      "id": "Ross Lynch",
      "group": 1,
      "song_count": 1
    },
    {
      "id": "Ry Cooder",
      "group": 1,
      "song_count": 1
    },
    {
      "id": "SERi",
      "group": 1,
      "song_count": 1
    },
    {
      "id": "ScHoolboy Q",
      "group": 1,
      "song_count": 1
    },
    {
      "id": "Scott Reeder",
      "group": 1,
      "song_count": 1
    },
    {
      "id": "Shane 54",
      "group": 1,
      "song_count": 1
    },
    {
      "id": "Skipper",
      "group": 1,
      "song_count": 1
    },
    {
      "id": "Skrillex",
      "group": 1,
      "song_count": 1
    },
    {
      "id": "Snow Tha Product",
      "group": 1,
      "song_count": 1
    },
    {
      "id": "Spencer Lee",
      "group": 1,
      "song_count": 1
    },
    {
      "id": "Stephen Cleobury",
      "group": 1,
      "song_count": 1
    },
    {
      "id": "Steve Kuhn",
      "group": 1,
      "song_count": 1
    },
    {
      "id": "Stevie Stone",
      "group": 1,
      "song_count": 1
    },
    {
      "id": "Students",
      "group": 1,
      "song_count": 1
    },
    {
      "id": "Sweet Honey In The Rock",
      "group": 1,
      "song_count": 1
    },
    {
      "id": "T.I.",
      "group": 4,
      "song_count": 4
    },
    {
      "id": "TACO",
      "group": 1,
      "song_count": 1
    },
    {
      "id": "Tasmin Little",
      "group": 1,
      "song_count": 1
    },
    {
      "id": "Tech N9ne",
      "group": 10,
      "song_count": 11
    },
    {
      "id": "Teen Beach Movie Cast",
      "group": 1,
      "song_count": 1
    },
    {
      "id": "The Del McCoury Band",
      "group": 1,
      "song_count": 1
    },
    {
      "id": "The Flexican",
      "group": 1,
      "song_count": 1
    },
    {
      "id": "The Skyliners",
      "group": 4,
      "song_count": 4
    },
    {
      "id": "Tim O'Brien",
      "group": 1,
      "song_count": 1
    },
    {
      "id": "Tom Morello",
      "group": 1,
      "song_count": 1
    },
    {
      "id": "Tony Trischka",
      "group": 1,
      "song_count": 1
    },
    {
      "id": "Trinidad James",
      "group": 1,
      "song_count": 1
    },
    {
      "id": "Twisted Insane",
      "group": 1,
      "song_count": 1
    },
    {
      "id": "Tyga",
      "group": 4,
      "song_count": 4
    },
    {
      "id": "Tyler, The Creator",
      "group": 7,
      "song_count": 7
    },
    {
      "id": "Verscharen",
      "group": 1,
      "song_count": 1
    },
    {
      "id": "Vogel",
      "group": 1,
      "song_count": 1
    },
    {
      "id": "Wiz Khalifa",
      "group": 4,
      "song_count": 4
    },
    {
      "id": "Wolfgang Amadeus Mozart",
      "group": 3,
      "song_count": 3
    },
    {
      "id": "Wrekonize",
      "group": 1,
      "song_count": 1
    },
    {
      "id": "Yelawolf",
      "group": 1,
      "song_count": 1
    },
    {
      "id": "kai",
      "group": 1,
      "song_count": 1
    },
    {
      "id": "will.i.am",
      "group": 4,
      "song_count": 4
    }
  ],
  "links": [
    {
      "source": "A$AP Ferg",
      "target": "A$AP Rocky",
      "colab_count": 1
    },
    {
      "source": "A$AP Ferg",
      "target": "French Montana",
      "colab_count": 1
    },
    {
      "source": "A$AP Ferg",
      "target": "ScHoolboy Q",
      "colab_count": 1
    },
    {
      "source": "A$AP Ferg",
      "target": "Trinidad James",
      "colab_count": 1
    },
    {
      "source": "A$AP Rocky",
      "target": "2 Chainz",
      "colab_count": 1
    },
    {
      "source": "A$AP Rocky",
      "target": "Action Bronson",
      "colab_count": 1
    },
    {
      "source": "A$AP Rocky",
      "target": "Big K.R.I.T.",
      "colab_count": 1
    },
    {
      "source": "A$AP Rocky",
      "target": "Birdy Nam Nam",
      "colab_count": 1
    },
    {
      "source": "A$AP Rocky",
      "target": "Danny Brown",
      "colab_count": 1
    },
    {
      "source": "A$AP Rocky",
      "target": "Drake",
      "colab_count": 1
    },
    {
      "source": "A$AP Rocky",
      "target": "Joey Bada$$",
      "colab_count": 1
    },
    {
      "source": "A$AP Rocky",
      "target": "Kendrick Lamar",
      "colab_count": 2
    },
    {
      "source": "A$AP Rocky",
      "target": "Lord Flacko",
      "colab_count": 1
    },
    {
      "source": "A$AP Rocky",
      "target": "Skrillex",
      "colab_count": 1
    },
    {
      "source": "A$AP Rocky",
      "target": "Yelawolf",
      "colab_count": 1
    },
    {
      "source": "Aaron Tveit",
      "target": "Eddie Redmayne",
      "colab_count": 1
    },
    {
      "source": "Aaron Tveit",
      "target": "Students",
      "colab_count": 1
    },
    {
      "source": "Ace Hood",
      "target": "2 Chainz",
      "colab_count": 1
    },
    {
      "source": "Ace Hood",
      "target": "Birdman",
      "colab_count": 1
    },
    {
      "source": "Ace Hood",
      "target": "DJ Khaled",
      "colab_count": 1
    },
    {
      "source": "Ace Hood",
      "target": "French Montana",
      "colab_count": 1
    },
    {
      "source": "Ace Hood",
      "target": "Future",
      "colab_count": 1
    },
    {
      "source": "Ace Hood",
      "target": "Meek Mill",
      "colab_count": 1
    },
    {
      "source": "Ace Hood",
      "target": "T.I.",
      "colab_count": 1
    },
    {
      "source": "Ace Hood",
      "target": "Wiz Khalifa",
      "colab_count": 1
    },
    {
      "source": "Corey Taylor",
      "target": "Dave Grohl",
      "colab_count": 1
    },
    {
      "source": "Corey Taylor",
      "target": "Rick Nielsen",
      "colab_count": 1
    },
    {
      "source": "Corey Taylor",
      "target": "Scott Reeder",
      "colab_count": 1
    },
    {
      "source": "DJ Khaled",
      "target": "Drake",
      "colab_count": 1
    },
    {
      "source": "DJ Khaled",
      "target": "Lil Wayne",
      "colab_count": 1
    },
    {
      "source": "DJ Khaled",
      "target": "Rick Ross",
      "colab_count": 1
    },
    {
      "source": "Dick Van Dyke",
      "target": "Julie Andrews",
      "colab_count": 1
    },
    {
      "source": "Dick Van Dyke",
      "target": "Karen Dotrice",
      "colab_count": 1
    },
    {
      "source": "Dick Van Dyke",
      "target": "Matthew Garber",
      "colab_count": 1
    },
    {
      "source": "Diplo",
      "target": "Faustix",
      "colab_count": 1
    },
    {
      "source": "Diplo",
      "target": "Imanos",
      "colab_count": 1
    },
    {
      "source": "Diplo",
      "target": "kai",
      "colab_count": 1
    },
    {
      "source": "French Montana",
      "target": "Drake",
      "colab_count": 1
    },
    {
      "source": "French Montana",
      "target": "Lil Wayne",
      "colab_count": 1
    },
    {
      "source": "French Montana",
      "target": "Rick Ross",
      "colab_count": 1
    },
    {
      "source": "George Garzone",
      "target": "Anders Christensen",
      "colab_count": 1
    },
    {
      "source": "George Garzone",
      "target": "Paul Motian",
      "colab_count": 1
    },
    {
      "source": "George Garzone",
      "target": "Steve Kuhn",
      "colab_count": 1
    },
    {
      "source": "Iamsu!",
      "target": "Jay Anthony",
      "colab_count": 1
    },
    {
      "source": "Iamsu!",
      "target": "Kool John",
      "colab_count": 1
    },
    {
      "source": "Iamsu!",
      "target": "P-Lo",
      "colab_count": 1
    },
    {
      "source": "Iamsu!",
      "target": "Skipper",
      "colab_count": 1
    },
    {
      "source": "Lea Salonga",
      "target": "Beth Fowler",
      "colab_count": 1
    },
    {
      "source": "Lea Salonga",
      "target": "Chorus - Mulan",
      "colab_count": 1
    },
    {
      "source": "Lea Salonga",
      "target": "Harvey Fierstein",
      "colab_count": 1
    },
    {
      "source": "Lea Salonga",
      "target": "James Hong",
      "colab_count": 1
    },
    {
      "source": "Lea Salonga",
      "target": "Jerry Tondo",
      "colab_count": 1
    },
    {
      "source": "Lea Salonga",
      "target": "Marni Nixon",
      "colab_count": 1
    },
    {
      "source": "Lea Salonga",
      "target": "Matthew Wilder",
      "colab_count": 1
    },
    {
      "source": "Maia Mitchell",
      "target": "Grace Phipps",
      "colab_count": 1
    },
    {
      "source": "Maia Mitchell",
      "target": "Ross Lynch",
      "colab_count": 1
    },
    {
      "source": "Maia Mitchell",
      "target": "Spencer Lee",
      "colab_count": 1
    },
    {
      "source": "Maia Mitchell",
      "target": "Teen Beach Movie Cast",
      "colab_count": 1
    },
    {
      "source": "Major Lazer",
      "target": "Bruno Mars",
      "colab_count": 1
    },
    {
      "source": "Major Lazer",
      "target": "Busy Signal",
      "colab_count": 1
    },
    {
      "source": "Major Lazer",
      "target": "FS Green",
      "colab_count": 1
    },
    {
      "source": "Major Lazer",
      "target": "Mystic",
      "colab_count": 1
    },
    {
      "source": "Major Lazer",
      "target": "The Flexican",
      "colab_count": 1
    },
    {
      "source": "Major Lazer",
      "target": "Tyga",
      "colab_count": 1
    },
    {
      "source": "Markus Schulz",
      "target": "Myon",
      "colab_count": 1
    },
    {
      "source": "Markus Schulz",
      "target": "SERi",
      "colab_count": 1
    },
    {
      "source": "Markus Schulz",
      "target": "Shane 54",
      "colab_count": 1
    },
    {
      "source": "Mike WiLL Made-It",
      "target": "Juicy J",
      "colab_count": 1
    },
    {
      "source": "Mike WiLL Made-It",
      "target": "Miley Cyrus",
      "colab_count": 1
    },
    {
      "source": "Mike WiLL Made-It",
      "target": "Wiz Khalifa",
      "colab_count": 1
    },
    {
      "source": "Old Crow Medicine Show",
      "target": "Ani DiFranco",
      "colab_count": 1
    },
    {
      "source": "Old Crow Medicine Show",
      "target": "Dan Gellert",
      "colab_count": 1
    },
    {
      "source": "Old Crow Medicine Show",
      "target": "Donovan",
      "colab_count": 1
    },
    {
      "source": "Old Crow Medicine Show",
      "target": "Jackson Browne",
      "colab_count": 1
    },
    {
      "source": "Old Crow Medicine Show",
      "target": "Jimmy LaFave",
      "colab_count": 1
    },
    {
      "source": "Old Crow Medicine Show",
      "target": "Joel Rafael",
      "colab_count": 1
    },
    {
      "source": "Old Crow Medicine Show",
      "target": "John Leventhal",
      "colab_count": 1
    },
    {
      "source": "Old Crow Medicine Show",
      "target": "John Mellencamp",
      "colab_count": 1
    },
    {
      "source": "Old Crow Medicine Show",
      "target": "Judy Collins",
      "colab_count": 1
    },
    {
      "source": "Old Crow Medicine Show",
      "target": "Lucinda Williams",
      "colab_count": 1
    },
    {
      "source": "Old Crow Medicine Show",
      "target": "Ramblin' Jack Elliott",
      "colab_count": 1
    },
    {
      "source": "Old Crow Medicine Show",
      "target": "Rosanne Cash",
      "colab_count": 1
    },
    {
      "source": "Old Crow Medicine Show",
      "target": "Ry Cooder",
      "colab_count": 1
    },
    {
      "source": "Old Crow Medicine Show",
      "target": "Sweet Honey In The Rock",
      "colab_count": 1
    },
    {
      "source": "Old Crow Medicine Show",
      "target": "The Del McCoury Band",
      "colab_count": 1
    },
    {
      "source": "Old Crow Medicine Show",
      "target": "Tim O'Brien",
      "colab_count": 1
    },
    {
      "source": "Old Crow Medicine Show",
      "target": "Tom Morello",
      "colab_count": 1
    },
    {
      "source": "Old Crow Medicine Show",
      "target": "Tony Trischka",
      "colab_count": 1
    },
    {
      "source": "Pyotr Ilyich Tchaikovsky",
      "target": "BBC Symphony Orchestra",
      "colab_count": 1
    },
    {
      "source": "Pyotr Ilyich Tchaikovsky",
      "target": "Jean-Guihen Queyras",
      "colab_count": 1
    },
    {
      "source": "Ralph Vaughan Williams",
      "target": "Andrew Davis",
      "colab_count": 1
    },
    {
      "source": "Ralph Vaughan Williams",
      "target": "BBC Philharmonic",
      "colab_count": 1
    },
    {
      "source": "Ralph Vaughan Williams",
      "target": "Tasmin Little",
      "colab_count": 1
    },
    {
      "source": "Rich Gang",
      "target": "Birdman",
      "colab_count": 2
    },
    {
      "source": "Rich Gang",
      "target": "Future",
      "colab_count": 2
    },
    {
      "source": "Rich Gang",
      "target": "Lil Wayne",
      "colab_count": 2
    },
    {
      "source": "Rich Gang",
      "target": "Mack Maine",
      "colab_count": 2
    },
    {
      "source": "Rich Gang",
      "target": "Nicki Minaj",
      "colab_count": 2
    },
    {
      "source": "T.I.",
      "target": "B.o.B",
      "colab_count": 1
    },
    {
      "source": "T.I.",
      "target": "Kendrick Lamar",
      "colab_count": 1
    },
    {
      "source": "T.I.",
      "target": "Kris Stephens",
      "colab_count": 1
    },
    {
      "source": "Tech N9ne",
      "target": "B.o.B. /Krizz Kaliko",
      "colab_count": 1
    },
    {
      "source": "Tech N9ne",
      "target": "CES Cru",
      "colab_count": 1
    },
    {
      "source": "Tech N9ne",
      "target": "Kendall Morgan",
      "colab_count": 1
    },
    {
      "source": "Tech N9ne",
      "target": "Kendrick Lamar",
      "colab_count": 1
    },
    {
      "source": "Tech N9ne",
      "target": "Mayday",
      "colab_count": 2
    },
    {
      "source": "Tech N9ne",
      "target": "Rittz",
      "colab_count": 1
    },
    {
      "source": "Tech N9ne",
      "target": "Snow Tha Product",
      "colab_count": 1
    },
    {
      "source": "Tech N9ne",
      "target": "Stevie Stone",
      "colab_count": 1
    },
    {
      "source": "Tech N9ne",
      "target": "Twisted Insane",
      "colab_count": 1
    },
    {
      "source": "Tech N9ne",
      "target": "Wrekonize",
      "colab_count": 1
    },
    {
      "source": "The Skyliners",
      "target": "Beaumont",
      "colab_count": 1
    },
    {
      "source": "The Skyliners",
      "target": "Rock",
      "colab_count": 1
    },
    {
      "source": "The Skyliners",
      "target": "Verscharen",
      "colab_count": 1
    },
    {
      "source": "The Skyliners",
      "target": "Vogel",
      "colab_count": 1
    },
    {
      "source": "Tyga",
      "target": "Cedric Gervais",
      "colab_count": 1
    },
    {
      "source": "Tyga",
      "target": "Mally Mall",
      "colab_count": 1
    },
    {
      "source": "Tyga",
      "target": "Wiz Khalifa",
      "colab_count": 1
    },
    {
      "source": "Tyler, The Creator",
      "target": "Jasper Dolphin",
      "colab_count": 1
    },
    {
      "source": "Tyler, The Creator",
      "target": "L-Boy",
      "colab_count": 1
    },
    {
      "source": "Tyler, The Creator",
      "target": "Lee Spielman",
      "colab_count": 1
    },
    {
      "source": "Tyler, The Creator",
      "target": "Left Brain",
      "colab_count": 1
    },
    {
      "source": "Tyler, The Creator",
      "target": "Lucas.",
      "colab_count": 1
    },
    {
      "source": "Tyler, The Creator",
      "target": "Na' kel",
      "colab_count": 1
    },
    {
      "source": "Tyler, The Creator",
      "target": "TACO",
      "colab_count": 1
    },
    {
      "source": "Wolfgang Amadeus Mozart",
      "target": "Academy of Ancient Music",
      "colab_count": 1
    },
    {
      "source": "Wolfgang Amadeus Mozart",
      "target": "Choir of King's College, Cambridge",
      "colab_count": 1
    },
    {
      "source": "Wolfgang Amadeus Mozart",
      "target": "Stephen Cleobury",
      "colab_count": 1
    },
    {
      "source": "will.i.am",
      "target": "French Montana",
      "colab_count": 1
    },
    {
      "source": "will.i.am",
      "target": "Miley Cyrus",
      "colab_count": 1
    },
    {
      "source": "will.i.am",
      "target": "Mustard",
      "colab_count": 1
    },
    {
      "source": "will.i.am",
      "target": "Wiz Khalifa",
      "colab_count": 1
    }
  ]
}