{
  "nodes": [
    {
      "id": "Ab-Soul",
      "group": 1,
      "song_count": 1
    },
    {
      "id": "Ace Hood",
      "group": 1,
      "song_count": 1
    },
    {
      "id": "Adam Hicks",
      "group": 10,
      "song_count": 11
    },
    {
      "id": "Afrojack",
      "group": 1,
      "song_count": 1
    },
    {
      "id": "Alesso",
      "group": 1,
      "song_count": 1
    },
    {
      "id": "Alex Kenji",
      "group": 1,
      "song_count": 1
    },
    {
      "id": "Amy Adams",
      "group": 1,
      "song_count": 1
    },
    {
      "id": "Andrew Rannells",
      "group": 10,
      "song_count": 36
    },
    {
      "id": "Andrew Skeet",
      "group": 1,
      "song_count": 1
    },
    {
      "id": "Anne Hathaway",
      "group": 1,
      "song_count": 1
    },
    {
      "id": "Atticus Ross",
      "group": 1,
      "song_count": 1
    },
    {
      "id": "Baby",
      "group": 1,
      "song_count": 1
    },
    {
      "id": "Benjamin Schrader",
      "group": 4,
      "song_count": 4
    },
    {
      "id": "Birdman",
      "group": 1,
      "song_count": 1
    },
    {
      "id": "Blackstreet",
      "group": 2,
      "song_count": 2
    },
    {
      "id": "Blake Michael",
      "group": 2,
      "song_count": 2
    },
    {
      "id": "Blinky Blink",
      "group": 1,
      "song_count": 1
    },
    {
      "id": "Brian Sears",
      "group": 4,
      "song_count": 4
    },
    {
      "id": "Brian Tuey",
      "group": 10,
      "song_count": 18
    },
    {
      "id": "Brian Tyree Henry",
      "group": 1,
      "song_count": 1
    },
    {
      "id": "Bridgit Mendler",
      "group": 7,
      "song_count": 7
    },
    {
      "id": "Bun B",
      "group": 1,
      "song_count": 1
    },
    {
      "id": "Busta Rhymes",
      "group": 2,
      "song_count": 2
    },
    {
      "id": "Charles Dutoit",
      "group": 1,
      "song_count": 1
    },
    {
      "id": "Chris Thile",
      "group": 1,
      "song_count": 1
    },
    {
      "id": "Clark Johnsen",
      "group": 4,
      "song_count": 4
    },
    {
      "id": "DJ Khaled",
      "group": 10,
      "song_count": 15
    },
    {
      "id": "Darlesia Cearcy",
      "group": 1,
      "song_count": 1
    },
    {
      "id": "David Guetta",
      "group": 1,
      "song_count": 1
    },
    {
      "id": "Dhani Harrison",
      "group": 2,
      "song_count": 2
    },
    {
      "id": "Drake",
      "group": 1,
      "song_count": 1
    },
    {
      "id": "Edgar Meyer",
      "group": 1,
      "song_count": 1
    },
    {
      "id": "Evil Empire",
      "group": 5,
      "song_count": 5
    },
    {
      "id": "Fat Joe",
      "group": 2,
      "song_count": 2
    },
    {
      "id": "Feist",
      "group": 1,
      "song_count": 1
    },
    {
      "id": "Felix Mendelssohn",
      "group": 2,
      "song_count": 2
    },
    {
      "id": "Frank Ocean",
      "group": 3,
      "song_count": 3
    },
    {
      "id": "Frederic Riesterer",
      "group": 1,
      "song_count": 1
    },
    {
      "id": "George Lopez",
      "group": 1,
      "song_count": 1
    },
    {
      "id": "Giorgio Tuinfort",
      "group": 1,
      "song_count": 1
    },
    {
      "id": "Graham Bowen",
      "group": 1,
      "song_count": 1
    },
    {
      "id": "Hayley Kiyoko",
      "group": 4,
      "song_count": 4
    },
    {
      "id": "JAY-Z",
      "group": 9,
      "song_count": 9
    },
    {
      "id": "Jadakiss",
      "group": 1,
      "song_count": 1
    },
    {
      "id": "James McCawley",
      "group": 6,
      "song_count": 6
    },
    {
      "id": "Jamie Foxx",
      "group": 1,
      "song_count": 1
    },
    {
      "id": "Jared Gertner",
      "group": 1,
      "song_count": 1
    },
    {
      "id": "Jason Michael Snow",
      "group": 4,
      "song_count": 4
    },
    {
      "id": "Jason Segel",
      "group": 1,
      "song_count": 1
    },
    {
      "id": "Jay Rock",
      "group": 3,
      "song_count": 3
    },
    {
      "id": "Jeff Lynne",
      "group": 2,
      "song_count": 2
    },
    {
      "id": "Jesse Eisenberg",
      "group": 5,
      "song_count": 5
    },
    {
      "id": "John Eric Parker",
      "group": 1,
      "song_count": 1
    },
    {
      "id": "Josh Gad",
      "group": 5,
      "song_count": 5
    },
    {
      "id": "Justin Bohon",
      "group": 4,
      "song_count": 4
    },
    {
      "id": "Kanye West",
      "group": 3,
      "song_count": 3
    },
    {
      "id": "Karen O",
      "group": 1,
      "song_count": 1
    },
    {
      "id": "Kendrick Lamar",
      "group": 1,
      "song_count": 1
    },
    {
      "id": "Kevin Duda",
      "group": 4,
      "song_count": 4
    },
    {
      "id": "Kevin Sherwood",
      "group": 6,
      "song_count": 6
    },
    {
      "id": "Koji Kondo",
      "group": 3,
      "song_count": 3
    },
    {
      "id": "Kyung Wha Chung",
      "group": 1,
      "song_count": 1
    },
    {
      "id": "Lawrence Stallings",
      "group": 1,
      "song_count": 1
    },
    {
      "id": "Lewis Cleale",
      "group": 3,
      "song_count": 3
    },
    {
      "id": "Lil Jon",
      "group": 1,
      "song_count": 1
    },
    {
      "id": "Lil Wayne",
      "group": 1,
      "song_count": 1
    },
    {
      "id": "London Philharmonic Orchestra",
      "group": 1,
      "song_count": 1
    },
    {
      "id": "Ludacris",
      "group": 1,
      "song_count": 1
    },
    {
      "id": "Mahito Yokota",
      "group": 1,
      "song_count": 1
    },
    {
      "id": "Maia Nkenge Wilson",
      "group": 1,
      "song_count": 1
    },
    {
      "id": "Mase",
      "group": 1,
      "song_count": 1
    },
    {
      "id": "Mavado",
      "group": 1,
      "song_count": 1
    },
    {
      "id": "Michael James Scott",
      "group": 2,
      "song_count": 2
    },
    {
      "id": "Michael Potts",
      "group": 10,
      "song_count": 12
    },
    {
      "id": "Mickey Rooney",
      "group": 4,
      "song_count": 4
    },
    {
      "id": "Nadia Ali",
      "group": 3,
      "song_count": 3
    },
    {
      "id": "Naomi Scott",
      "group": 4,
      "song_count": 4
    },
    {
      "id": "Nayer",
      "group": 1,
      "song_count": 1
    },
    {
      "id": "Ne-Yo",
      "group": 1,
      "song_count": 1
    },
    {
      "id": "Nick Spangler",
      "group": 1,
      "song_count": 1
    },
    {
      "id": "Pitbull",
      "group": 3,
      "song_count": 3
    },
    {
      "id": "Prince",
      "group": 2,
      "song_count": 2
    },
    {
      "id": "Ray Manzarek",
      "group": 1,
      "song_count": 1
    },
    {
      "id": "Rema Webb",
      "group": 1,
      "song_count": 1
    },
    {
      "id": "Rick Ross",
      "group": 1,
      "song_count": 1
    },
    {
      "id": "Robby Krieger",
      "group": 1,
      "song_count": 1
    },
    {
      "id": "Rory O'Malley",
      "group": 4,
      "song_count": 4
    },
    {
      "id": "Ross",
      "group": 1,
      "song_count": 1
    },
    {
      "id": "ScHoolboy Q",
      "group": 1,
      "song_count": 1
    },
    {
      "id": "Scott Barnhardt",
      "group": 10,
      "song_count": 12
    },
    {
      "id": "Skrillex",
      "group": 3,
      "song_count": 3
    },
    {
      "id": "Snoop Dogg",
      "group": 3,
      "song_count": 3
    },
    {
      "id": "Starkillers",
      "group": 1,
      "song_count": 1
    },
    {
      "id": "Steve Winwood",
      "group": 2,
      "song_count": 2
    },
    {
      "id": "Stuart Duncan",
      "group": 3,
      "song_count": 3
    },
    {
      "id": "T-Pain",
      "group": 1,
      "song_count": 1
    },
    {
      "id": "T.I.P",
      "group": 1,
      "song_count": 1
    },
    {
      "id": "Ta'Rea Campbell",
      "group": 1,
      "song_count": 1
    },
    {
      "id": "The Doors",
      "group": 1,
      "song_count": 1
    },
    {
      "id": "The Game",
      "group": 1,
      "song_count": 1
    },
    {
      "id": "The Rio Singers",
      "group": 1,
      "song_count": 1
    },
    {
      "id": "The-Dream",
      "group": 3,
      "song_count": 3
    },
    {
      "id": "Tom Petty",
      "group": 8,
      "song_count": 8
    },
    {
      "id": "Tommar Wilson",
      "group": 1,
      "song_count": 1
    },
    {
      "id": "Travis Barker",
      "group": 4,
      "song_count": 4
    },
    {
      "id": "Trent Reznor",
      "group": 1,
      "song_count": 1
    },
    {
      "id": "Trent Reznor and Atticus Ross",
      "group": 3,
      "song_count": 3
    },
    {
      "id": "Treyarch Sound",
      "group": 6,
      "song_count": 6
    },
    {
      "id": "Twista",
      "group": 2,
      "song_count": 2
    },
    {
      "id": "Tyson Jennette",
      "group": 1,
      "song_count": 1
    },
    {
      "id": "Waka Flocka Flame",
      "group": 1,
      "song_count": 1
    },
    {
      "id": "Walter",
      "group": 1,
      "song_count": 1
    },
    {
      "id": "Wayne",
      "group": 1,
      "song_count": 1
    },
    {
      "id": "Yelawolf",
      "group": 1,
      "song_count": 1
    },
    {
      "id": "Yo-Yo Ma",
      "group": 1,
      "song_count": 1
    },
    {
      "id": "will.i.am",
      "group": 1,
      "song_count": 1
    }
  ],
  "links": [
    {
      "source": "Adam Hicks",
      "target": "Blake Michael",
      "colab_count": 1
    },
    {
      "source": "Adam Hicks",
      "target": "Bridgit Mendler",
      "colab_count": 3
    },
    {
      "source": "Adam Hicks",
      "target": "Hayley Kiyoko",
      "colab_count": 3
    },
    {
      "source": "Adam Hicks",
      "target": "Naomi Scott",
      "colab_count": 3
    },
    {
      "source": "Andrew Rannells",
      "target": "Benjamin Schrader",
      "colab_count": 3
    },
    {
      "source": "Andrew Rannells",
      "target": "Brian Sears",
      "colab_count": 3
    },
    {
      "source": "Andrew Rannells",
      "target": "Clark Johnsen",
      "colab_count": 3
    },
    {
      "source": "Andrew Rannells",
      "target": "Graham Bowen",
      "colab_count": 1
    },
    {
      "source": "Andrew Rannells",
      "target": "Jared Gertner",
      "colab_count": 1
    },
    {
      "source": "Andrew Rannells",
      "target": "Jason Michael Snow",
      "colab_count": 3
    },
    {
      "source": "Andrew Rannells",
      "target": "Josh Gad",
      "colab_count": 3
    },
    {
      "source": "Andrew Rannells",
      "target": "Justin Bohon",
      "colab_count": 3
    },
    {
      "source": "Andrew Rannells",
      "target": "Kevin Duda",
      "colab_count": 3
    },
    {
      "source": "Andrew Rannells",
      "target": "Lewis Cleale",
      "colab_count": 3
    },
    {
      "source": "Andrew Rannells",
      "target": "Michael James Scott",
      "colab_count": 1
    },
    {
      "source": "Andrew Rannells",
      "target": "Nick Spangler",
      "colab_count": 1
    },
    {
      "source": "Andrew Rannells",
      "target": "Rory O'Malley",
      "colab_count": 3
    },
    {
      "source": "Andrew Rannells",
      "target": "Scott Barnhardt",
      "colab_count": 3
    },
    {
      "source": "Blackstreet",
      "target": "Blinky Blink",
      "colab_count": 1
    },
    {
      "source": "Blackstreet",
      "target": "Mase",
      "colab_count": 1
    },
    {
      "source": "Brian Tuey",
      "target": "James McCawley",
      "colab_count": 6
    },
    {
      "source": "Brian Tuey",
      "target": "Kevin Sherwood",
      "colab_count": 6
    },
    {
      "source": "Brian Tuey",
      "target": "Treyarch Sound",
      "colab_count": 6
    },
    {
      "source": "Bridgit Mendler",
      "target": "Adam Hicks",
      "colab_count": 1
    },
    {
      "source": "Bridgit Mendler",
      "target": "Blake Michael",
      "colab_count": 1
    },
    {
      "source": "Bridgit Mendler",
      "target": "Hayley Kiyoko",
      "colab_count": 1
    },
    {
      "source": "Bridgit Mendler",
      "target": "Naomi Scott",
      "colab_count": 1
    },
    {
      "source": "DJ Khaled",
      "target": "Ace Hood",
      "colab_count": 1
    },
    {
      "source": "DJ Khaled",
      "target": "Birdman",
      "colab_count": 1
    },
    {
      "source": "DJ Khaled",
      "target": "Bun B",
      "colab_count": 1
    },
    {
      "source": "DJ Khaled",
      "target": "Busta Rhymes",
      "colab_count": 1
    },
    {
      "source": "DJ Khaled",
      "target": "Drake",
      "colab_count": 1
    },
    {
      "source": "DJ Khaled",
      "target": "Fat Joe",
      "colab_count": 1
    },
    {
      "source": "DJ Khaled",
      "target": "Jadakiss",
      "colab_count": 1
    },
    {
      "source": "DJ Khaled",
      "target": "Lil Wayne",
      "colab_count": 1
    },
    {
      "source": "DJ Khaled",
      "target": "Ludacris",
      "colab_count": 1
    },
    {
      "source": "DJ Khaled",
      "target": "Mavado",
      "colab_count": 1
    },
    {
      "source": "DJ Khaled",
      "target": "Rick Ross",
      "colab_count": 1
    },
    {
      "source": "DJ Khaled",
      "target": "T-Pain",
      "colab_count": 1
    },
    {
      "source": "DJ Khaled",
      "target": "The Game",
      "colab_count": 1
    },
    {
      "source": "DJ Khaled",
      "target": "Twista",
      "colab_count": 1
    },
    {
      "source": "DJ Khaled",
      "target": "Waka Flocka Flame",
      "colab_count": 1
    },
    {
      "source": "Evil Empire",
      "target": "Baby",
      "colab_count": 1
    },
    {
      "source": "Evil Empire",
      "target": "Fat Joe",
      "colab_count": 1
    },
    {
      "source": "Evil Empire",
      "target": "Ross",
      "colab_count": 1
    },
    {
      "source": "Evil Empire",
      "target": "T.I.P",
      "colab_count": 1
    },
    {
      "source": "Evil Empire",
      "target": "Wayne",
      "colab_count": 1
    },
    {
      "source": "Felix Mendelssohn",
      "target": "Charles Dutoit",
      "colab_count": 1
    },
    {
      "source": "Felix Mendelssohn",
      "target": "Kyung Wha Chung",
      "colab_count": 1
    },
    {
      "source": "JAY-Z",
      "target": "Frank Ocean",
      "colab_count": 3
    },
    {
      "source": "JAY-Z",
      "target": "Kanye West",
      "colab_count": 3
    },
    {
      "source": "JAY-Z",
      "target": "The-Dream",
      "colab_count": 3
    },
    {
      "source": "Jay Rock",
      "target": "Ab-Soul",
      "colab_count": 1
    },
    {
      "source": "Jay Rock",
      "target": "Kendrick Lamar",
      "colab_count": 1
    },
    {
      "source": "Jay Rock",
      "target": "ScHoolboy Q",
      "colab_count": 1
    },
    {
      "source": "Jesse Eisenberg",
      "target": "Anne Hathaway",
      "colab_count": 1
    },
    {
      "source": "Jesse Eisenberg",
      "target": "George Lopez",
      "colab_count": 1
    },
    {
      "source": "Jesse Eisenberg",
      "target": "Jamie Foxx",
      "colab_count": 1
    },
    {
      "source": "Jesse Eisenberg",
      "target": "The Rio Singers",
      "colab_count": 1
    },
    {
      "source": "Jesse Eisenberg",
      "target": "will.i.am",
      "colab_count": 1
    },
    {
      "source": "Koji Kondo",
      "target": "Andrew Skeet",
      "colab_count": 1
    },
    {
      "source": "Koji Kondo",
      "target": "London Philharmonic Orchestra",
      "colab_count": 1
    },
    {
      "source": "Koji Kondo",
      "target": "Mahito Yokota",
      "colab_count": 1
    },
    {
      "source": "Michael Potts",
      "target": "Andrew Rannells",
      "colab_count": 1
    },
    {
      "source": "Michael Potts",
      "target": "Brian Tyree Henry",
      "colab_count": 1
    },
    {
      "source": "Michael Potts",
      "target": "Darlesia Cearcy",
      "colab_count": 1
    },
    {
      "source": "Michael Potts",
      "target": "John Eric Parker",
      "colab_count": 1
    },
    {
      "source": "Michael Potts",
      "target": "Josh Gad",
      "colab_count": 1
    },
    {
      "source": "Michael Potts",
      "target": "Lawrence Stallings",
      "colab_count": 1
    },
    {
      "source": "Michael Potts",
      "target": "Maia Nkenge Wilson",
      "colab_count": 1
    },
    {
      "source": "Michael Potts",
      "target": "Michael James Scott",
      "colab_count": 1
    },
    {
      "source": "Michael Potts",
      "target": "Rema Webb",
      "colab_count": 1
    },
    {
      "source": "Michael Potts",
      "target": "Ta'Rea Campbell",
      "colab_count": 1
    },
    {
      "source": "Michael Potts",
      "target": "Tommar Wilson",
      "colab_count": 1
    },
    {
      "source": "Michael Potts",
      "target": "Tyson Jennette",
      "colab_count": 1
    },
    {
      "source": "Mickey Rooney",
      "target": "Amy Adams",
      "colab_count": 1
    },
    {
      "source": "Mickey Rooney",
      "target": "Feist",
      "colab_count": 1
    },
    {
      "source": "Mickey Rooney",
      "target": "Jason Segel",
      "colab_count": 1
    },
    {
      "source": "Mickey Rooney",
      "target": "Walter",
      "colab_count": 1
    },
    {
      "source": "Nadia Ali",
      "target": "Alesso",
      "colab_count": 1
    },
    {
      "source": "Nadia Ali",
      "target": "Alex Kenji",
      "colab_count": 1
    },
    {
      "source": "Nadia Ali",
      "target": "Starkillers",
      "colab_count": 1
    },
    {
      "source": "Pitbull",
      "target": "Afrojack",
      "colab_count": 1
    },
    {
      "source": "Pitbull",
      "target": "Nayer",
      "colab_count": 1
    },
    {
      "source": "Pitbull",
      "target": "Ne-Yo",
      "colab_count": 1
    },
    {
      "source": "Scott Barnhardt",
      "target": "Andrew Rannells",
      "colab_count": 1
    },
    {
      "source": "Scott Barnhardt",
      "target": "Benjamin Schrader",
      "colab_count": 1
    },
    {
      "source": "Scott Barnhardt",
      "target": "Brian Sears",
      "colab_count": 1
    },
    {
      "source": "Scott Barnhardt",
      "target": "Clark Johnsen",
      "colab_count": 1
    },
    {
      "source": "Scott Barnhardt",
      "target": "Jason Michael Snow",
      "colab_count": 1
    },
    {
      "source": "Scott Barnhardt",
      "target": "Josh Gad",
      "colab_count": 1
    },
    {
      "source": "Scott Barnhardt",
      "target": "Justin Bohon",
      "colab_count": 1
    },
    {
      "source": "Scott Barnhardt",
      "target": "Kevin Duda",
      "colab_count": 1
    },
    {
      "source": "Scott Barnhardt",
      "target": "Rory O'Malley",
      "colab_count": 1
    },
    {
      "source": "Skrillex",
      "target": "Ray Manzarek",
      "colab_count": 1
    },
    {
      "source": "Skrillex",
      "target": "Robby Krieger",
      "colab_count": 1
    },
    {
      "source": "Skrillex",
      "target": "The Doors",
      "colab_count": 1
    },
    {
      "source": "Snoop Dogg",
      "target": "David Guetta",
      "colab_count": 1
    },
    {
      "source": "Snoop Dogg",
      "target": "Frederic Riesterer",
      "colab_count": 1
    },
    {
      "source": "Snoop Dogg",
      "target": "Giorgio Tuinfort",
      "colab_count": 1
    },
    {
      "source": "Stuart Duncan",
      "target": "Chris Thile",
      "colab_count": 1
    },
    {
      "source": "Stuart Duncan",
      "target": "Edgar Meyer",
      "colab_count": 1
    },
    {
      "source": "Stuart Duncan",
      "target": "Yo-Yo Ma",
      "colab_count": 1
    },
    {
      "source": "Tom Petty",
      "target": "Dhani Harrison",
      "colab_count": 2
    },
    {
      "source": "Tom Petty",
      "target": "Jeff Lynne",
      "colab_count": 2
    },
    {
      "source": "Tom Petty",
      "target": "Prince",
      "colab_count": 2
    },
    {
      "source": "Tom Petty",
      "target": "Steve Winwood",
      "colab_count": 2
    },
    {
      "source": "Travis Barker",
      "target": "Busta Rhymes",
      "colab_count": 1
    },
    {
      "source": "Travis Barker",
      "target": "Lil Jon",
      "colab_count": 1
    },
    {
      "source": "Travis Barker",
      "target": "Twista",
      "colab_count": 1
    },
    {
      "source": "Travis Barker",
      "target": "Yelawolf",
      "colab_count": 1
    },
    {
      "source": "Trent Reznor and Atticus Ross",
      "target": "Atticus Ross",
      "colab_count": 1
    },
    {
      "source": "Trent Reznor and Atticus Ross",
      "target": "Karen O",
      "colab_count": 1
    },
    {
      "source": "Trent Reznor and Atticus Ross",
      "target": "Trent Reznor",
      "colab_count": 1
    }
  ]
}