{
  "nodes": [
    {
      "id": "A.G.",
      "group": 1,
      "song_count": 1
    },
    {
      "id": "Academy of Ancient Music",
      "group": 1,
      "song_count": 1
    },
    {
      "id": "Admiral Bailey",
      "group": 1,
      "song_count": 1
    },
    {
      "id": "Alan Menken",
      "group": 6,
      "song_count": 6
    },
    {
      "id": "Alexander Hanson",
      "group": 8,
      "song_count": 8
    },
    {
      "id": "Alka Yagnik",
      "group": 1,
      "song_count": 1
    },
    {
      "id": "Amil",
      "group": 3,
      "song_count": 3
    },
    {
      "id": "Anders Soldh",
      "group": 8,
      "song_count": 8
    },
    {
      "id": "Baby G",
      "group": 1,
      "song_count": 1
    },
    {
      "id": "Beanie Sigel",
      "group": 3,
      "song_count": 3
    },
    {
      "id": "Beenie Man",
      "group": 1,
      "song_count": 1
    },
    {
      "id": "Big L",
      "group": 1,
      "song_count": 1
    },
    {
      "id": "Big Pokey",
      "group": 4,
      "song_count": 4
    },
    {
      "id": "Bounty Killer",
      "group": 1,
      "song_count": 1
    },
    {
      "id": "Bow Wow",
      "group": 1,
      "song_count": 1
    },
    {
      "id": "Busta Rhymes",
      "group": 1,
      "song_count": 1
    },
    {
      "id": "Butch Cassidy",
      "group": 1,
      "song_count": 1
    },
    {
      "id": "C-Bone",
      "group": 1,
      "song_count": 1
    },
    {
      "id": "Capella Brugensis",
      "group": 1,
      "song_count": 1
    },
    {
      "id": "Capleton",
      "group": 1,
      "song_count": 1
    },
    {
      "id": "Cappadonna",
      "group": 1,
      "song_count": 1
    },
    {
      "id": "Cecilia Bartoli",
      "group": 1,
      "song_count": 1
    },
    {
      "id": "Chris Ward",
      "group": 1,
      "song_count": 1
    },
    {
      "id": "Christopher Hogwood",
      "group": 1,
      "song_count": 1
    },
    {
      "id": "Clancy Brown",
      "group": 1,
      "song_count": 1
    },
    {
      "id": "Clue",
      "group": 1,
      "song_count": 1
    },
    {
      "id": "Co of Tre +6",
      "group": 2,
      "song_count": 2
    },
    {
      "id": "Collegium Instrumentale Brugense",
      "group": 1,
      "song_count": 1
    },
    {
      "id": "D.I.T.C.",
      "group": 3,
      "song_count": 3
    },
    {
      "id": "DEFARI",
      "group": 1,
      "song_count": 1
    },
    {
      "id": "DMX",
      "group": 1,
      "song_count": 1
    },
    {
      "id": "Da Brat",
      "group": 1,
      "song_count": 1
    },
    {
      "id": "Dan The Automator",
      "group": 9,
      "song_count": 9
    },
    {
      "id": "Dan Zanes",
      "group": 3,
      "song_count": 3
    },
    {
      "id": "Del The Funky Homosapien",
      "group": 9,
      "song_count": 9
    },
    {
      "id": "Deltron 3030",
      "group": 10,
      "song_count": 27
    },
    {
      "id": "Destiny's Child",
      "group": 3,
      "song_count": 3
    },
    {
      "id": "Dilated Peoples",
      "group": 4,
      "song_count": 4
    },
    {
      "id": "Donald Saaf",
      "group": 1,
      "song_count": 1
    },
    {
      "id": "Dr. Dre",
      "group": 1,
      "song_count": 1
    },
    {
      "id": "Duece Poppito",
      "group": 1,
      "song_count": 1
    },
    {
      "id": "Duece Poppito of 24 Karatz",
      "group": 1,
      "song_count": 1
    },
    {
      "id": "Eastside Boyz",
      "group": 1,
      "song_count": 1
    },
    {
      "id": "Elephant Man",
      "group": 10,
      "song_count": 12
    },
    {
      "id": "Elton John",
      "group": 2,
      "song_count": 2
    },
    {
      "id": "Eminem",
      "group": 4,
      "song_count": 4
    },
    {
      "id": "Erick Sermon",
      "group": 1,
      "song_count": 1
    },
    {
      "id": "Foxy Brown",
      "group": 1,
      "song_count": 1
    },
    {
      "id": "Freeway",
      "group": 1,
      "song_count": 1
    },
    {
      "id": "Friends",
      "group": 1,
      "song_count": 1
    },
    {
      "id": "GZA",
      "group": 1,
      "song_count": 1
    },
    {
      "id": "Gangsta",
      "group": 1,
      "song_count": 1
    },
    {
      "id": "Gavin Greenaway",
      "group": 4,
      "song_count": 4
    },
    {
      "id": "George Frideric Handel",
      "group": 3,
      "song_count": 3
    },
    {
      "id": "Gerald Hambitzer",
      "group": 1,
      "song_count": 1
    },
    {
      "id": "Ghostface Killah",
      "group": 4,
      "song_count": 4
    },
    {
      "id": "Greta de Reyghere",
      "group": 1,
      "song_count": 1
    },
    {
      "id": "Greyboy",
      "group": 3,
      "song_count": 3
    },
    {
      "id": "Hans Ek",
      "group": 1,
      "song_count": 1
    },
    {
      "id": "Hans Zimmer",
      "group": 5,
      "song_count": 5
    },
    {
      "id": "Harry Toddler",
      "group": 1,
      "song_count": 1
    },
    {
      "id": "Helmut Muller-Bruhl",
      "group": 8,
      "song_count": 8
    },
    {
      "id": "Henryk Szeryng",
      "group": 1,
      "song_count": 1
    },
    {
      "id": "Ice Cube",
      "group": 3,
      "song_count": 3
    },
    {
      "id": "Ishaan",
      "group": 1,
      "song_count": 1
    },
    {
      "id": "J. Ro",
      "group": 1,
      "song_count": 1
    },
    {
      "id": "JAY-Z",
      "group": 8,
      "song_count": 8
    },
    {
      "id": "Jadakiss",
      "group": 1,
      "song_count": 1
    },
    {
      "id": "Jan van der Crabben",
      "group": 1,
      "song_count": 1
    },
    {
      "id": "Jayo Felony",
      "group": 1,
      "song_count": 1
    },
    {
      "id": "Jermaine Dupri",
      "group": 1,
      "song_count": 1
    },
    {
      "id": "Jodi Benson",
      "group": 4,
      "song_count": 4
    },
    {
      "id": "Joe",
      "group": 1,
      "song_count": 1
    },
    {
      "id": "Johann Sebastian Bach",
      "group": 10,
      "song_count": 26
    },
    {
      "id": "Karl Kaiser",
      "group": 1,
      "song_count": 1
    },
    {
      "id": "Kavita Krishnamurthy",
      "group": 1,
      "song_count": 1
    },
    {
      "id": "Kay E Kuter",
      "group": 1,
      "song_count": 1
    },
    {
      "id": "Kid Koala",
      "group": 9,
      "song_count": 9
    },
    {
      "id": "Klaus Badelt",
      "group": 5,
      "song_count": 5
    },
    {
      "id": "Kolja Blacher",
      "group": 2,
      "song_count": 2
    },
    {
      "id": "Kolner Kammerorchester",
      "group": 8,
      "song_count": 8
    },
    {
      "id": "Kumar Sanu",
      "group": 3,
      "song_count": 3
    },
    {
      "id": "Lata Mangeshkar",
      "group": 8,
      "song_count": 8
    },
    {
      "id": "Leroy Anderson",
      "group": 3,
      "song_count": 3
    },
    {
      "id": "Lexxus",
      "group": 1,
      "song_count": 1
    },
    {
      "id": "Lil Jon",
      "group": 3,
      "song_count": 3
    },
    {
      "id": "Lil' Mo",
      "group": 1,
      "song_count": 1
    },
    {
      "id": "Limp Bizkit",
      "group": 3,
      "song_count": 3
    },
    {
      "id": "Lisa Gerrard",
      "group": 10,
      "song_count": 10
    },
    {
      "id": "Luciano Pavarotti",
      "group": 1,
      "song_count": 1
    },
    {
      "id": "Ludacris",
      "group": 3,
      "song_count": 3
    },
    {
      "id": "M.O.P.",
      "group": 3,
      "song_count": 3
    },
    {
      "id": "Mad Cobra",
      "group": 1,
      "song_count": 1
    },
    {
      "id": "Mafia Mike",
      "group": 1,
      "song_count": 1
    },
    {
      "id": "Manohar Shetty",
      "group": 1,
      "song_count": 1
    },
    {
      "id": "Mariah Carey",
      "group": 4,
      "song_count": 4
    },
    {
      "id": "Marijke van Arnhem",
      "group": 1,
      "song_count": 1
    },
    {
      "id": "Masta Killa",
      "group": 1,
      "song_count": 1
    },
    {
      "id": "Master P",
      "group": 1,
      "song_count": 1
    },
    {
      "id": "Matthew Wilder",
      "group": 1,
      "song_count": 1
    },
    {
      "id": "Memphis Bleek",
      "group": 6,
      "song_count": 6
    },
    {
      "id": "Method Man",
      "group": 1,
      "song_count": 1
    },
    {
      "id": "Michael Behringer",
      "group": 2,
      "song_count": 2
    },
    {
      "id": "Mike D",
      "group": 1,
      "song_count": 1
    },
    {
      "id": "Missy Elliott",
      "group": 1,
      "song_count": 1
    },
    {
      "id": "Mr. Vegas",
      "group": 1,
      "song_count": 1
    },
    {
      "id": "Nas",
      "group": 1,
      "song_count": 1
    },
    {
      "id": "Natalie Dessay",
      "group": 1,
      "song_count": 1
    },
    {
      "id": "Nate Dogg",
      "group": 2,
      "song_count": 2
    },
    {
      "id": "New Philharmonia Orchestra",
      "group": 1,
      "song_count": 1
    },
    {
      "id": "O.C.",
      "group": 1,
      "song_count": 1
    },
    {
      "id": "Olov Helge",
      "group": 4,
      "song_count": 4
    },
    {
      "id": "Orchestra of the Age of Enlightenment",
      "group": 1,
      "song_count": 1
    },
    {
      "id": "OutKast",
      "group": 3,
      "song_count": 3
    },
    {
      "id": "Patrick Peire",
      "group": 1,
      "song_count": 1
    },
    {
      "id": "Paul Nice",
      "group": 1,
      "song_count": 1
    },
    {
      "id": "Phil Collins",
      "group": 4,
      "song_count": 4
    },
    {
      "id": "Phil Da Agony",
      "group": 1,
      "song_count": 1
    },
    {
      "id": "Planet Asia",
      "group": 1,
      "song_count": 1
    },
    {
      "id": "Pritha Mazumdar",
      "group": 1,
      "song_count": 1
    },
    {
      "id": "Quantic",
      "group": 1,
      "song_count": 1
    },
    {
      "id": "Raekwon",
      "group": 1,
      "song_count": 1
    },
    {
      "id": "Redman",
      "group": 1,
      "song_count": 1
    },
    {
      "id": "Remi Martin",
      "group": 1,
      "song_count": 1
    },
    {
      "id": "Renaat Deckers",
      "group": 1,
      "song_count": 1
    },
    {
      "id": "Rob Paulsen",
      "group": 1,
      "song_count": 1
    },
    {
      "id": "Robert Hill",
      "group": 4,
      "song_count": 4
    },
    {
      "id": "Ruff Ryders",
      "group": 4,
      "song_count": 4
    },
    {
      "id": "Samuel E. Wright",
      "group": 1,
      "song_count": 1
    },
    {
      "id": "Scarface",
      "group": 1,
      "song_count": 1
    },
    {
      "id": "Shabba Ranks",
      "group": 1,
      "song_count": 1
    },
    {
      "id": "Shah Rukh Khan",
      "group": 1,
      "song_count": 1
    },
    {
      "id": "Sharon Jones",
      "group": 1,
      "song_count": 1
    },
    {
      "id": "Shawnna",
      "group": 1,
      "song_count": 1
    },
    {
      "id": "Shweta Pandit",
      "group": 1,
      "song_count": 1
    },
    {
      "id": "Sir Alexander Gibson",
      "group": 1,
      "song_count": 1
    },
    {
      "id": "Slimm Calhoun",
      "group": 1,
      "song_count": 1
    },
    {
      "id": "Snoop Dogg",
      "group": 6,
      "song_count": 6
    },
    {
      "id": "Sonali Bhatawdekar",
      "group": 1,
      "song_count": 1
    },
    {
      "id": "Squeak Ru",
      "group": 1,
      "song_count": 1
    },
    {
      "id": "Steven Mercurio",
      "group": 1,
      "song_count": 1
    },
    {
      "id": "Supa Engineer \"Duro\"",
      "group": 1,
      "song_count": 1
    },
    {
      "id": "TMO",
      "group": 1,
      "song_count": 1
    },
    {
      "id": "Tash",
      "group": 1,
      "song_count": 1
    },
    {
      "id": "Teflon",
      "group": 1,
      "song_count": 1
    },
    {
      "id": "Terry Gilkyson",
      "group": 2,
      "song_count": 2
    },
    {
      "id": "Tha Eastsidaz",
      "group": 1,
      "song_count": 1
    },
    {
      "id": "The Lyndhurst Orchestra",
      "group": 4,
      "song_count": 4
    },
    {
      "id": "The Rocket Ship Singers",
      "group": 1,
      "song_count": 1
    },
    {
      "id": "Three 6 Mafia",
      "group": 1,
      "song_count": 1
    },
    {
      "id": "Trick Daddy",
      "group": 6,
      "song_count": 6
    },
    {
      "id": "Trina",
      "group": 3,
      "song_count": 3
    },
    {
      "id": "Twista",
      "group": 1,
      "song_count": 1
    },
    {
      "id": "Udbhav",
      "group": 1,
      "song_count": 1
    },
    {
      "id": "Udit Narayan",
      "group": 2,
      "song_count": 2
    },
    {
      "id": "Ward 21",
      "group": 1,
      "song_count": 1
    },
    {
      "id": "Wayne Marshall",
      "group": 1,
      "song_count": 1
    },
    {
      "id": "White E. Ford",
      "group": 1,
      "song_count": 1
    },
    {
      "id": "Wiener Symphoniker",
      "group": 1,
      "song_count": 1
    },
    {
      "id": "Will Lean",
      "group": 1,
      "song_count": 1
    },
    {
      "id": "Wolfgang Amadeus Mozart",
      "group": 10,
      "song_count": 12
    },
    {
      "id": "Xzibit",
      "group": 4,
      "song_count": 4
    },
    {
      "id": "Youngbloodz",
      "group": 1,
      "song_count": 1
    },
    {
      "id": "Yung Wun",
      "group": 1,
      "song_count": 1
    }
  ],
  "links": [
    {
      "source": "Alan Menken",
      "target": "Alexander Hanson",
      "colab_count": 2
    },
    {
      "source": "Alan Menken",
      "target": "Anders Soldh",
      "colab_count": 2
    },
    {
      "source": "Amil",
      "target": "Beanie Sigel",
      "colab_count": 1
    },
    {
      "source": "Amil",
      "target": "JAY-Z",
      "colab_count": 1
    },
    {
      "source": "Amil",
      "target": "Memphis Bleek",
      "colab_count": 1
    },
    {
      "source": "Anders Soldh",
      "target": "Alexander Hanson",
      "colab_count": 1
    },
    {
      "source": "Anders Soldh",
      "target": "Matthew Wilder",
      "colab_count": 1
    },
    {
      "source": "Big Pokey",
      "target": "Chris Ward",
      "colab_count": 1
    },
    {
      "source": "Big Pokey",
      "target": "Mafia Mike",
      "colab_count": 1
    },
    {
      "source": "Big Pokey",
      "target": "Mike D",
      "colab_count": 1
    },
    {
      "source": "Big Pokey",
      "target": "Will Lean",
      "colab_count": 1
    },
    {
      "source": "D.I.T.C.",
      "target": "A.G.",
      "colab_count": 1
    },
    {
      "source": "D.I.T.C.",
      "target": "Big L",
      "colab_count": 1
    },
    {
      "source": "D.I.T.C.",
      "target": "O.C.",
      "colab_count": 1
    },
    {
      "source": "Dan Zanes",
      "target": "Donald Saaf",
      "colab_count": 1
    },
    {
      "source": "Dan Zanes",
      "target": "Friends",
      "colab_count": 1
    },
    {
      "source": "Dan Zanes",
      "target": "The Rocket Ship Singers",
      "colab_count": 1
    },
    {
      "source": "Deltron 3030",
      "target": "Dan The Automator",
      "colab_count": 9
    },
    {
      "source": "Deltron 3030",
      "target": "Del The Funky Homosapien",
      "colab_count": 9
    },
    {
      "source": "Deltron 3030",
      "target": "Kid Koala",
      "colab_count": 9
    },
    {
      "source": "Destiny's Child",
      "target": "Bow Wow",
      "colab_count": 1
    },
    {
      "source": "Destiny's Child",
      "target": "Da Brat",
      "colab_count": 1
    },
    {
      "source": "Destiny's Child",
      "target": "Jermaine Dupri",
      "colab_count": 1
    },
    {
      "source": "Dilated Peoples",
      "target": "DEFARI",
      "colab_count": 1
    },
    {
      "source": "Dilated Peoples",
      "target": "Phil Da Agony",
      "colab_count": 1
    },
    {
      "source": "Dilated Peoples",
      "target": "Planet Asia",
      "colab_count": 1
    },
    {
      "source": "Dilated Peoples",
      "target": "White E. Ford",
      "colab_count": 1
    },
    {
      "source": "Elephant Man",
      "target": "Admiral Bailey",
      "colab_count": 1
    },
    {
      "source": "Elephant Man",
      "target": "Baby G",
      "colab_count": 1
    },
    {
      "source": "Elephant Man",
      "target": "Beenie Man",
      "colab_count": 1
    },
    {
      "source": "Elephant Man",
      "target": "Bounty Killer",
      "colab_count": 1
    },
    {
      "source": "Elephant Man",
      "target": "Capleton",
      "colab_count": 1
    },
    {
      "source": "Elephant Man",
      "target": "Harry Toddler",
      "colab_count": 1
    },
    {
      "source": "Elephant Man",
      "target": "Lexxus",
      "colab_count": 1
    },
    {
      "source": "Elephant Man",
      "target": "Mad Cobra",
      "colab_count": 1
    },
    {
      "source": "Elephant Man",
      "target": "Mr. Vegas",
      "colab_count": 1
    },
    {
      "source": "Elephant Man",
      "target": "Shabba Ranks",
      "colab_count": 1
    },
    {
      "source": "Elephant Man",
      "target": "Ward 21",
      "colab_count": 1
    },
    {
      "source": "Elephant Man",
      "target": "Wayne Marshall",
      "colab_count": 1
    },
    {
      "source": "Elton John",
      "target": "Alexander Hanson",
      "colab_count": 1
    },
    {
      "source": "Elton John",
      "target": "Anders Soldh",
      "colab_count": 1
    },
    {
      "source": "Eminem",
      "target": "Dr. Dre",
      "colab_count": 1
    },
    {
      "source": "Eminem",
      "target": "Nate Dogg",
      "colab_count": 1
    },
    {
      "source": "Eminem",
      "target": "Snoop Dogg",
      "colab_count": 1
    },
    {
      "source": "Eminem",
      "target": "Xzibit",
      "colab_count": 1
    },
    {
      "source": "George Frideric Handel",
      "target": "Academy of Ancient Music",
      "colab_count": 1
    },
    {
      "source": "George Frideric Handel",
      "target": "Cecilia Bartoli",
      "colab_count": 1
    },
    {
      "source": "George Frideric Handel",
      "target": "Christopher Hogwood",
      "colab_count": 1
    },
    {
      "source": "Ghostface Killah",
      "target": "Cappadonna",
      "colab_count": 1
    },
    {
      "source": "Ghostface Killah",
      "target": "GZA",
      "colab_count": 1
    },
    {
      "source": "Ghostface Killah",
      "target": "Masta Killa",
      "colab_count": 1
    },
    {
      "source": "Ghostface Killah",
      "target": "Raekwon",
      "colab_count": 1
    },
    {
      "source": "Greyboy",
      "target": "Paul Nice",
      "colab_count": 1
    },
    {
      "source": "Greyboy",
      "target": "Quantic",
      "colab_count": 1
    },
    {
      "source": "Greyboy",
      "target": "Sharon Jones",
      "colab_count": 1
    },
    {
      "source": "Hans Zimmer",
      "target": "Gavin Greenaway",
      "colab_count": 1
    },
    {
      "source": "Hans Zimmer",
      "target": "Lisa Gerrard",
      "colab_count": 1
    },
    {
      "source": "Hans Zimmer",
      "target": "The Lyndhurst Orchestra",
      "colab_count": 1
    },
    {
      "source": "Ice Cube",
      "target": "Gangsta",
      "colab_count": 1
    },
    {
      "source": "Ice Cube",
      "target": "Jayo Felony",
      "colab_count": 1
    },
    {
      "source": "Ice Cube",
      "target": "Squeak Ru",
      "colab_count": 1
    },
    {
      "source": "JAY-Z",
      "target": "Beanie Sigel",
      "colab_count": 2
    },
    {
      "source": "JAY-Z",
      "target": "Freeway",
      "colab_count": 1
    },
    {
      "source": "JAY-Z",
      "target": "Lil' Mo",
      "colab_count": 1
    },
    {
      "source": "JAY-Z",
      "target": "Memphis Bleek",
      "colab_count": 2
    },
    {
      "source": "Jodi Benson",
      "target": "Clancy Brown",
      "colab_count": 1
    },
    {
      "source": "Jodi Benson",
      "target": "Kay E Kuter",
      "colab_count": 1
    },
    {
      "source": "Jodi Benson",
      "target": "Rob Paulsen",
      "colab_count": 1
    },
    {
      "source": "Jodi Benson",
      "target": "Samuel E. Wright",
      "colab_count": 1
    },
    {
      "source": "Johann Sebastian Bach",
      "target": "Gerald Hambitzer",
      "colab_count": 1
    },
    {
      "source": "Johann Sebastian Bach",
      "target": "Helmut Muller-Bruhl",
      "colab_count": 8
    },
    {
      "source": "Johann Sebastian Bach",
      "target": "Karl Kaiser",
      "colab_count": 1
    },
    {
      "source": "Johann Sebastian Bach",
      "target": "Kolja Blacher",
      "colab_count": 2
    },
    {
      "source": "Johann Sebastian Bach",
      "target": "Kolner Kammerorchester",
      "colab_count": 8
    },
    {
      "source": "Johann Sebastian Bach",
      "target": "Michael Behringer",
      "colab_count": 2
    },
    {
      "source": "Johann Sebastian Bach",
      "target": "Robert Hill",
      "colab_count": 4
    },
    {
      "source": "Klaus Badelt",
      "target": "Gavin Greenaway",
      "colab_count": 1
    },
    {
      "source": "Klaus Badelt",
      "target": "Lisa Gerrard",
      "colab_count": 1
    },
    {
      "source": "Klaus Badelt",
      "target": "The Lyndhurst Orchestra",
      "colab_count": 1
    },
    {
      "source": "Kumar Sanu",
      "target": "Alka Yagnik",
      "colab_count": 1
    },
    {
      "source": "Kumar Sanu",
      "target": "Kavita Krishnamurthy",
      "colab_count": 1
    },
    {
      "source": "Kumar Sanu",
      "target": "Udit Narayan",
      "colab_count": 1
    },
    {
      "source": "Lata Mangeshkar",
      "target": "Ishaan",
      "colab_count": 1
    },
    {
      "source": "Lata Mangeshkar",
      "target": "Manohar Shetty",
      "colab_count": 1
    },
    {
      "source": "Lata Mangeshkar",
      "target": "Pritha Mazumdar",
      "colab_count": 1
    },
    {
      "source": "Lata Mangeshkar",
      "target": "Shah Rukh Khan",
      "colab_count": 1
    },
    {
      "source": "Lata Mangeshkar",
      "target": "Shweta Pandit",
      "colab_count": 1
    },
    {
      "source": "Lata Mangeshkar",
      "target": "Sonali Bhatawdekar",
      "colab_count": 1
    },
    {
      "source": "Lata Mangeshkar",
      "target": "Udbhav",
      "colab_count": 1
    },
    {
      "source": "Lata Mangeshkar",
      "target": "Udit Narayan",
      "colab_count": 1
    },
    {
      "source": "Leroy Anderson",
      "target": "Luciano Pavarotti",
      "colab_count": 1
    },
    {
      "source": "Leroy Anderson",
      "target": "Steven Mercurio",
      "colab_count": 1
    },
    {
      "source": "Leroy Anderson",
      "target": "Wiener Symphoniker",
      "colab_count": 1
    },
    {
      "source": "Lil Jon",
      "target": "Eastside Boyz",
      "colab_count": 1
    },
    {
      "source": "Lil Jon",
      "target": "Three 6 Mafia",
      "colab_count": 1
    },
    {
      "source": "Lil Jon",
      "target": "Youngbloodz",
      "colab_count": 1
    },
    {
      "source": "Limp Bizkit",
      "target": "DMX",
      "colab_count": 1
    },
    {
      "source": "Limp Bizkit",
      "target": "Method Man",
      "colab_count": 1
    },
    {
      "source": "Limp Bizkit",
      "target": "Redman",
      "colab_count": 1
    },
    {
      "source": "Lisa Gerrard",
      "target": "Gavin Greenaway",
      "colab_count": 2
    },
    {
      "source": "Lisa Gerrard",
      "target": "Hans Zimmer",
      "colab_count": 2
    },
    {
      "source": "Lisa Gerrard",
      "target": "Klaus Badelt",
      "colab_count": 2
    },
    {
      "source": "Lisa Gerrard",
      "target": "The Lyndhurst Orchestra",
      "colab_count": 2
    },
    {
      "source": "Ludacris",
      "target": "Foxy Brown",
      "colab_count": 1
    },
    {
      "source": "Ludacris",
      "target": "Shawnna",
      "colab_count": 1
    },
    {
      "source": "Ludacris",
      "target": "Trina",
      "colab_count": 1
    },
    {
      "source": "M.O.P.",
      "target": "Busta Rhymes",
      "colab_count": 1
    },
    {
      "source": "M.O.P.",
      "target": "Remi Martin",
      "colab_count": 1
    },
    {
      "source": "M.O.P.",
      "target": "Teflon",
      "colab_count": 1
    },
    {
      "source": "Mariah Carey",
      "target": "Clue",
      "colab_count": 1
    },
    {
      "source": "Mariah Carey",
      "target": "Joe",
      "colab_count": 1
    },
    {
      "source": "Mariah Carey",
      "target": "Nas",
      "colab_count": 1
    },
    {
      "source": "Mariah Carey",
      "target": "Supa Engineer \"Duro\"",
      "colab_count": 1
    },
    {
      "source": "Memphis Bleek",
      "target": "JAY-Z",
      "colab_count": 1
    },
    {
      "source": "Memphis Bleek",
      "target": "Missy Elliott",
      "colab_count": 1
    },
    {
      "source": "Memphis Bleek",
      "target": "Twista",
      "colab_count": 1
    },
    {
      "source": "Olov Helge",
      "target": "Alan Menken",
      "colab_count": 2
    },
    {
      "source": "Olov Helge",
      "target": "Alexander Hanson",
      "colab_count": 1
    },
    {
      "source": "Olov Helge",
      "target": "Hans Ek",
      "colab_count": 1
    },
    {
      "source": "OutKast",
      "target": "C-Bone",
      "colab_count": 1
    },
    {
      "source": "OutKast",
      "target": "Slimm Calhoun",
      "colab_count": 1
    },
    {
      "source": "OutKast",
      "target": "TMO",
      "colab_count": 1
    },
    {
      "source": "Phil Collins",
      "target": "Alexander Hanson",
      "colab_count": 2
    },
    {
      "source": "Phil Collins",
      "target": "Anders Soldh",
      "colab_count": 2
    },
    {
      "source": "Ruff Ryders",
      "target": "Jadakiss",
      "colab_count": 1
    },
    {
      "source": "Ruff Ryders",
      "target": "Scarface",
      "colab_count": 1
    },
    {
      "source": "Ruff Ryders",
      "target": "Snoop Dogg",
      "colab_count": 1
    },
    {
      "source": "Ruff Ryders",
      "target": "Yung Wun",
      "colab_count": 1
    },
    {
      "source": "Snoop Dogg",
      "target": "Butch Cassidy",
      "colab_count": 1
    },
    {
      "source": "Snoop Dogg",
      "target": "Master P",
      "colab_count": 1
    },
    {
      "source": "Snoop Dogg",
      "target": "Nate Dogg",
      "colab_count": 1
    },
    {
      "source": "Snoop Dogg",
      "target": "Tha Eastsidaz",
      "colab_count": 1
    },
    {
      "source": "Terry Gilkyson",
      "target": "Alexander Hanson",
      "colab_count": 1
    },
    {
      "source": "Terry Gilkyson",
      "target": "Anders Soldh",
      "colab_count": 1
    },
    {
      "source": "Trick Daddy",
      "target": "Co of Tre +6",
      "colab_count": 2
    },
    {
      "source": "Trick Daddy",
      "target": "Duece Poppito",
      "colab_count": 1
    },
    {
      "source": "Trick Daddy",
      "target": "Duece Poppito of 24 Karatz",
      "colab_count": 1
    },
    {
      "source": "Trick Daddy",
      "target": "Trina",
      "colab_count": 2
    },
    {
      "source": "Wolfgang Amadeus Mozart",
      "target": "Capella Brugensis",
      "colab_count": 1
    },
    {
      "source": "Wolfgang Amadeus Mozart",
      "target": "Collegium Instrumentale Brugense",
      "colab_count": 1
    },
    {
      "source": "Wolfgang Amadeus Mozart",
      "target": "Greta de Reyghere",
      "colab_count": 1
    },
    {
      "source": "Wolfgang Amadeus Mozart",
      "target": "Henryk Szeryng",
      "colab_count": 1
    },
    {
      "source": "Wolfgang Amadeus Mozart",
      "target": "Jan van der Crabben",
      "colab_count": 1
    },
    {
      "source": "Wolfgang Amadeus Mozart",
      "target": "Marijke van Arnhem",
      "colab_count": 1
    },
    {
      "source": "Wolfgang Amadeus Mozart",
      "target": "Natalie Dessay",
      "colab_count": 1
    },
    {
      "source": "Wolfgang Amadeus Mozart",
      "target": "New Philharmonia Orchestra",
      "colab_count": 1
    },
    {
      "source": "Wolfgang Amadeus Mozart",
      "target": "Orchestra of the Age of Enlightenment",
      "colab_count": 1
    },
    {
      "source": "Wolfgang Amadeus Mozart",
      "target": "Patrick Peire",
      "colab_count": 1
    },
    {
      "source": "Wolfgang Amadeus Mozart",
      "target": "Renaat Deckers",
      "colab_count": 1
    },
    {
      "source": "Wolfgang Amadeus Mozart",
      "target": "Sir Alexander Gibson",
      "colab_count": 1
    },
    {
      "source": "Xzibit",
      "target": "Erick Sermon",
      "colab_count": 1
    },
    {
      "source": "Xzibit",
      "target": "J. Ro",
      "colab_count": 1
    },
    {
      "source": "Xzibit",
      "target": "Tash",
      "colab_count": 1
    }
  ]
}